----- Building -----
-- Failed to find LLVM FileCheck
-- Google Benchmark version: v1.9.4, normalized to 1.9.4
-- Performing Test HAVE_STD_REGEX -- success
-- Performing Test HAVE_GNU_POSIX_REGEX -- failed to compile
-- Performing Test HAVE_POSIX_REGEX -- success
-- Performing Test HAVE_STEADY_CLOCK -- success
-- Performing Test HAVE_PTHREAD_AFFINITY -- failed to compile
-- Looking for Google Test sources
-- Looking for Google Test sources in /home/babras/lab-01-4sp4-2025-13/build/_deps/googlebenchmark-src/googletest
-- Did not find Google Test sources! Fetching from web...
-- Configuring done (0.1s)
-- Generating done (0.0s)
-- Build files have been written to: /home/babras/lab-01-4sp4-2025-13/build/_deps/googlebenchmark-build/third_party/googletest
[ 11%] Performing update step for 'googletest'
[ 22%] No patch step for 'googletest'
[ 33%] No configure step for 'googletest'
[ 44%] No build step for 'googletest'
[ 55%] No install step for 'googletest'
[ 66%] No test step for 'googletest'
[ 77%] Completed 'googletest'
[100%] Built target googletest
-- Configuring done (0.8s)
-- Generating done (1.7s)
-- Build files have been written to: /home/babras/lab-01-4sp4-2025-13/build
[  1%] Built target gtest
[  8%] Built target gmock
[ 17%] Built target benchmark
[ 19%] Built target gmock_main
[ 20%] Built target benchmark_main
[ 22%] Built target spec_arg_test
[ 30%] Built target benchmark_setup_teardown_test
[ 30%] Built target benchmark_test
[ 32%] Built target filter_test
[ 32%] Built target lab01
[ 32%] Built target spec_arg_verbosity_test
[ 32%] Built target output_test_helper
[ 33%] Built target benchmark_min_time_flag_time_test
[ 36%] Built target benchmark_min_time_flag_iters_test
[ 36%] Built target options_test
[ 42%] Built target basic_test
[ 42%] Built target fixture_test
[ 43%] Built target skip_with_error_test
[ 46%] Built target register_benchmark_test
[ 47%] Built target donotoptimize_test
[ 47%] Built target diagnostics_test
[ 50%] Built target map_test
[ 53%] Built target args_product_test
[ 53%] Built target multiple_ranges_test
[ 55%] Built target link_main_test
[ 56%] Built target reporter_output_test
[ 58%] Built target templated_fixture_test
[ 59%] Built target templated_fixture_method_test
[ 62%] Built target perf_counters_test
[ 62%] Built target user_counters_test
[ 63%] Built target manual_threading_test
[ 64%] Built target internal_threading_test
[ 67%] Built target display_aggregates_only_test
[ 67%] Built target report_aggregates_only_test
[ 70%] Built target user_counters_tabular_test
[ 72%] Built target profiler_manager_test
[ 72%] Built target user_counters_thousands_test
[ 73%] Built target memory_manager_test
[ 77%] Built target profiler_manager_iterations_test
[ 77%] Built target complexity_test
[ 79%] Built target benchmark_gtest
[ 83%] Built target benchmark_name_gtest
[ 83%] Built target benchmark_random_interleaving_gtest
[ 84%] Built target statistics_gtest
[ 84%] Built target commandlineflags_gtest
[ 87%] Built target string_util_gtest
[ 88%] Built target time_unit_gtest
[ 88%] Built target perf_counters_gtest
[ 91%] Built target min_time_parse_gtest
[ 92%] Built target profiler_manager_gtest
[ 92%] Built target benchmark_setup_teardown_cb_types_gtest
[ 95%] Built target memory_results_gtest
[100%] Built target repetitions_test
[100%] Built target cxx11_test
[100%] Built target sort_test
make: *** No targets specified and no makefile found.  Stop.
---- Running ----
2025-09-27T22:53:53-04:00
Running /home/babras/lab-01-4sp4-2025-13/build/lab01
Run on (20 X 5300 MHz CPU s)
CPU Caches:
  L1 Data 48 KiB (x20)
  L1 Instruction 64 KiB (x20)
  L2 Unified 3072 KiB (x20)
  L3 Unified 30720 KiB (x1)
Load Average: 0.08, 0.48, 0.59
***WARNING*** CPU scaling is enabled, the benchmark real time measurements may be noisy and will incur extra overhead.
-------------------------------------------------------------------------------------------------------------------
Benchmark                                                         Time             CPU   Iterations UserCounters...
-------------------------------------------------------------------------------------------------------------------
BM_SORT_STD/4/1/iterations:1/repeats:50                        6.53 us         5.54 us            1 L1-dcache-loads=104 items_per_second=721.891k/s
BM_SORT_STD/4/1/iterations:1/repeats:50                       0.944 us        0.904 us            1 L1-dcache-loads=101 items_per_second=4.42478M/s
BM_SORT_STD/4/1/iterations:1/repeats:50                       0.999 us        0.981 us            1 L1-dcache-loads=106 items_per_second=4.07747M/s
BM_SORT_STD/4/1/iterations:1/repeats:50                       0.841 us        0.837 us            1 L1-dcache-loads=103 items_per_second=4.77897M/s
BM_SORT_STD/4/1/iterations:1/repeats:50                       0.773 us        0.828 us            1 L1-dcache-loads=104 items_per_second=4.83092M/s
BM_SORT_STD/4/1/iterations:1/repeats:50                       0.866 us        0.827 us            1 L1-dcache-loads=101 items_per_second=4.83676M/s
BM_SORT_STD/4/1/iterations:1/repeats:50                       0.811 us        0.807 us            1 L1-dcache-loads=101 items_per_second=4.95663M/s
BM_SORT_STD/4/1/iterations:1/repeats:50                       0.779 us        0.776 us            1 L1-dcache-loads=102 items_per_second=5.15464M/s
BM_SORT_STD/4/1/iterations:1/repeats:50                       0.757 us        0.756 us            1 L1-dcache-loads=104 items_per_second=5.29101M/s
BM_SORT_STD/4/1/iterations:1/repeats:50                       0.834 us        0.834 us            1 L1-dcache-loads=102 items_per_second=4.79616M/s
BM_SORT_STD/4/1/iterations:1/repeats:50                       0.444 us        0.436 us            1 L1-dcache-loads=101 items_per_second=9.17431M/s
BM_SORT_STD/4/1/iterations:1/repeats:50                       0.330 us        0.354 us            1 L1-dcache-loads=103 items_per_second=11.2994M/s
BM_SORT_STD/4/1/iterations:1/repeats:50                       0.382 us        0.383 us            1 L1-dcache-loads=103 items_per_second=10.4439M/s
BM_SORT_STD/4/1/iterations:1/repeats:50                       0.416 us        0.417 us            1 L1-dcache-loads=104 items_per_second=9.59233M/s
BM_SORT_STD/4/1/iterations:1/repeats:50                       0.368 us        0.353 us            1 L1-dcache-loads=105 items_per_second=11.3314M/s
BM_SORT_STD/4/1/iterations:1/repeats:50                       0.350 us        0.350 us            1 L1-dcache-loads=104 items_per_second=11.4286M/s
BM_SORT_STD/4/1/iterations:1/repeats:50                       0.354 us        0.356 us            1 L1-dcache-loads=102 items_per_second=11.236M/s
BM_SORT_STD/4/1/iterations:1/repeats:50                       0.440 us        0.431 us            1 L1-dcache-loads=107 items_per_second=9.28074M/s
BM_SORT_STD/4/1/iterations:1/repeats:50                       0.360 us        0.360 us            1 L1-dcache-loads=102 items_per_second=11.1111M/s
BM_SORT_STD/4/1/iterations:1/repeats:50                       0.354 us        0.345 us            1 L1-dcache-loads=107 items_per_second=11.5942M/s
BM_SORT_STD/4/1/iterations:1/repeats:50                       0.367 us        0.365 us            1 L1-dcache-loads=104 items_per_second=10.9589M/s
BM_SORT_STD/4/1/iterations:1/repeats:50                       0.371 us        0.371 us            1 L1-dcache-loads=102 items_per_second=10.7817M/s
BM_SORT_STD/4/1/iterations:1/repeats:50                       0.361 us        0.371 us            1 L1-dcache-loads=104 items_per_second=10.7817M/s
BM_SORT_STD/4/1/iterations:1/repeats:50                       0.346 us        0.353 us            1 L1-dcache-loads=105 items_per_second=11.3314M/s
BM_SORT_STD/4/1/iterations:1/repeats:50                       0.350 us        0.351 us            1 L1-dcache-loads=107 items_per_second=11.396M/s
BM_SORT_STD/4/1/iterations:1/repeats:50                       0.352 us        0.349 us            1 L1-dcache-loads=101 items_per_second=11.4613M/s
BM_SORT_STD/4/1/iterations:1/repeats:50                       0.362 us        0.362 us            1 L1-dcache-loads=101 items_per_second=11.0497M/s
BM_SORT_STD/4/1/iterations:1/repeats:50                       0.346 us        0.346 us            1 L1-dcache-loads=103 items_per_second=11.5607M/s
BM_SORT_STD/4/1/iterations:1/repeats:50                       0.370 us        0.370 us            1 L1-dcache-loads=104 items_per_second=10.8108M/s
BM_SORT_STD/4/1/iterations:1/repeats:50                       0.369 us        0.369 us            1 L1-dcache-loads=105 items_per_second=10.8401M/s
BM_SORT_STD/4/1/iterations:1/repeats:50                       0.358 us        0.368 us            1 L1-dcache-loads=104 items_per_second=10.8696M/s
BM_SORT_STD/4/1/iterations:1/repeats:50                       0.340 us        0.348 us            1 L1-dcache-loads=103 items_per_second=11.4943M/s
BM_SORT_STD/4/1/iterations:1/repeats:50                       0.324 us        0.324 us            1 L1-dcache-loads=101 items_per_second=12.3457M/s
BM_SORT_STD/4/1/iterations:1/repeats:50                       0.389 us        0.382 us            1 L1-dcache-loads=103 items_per_second=10.4712M/s
BM_SORT_STD/4/1/iterations:1/repeats:50                       0.350 us        0.340 us            1 L1-dcache-loads=107 items_per_second=11.7647M/s
BM_SORT_STD/4/1/iterations:1/repeats:50                       0.334 us        0.348 us            1 L1-dcache-loads=104 items_per_second=11.4943M/s
BM_SORT_STD/4/1/iterations:1/repeats:50                       0.383 us        0.366 us            1 L1-dcache-loads=106 items_per_second=10.929M/s
BM_SORT_STD/4/1/iterations:1/repeats:50                       0.367 us        0.367 us            1 L1-dcache-loads=104 items_per_second=10.8992M/s
BM_SORT_STD/4/1/iterations:1/repeats:50                       0.382 us        0.381 us            1 L1-dcache-loads=106 items_per_second=10.4987M/s
BM_SORT_STD/4/1/iterations:1/repeats:50                       0.349 us        0.358 us            1 L1-dcache-loads=103 items_per_second=11.1732M/s
BM_SORT_STD/4/1/iterations:1/repeats:50                       0.350 us        0.342 us            1 L1-dcache-loads=102 items_per_second=11.6959M/s
BM_SORT_STD/4/1/iterations:1/repeats:50                       0.357 us        0.356 us            1 L1-dcache-loads=106 items_per_second=11.236M/s
BM_SORT_STD/4/1/iterations:1/repeats:50                       0.363 us        0.362 us            1 L1-dcache-loads=103 items_per_second=11.0497M/s
BM_SORT_STD/4/1/iterations:1/repeats:50                       0.365 us        0.361 us            1 L1-dcache-loads=103 items_per_second=11.0803M/s
BM_SORT_STD/4/1/iterations:1/repeats:50                       0.362 us        0.364 us            1 L1-dcache-loads=102 items_per_second=10.989M/s
BM_SORT_STD/4/1/iterations:1/repeats:50                       0.354 us        0.355 us            1 L1-dcache-loads=102 items_per_second=11.2676M/s
BM_SORT_STD/4/1/iterations:1/repeats:50                       0.346 us        0.346 us            1 L1-dcache-loads=104 items_per_second=11.5607M/s
BM_SORT_STD/4/1/iterations:1/repeats:50                       0.344 us        0.353 us            1 L1-dcache-loads=105 items_per_second=11.3314M/s
BM_SORT_STD/4/1/iterations:1/repeats:50                       0.366 us        0.367 us            1 L1-dcache-loads=104 items_per_second=10.8992M/s
BM_SORT_STD/4/1/iterations:1/repeats:50                       0.380 us        0.381 us            1 L1-dcache-loads=101 items_per_second=10.4987M/s
BM_SORT_STD/4/1/iterations:1/repeats:50_mean                  0.574 us        0.553 us           50 L1-dcache-loads=103.5 items_per_second=9.69764M/s
BM_SORT_STD/4/1/iterations:1/repeats:50_median                0.366 us        0.366 us           50 L1-dcache-loads=103.5 items_per_second=10.9439M/s
BM_SORT_STD/4/1/iterations:1/repeats:50_stddev                0.880 us        0.744 us           50 L1-dcache-loads=1.78714 items_per_second=2.79805M/s
BM_SORT_STD/4/1/iterations:1/repeats:50_cv                   153.38 %        134.47 %            50 L1-dcache-loads=1.73% items_per_second=28.85%
BM_SORT_STD/8/1/iterations:1/repeats:50                        2.46 us         2.08 us            1 L1-dcache-loads=127 items_per_second=3.84061M/s
BM_SORT_STD/8/1/iterations:1/repeats:50                       0.463 us        0.459 us            1 L1-dcache-loads=123 items_per_second=17.4292M/s
BM_SORT_STD/8/1/iterations:1/repeats:50                       0.417 us        0.405 us            1 L1-dcache-loads=127 items_per_second=19.7531M/s
BM_SORT_STD/8/1/iterations:1/repeats:50                       0.401 us        0.401 us            1 L1-dcache-loads=128 items_per_second=19.9501M/s
BM_SORT_STD/8/1/iterations:1/repeats:50                       0.415 us        0.413 us            1 L1-dcache-loads=129 items_per_second=19.3705M/s
BM_SORT_STD/8/1/iterations:1/repeats:50                       0.435 us        0.437 us            1 L1-dcache-loads=124 items_per_second=18.3066M/s
BM_SORT_STD/8/1/iterations:1/repeats:50                       0.422 us        0.420 us            1 L1-dcache-loads=122 items_per_second=19.0476M/s
BM_SORT_STD/8/1/iterations:1/repeats:50                       0.418 us        0.428 us            1 L1-dcache-loads=120 items_per_second=18.6916M/s
BM_SORT_STD/8/1/iterations:1/repeats:50                       0.420 us        0.419 us            1 L1-dcache-loads=119 items_per_second=19.0931M/s
BM_SORT_STD/8/1/iterations:1/repeats:50                       0.420 us        0.411 us            1 L1-dcache-loads=128 items_per_second=19.4647M/s
BM_SORT_STD/8/1/iterations:1/repeats:50                       0.417 us        0.415 us            1 L1-dcache-loads=130 items_per_second=19.2771M/s
BM_SORT_STD/8/1/iterations:1/repeats:50                       0.401 us        0.400 us            1 L1-dcache-loads=124 items_per_second=20M/s
BM_SORT_STD/8/1/iterations:1/repeats:50                       0.384 us        0.384 us            1 L1-dcache-loads=124 items_per_second=20.8333M/s
BM_SORT_STD/8/1/iterations:1/repeats:50                       0.393 us        0.393 us            1 L1-dcache-loads=124 items_per_second=20.3562M/s
BM_SORT_STD/8/1/iterations:1/repeats:50                       0.408 us        0.408 us            1 L1-dcache-loads=119 items_per_second=19.6078M/s
BM_SORT_STD/8/1/iterations:1/repeats:50                       0.391 us        0.392 us            1 L1-dcache-loads=126 items_per_second=20.4082M/s
BM_SORT_STD/8/1/iterations:1/repeats:50                       0.389 us        0.388 us            1 L1-dcache-loads=126 items_per_second=20.6186M/s
BM_SORT_STD/8/1/iterations:1/repeats:50                       0.410 us        0.402 us            1 L1-dcache-loads=128 items_per_second=19.9005M/s
BM_SORT_STD/8/1/iterations:1/repeats:50                       0.398 us        0.391 us            1 L1-dcache-loads=128 items_per_second=20.4604M/s
BM_SORT_STD/8/1/iterations:1/repeats:50                       0.433 us        0.434 us            1 L1-dcache-loads=130 items_per_second=18.4332M/s
BM_SORT_STD/8/1/iterations:1/repeats:50                       0.384 us        0.385 us            1 L1-dcache-loads=122 items_per_second=20.7792M/s
BM_SORT_STD/8/1/iterations:1/repeats:50                       0.402 us        0.405 us            1 L1-dcache-loads=123 items_per_second=19.7531M/s
BM_SORT_STD/8/1/iterations:1/repeats:50                       0.393 us        0.383 us            1 L1-dcache-loads=126 items_per_second=20.8877M/s
BM_SORT_STD/8/1/iterations:1/repeats:50                       0.413 us        0.413 us            1 L1-dcache-loads=128 items_per_second=19.3705M/s
BM_SORT_STD/8/1/iterations:1/repeats:50                       0.373 us        0.371 us            1 L1-dcache-loads=125 items_per_second=21.5633M/s
BM_SORT_STD/8/1/iterations:1/repeats:50                       0.375 us        0.374 us            1 L1-dcache-loads=125 items_per_second=21.3904M/s
BM_SORT_STD/8/1/iterations:1/repeats:50                       0.385 us        0.385 us            1 L1-dcache-loads=125 items_per_second=20.7792M/s
BM_SORT_STD/8/1/iterations:1/repeats:50                       0.365 us        0.371 us            1 L1-dcache-loads=123 items_per_second=21.5633M/s
BM_SORT_STD/8/1/iterations:1/repeats:50                       0.398 us        0.406 us            1 L1-dcache-loads=122 items_per_second=19.7044M/s
BM_SORT_STD/8/1/iterations:1/repeats:50                       0.395 us        0.394 us            1 L1-dcache-loads=122 items_per_second=20.3046M/s
BM_SORT_STD/8/1/iterations:1/repeats:50                       0.394 us        0.388 us            1 L1-dcache-loads=125 items_per_second=20.6186M/s
BM_SORT_STD/8/1/iterations:1/repeats:50                       0.380 us        0.379 us            1 L1-dcache-loads=118 items_per_second=21.1082M/s
BM_SORT_STD/8/1/iterations:1/repeats:50                       0.369 us        0.369 us            1 L1-dcache-loads=120 items_per_second=21.6802M/s
BM_SORT_STD/8/1/iterations:1/repeats:50                       0.484 us        0.466 us            1 L1-dcache-loads=126 items_per_second=17.1674M/s
BM_SORT_STD/8/1/iterations:1/repeats:50                       0.401 us        0.400 us            1 L1-dcache-loads=131 items_per_second=20M/s
BM_SORT_STD/8/1/iterations:1/repeats:50                       0.374 us        0.383 us            1 L1-dcache-loads=125 items_per_second=20.8877M/s
BM_SORT_STD/8/1/iterations:1/repeats:50                       0.406 us        0.409 us            1 L1-dcache-loads=122 items_per_second=19.5599M/s
BM_SORT_STD/8/1/iterations:1/repeats:50                       0.389 us        0.390 us            1 L1-dcache-loads=123 items_per_second=20.5128M/s
BM_SORT_STD/8/1/iterations:1/repeats:50                       0.401 us        0.403 us            1 L1-dcache-loads=122 items_per_second=19.8511M/s
BM_SORT_STD/8/1/iterations:1/repeats:50                       0.390 us        0.389 us            1 L1-dcache-loads=124 items_per_second=20.5656M/s
BM_SORT_STD/8/1/iterations:1/repeats:50                       0.392 us        0.391 us            1 L1-dcache-loads=122 items_per_second=20.4604M/s
BM_SORT_STD/8/1/iterations:1/repeats:50                       0.377 us        0.376 us            1 L1-dcache-loads=119 items_per_second=21.2766M/s
BM_SORT_STD/8/1/iterations:1/repeats:50                       0.394 us        0.394 us            1 L1-dcache-loads=129 items_per_second=20.3046M/s
BM_SORT_STD/8/1/iterations:1/repeats:50                       0.417 us        0.413 us            1 L1-dcache-loads=125 items_per_second=19.3705M/s
BM_SORT_STD/8/1/iterations:1/repeats:50                       0.404 us        0.414 us            1 L1-dcache-loads=129 items_per_second=19.3237M/s
BM_SORT_STD/8/1/iterations:1/repeats:50                       0.381 us        0.383 us            1 L1-dcache-loads=130 items_per_second=20.8877M/s
BM_SORT_STD/8/1/iterations:1/repeats:50                       0.405 us        0.405 us            1 L1-dcache-loads=121 items_per_second=19.7531M/s
BM_SORT_STD/8/1/iterations:1/repeats:50                       0.345 us        0.338 us            1 L1-dcache-loads=120 items_per_second=23.6686M/s
BM_SORT_STD/8/1/iterations:1/repeats:50                       0.355 us        0.355 us            1 L1-dcache-loads=123 items_per_second=22.5352M/s
BM_SORT_STD/8/1/iterations:1/repeats:50                       0.343 us        0.361 us            1 L1-dcache-loads=124 items_per_second=22.1607M/s
BM_SORT_STD/8/1/iterations:1/repeats:50_mean                  0.440 us        0.432 us           50 L1-dcache-loads=124.5 items_per_second=19.8526M/s
BM_SORT_STD/8/1/iterations:1/repeats:50_median                0.398 us        0.397 us           50 L1-dcache-loads=124 items_per_second=20.1523M/s
BM_SORT_STD/8/1/iterations:1/repeats:50_stddev                0.293 us        0.239 us           50 L1-dcache-loads=3.32124 items_per_second=2.59562M/s
BM_SORT_STD/8/1/iterations:1/repeats:50_cv                    66.55 %         55.50 %            50 L1-dcache-loads=2.67% items_per_second=13.07%
BM_SORT_STD/16/1/iterations:1/repeats:50                      0.583 us        0.568 us            1 L1-dcache-loads=179 items_per_second=28.169M/s
BM_SORT_STD/16/1/iterations:1/repeats:50                      0.437 us        0.446 us            1 L1-dcache-loads=178 items_per_second=35.8744M/s
BM_SORT_STD/16/1/iterations:1/repeats:50                      0.480 us        0.478 us            1 L1-dcache-loads=185 items_per_second=33.4728M/s
BM_SORT_STD/16/1/iterations:1/repeats:50                      0.440 us        0.439 us            1 L1-dcache-loads=183 items_per_second=36.4465M/s
BM_SORT_STD/16/1/iterations:1/repeats:50                      0.446 us        0.461 us            1 L1-dcache-loads=199 items_per_second=34.7072M/s
BM_SORT_STD/16/1/iterations:1/repeats:50                      0.429 us        0.423 us            1 L1-dcache-loads=188 items_per_second=37.8251M/s
BM_SORT_STD/16/1/iterations:1/repeats:50                      0.463 us        0.462 us            1 L1-dcache-loads=184 items_per_second=34.632M/s
BM_SORT_STD/16/1/iterations:1/repeats:50                      0.392 us        0.393 us            1 L1-dcache-loads=186 items_per_second=40.7125M/s
BM_SORT_STD/16/1/iterations:1/repeats:50                      0.443 us        0.435 us            1 L1-dcache-loads=182 items_per_second=36.7816M/s
BM_SORT_STD/16/1/iterations:1/repeats:50                      0.481 us        0.470 us            1 L1-dcache-loads=206 items_per_second=34.0426M/s
BM_SORT_STD/16/1/iterations:1/repeats:50                      0.421 us        0.420 us            1 L1-dcache-loads=185 items_per_second=38.0952M/s
BM_SORT_STD/16/1/iterations:1/repeats:50                      0.422 us        0.421 us            1 L1-dcache-loads=180 items_per_second=38.0048M/s
BM_SORT_STD/16/1/iterations:1/repeats:50                      0.425 us        0.431 us            1 L1-dcache-loads=188 items_per_second=37.123M/s
BM_SORT_STD/16/1/iterations:1/repeats:50                      0.438 us        0.439 us            1 L1-dcache-loads=194 items_per_second=36.4465M/s
BM_SORT_STD/16/1/iterations:1/repeats:50                      0.442 us        0.441 us            1 L1-dcache-loads=195 items_per_second=36.2812M/s
BM_SORT_STD/16/1/iterations:1/repeats:50                      0.434 us        0.434 us            1 L1-dcache-loads=194 items_per_second=36.8664M/s
BM_SORT_STD/16/1/iterations:1/repeats:50                      0.441 us        0.440 us            1 L1-dcache-loads=187 items_per_second=36.3636M/s
BM_SORT_STD/16/1/iterations:1/repeats:50                      0.435 us        0.435 us            1 L1-dcache-loads=187 items_per_second=36.7816M/s
BM_SORT_STD/16/1/iterations:1/repeats:50                      0.452 us        0.449 us            1 L1-dcache-loads=181 items_per_second=35.6347M/s
BM_SORT_STD/16/1/iterations:1/repeats:50                      0.419 us        0.417 us            1 L1-dcache-loads=176 items_per_second=38.3693M/s
BM_SORT_STD/16/1/iterations:1/repeats:50                      0.418 us        0.426 us            1 L1-dcache-loads=189 items_per_second=37.5587M/s
BM_SORT_STD/16/1/iterations:1/repeats:50                      0.442 us        0.450 us            1 L1-dcache-loads=175 items_per_second=35.5556M/s
BM_SORT_STD/16/1/iterations:1/repeats:50                      0.404 us        0.404 us            1 L1-dcache-loads=192 items_per_second=39.604M/s
BM_SORT_STD/16/1/iterations:1/repeats:50                      0.424 us        0.424 us            1 L1-dcache-loads=174 items_per_second=37.7358M/s
BM_SORT_STD/16/1/iterations:1/repeats:50                      0.387 us        0.387 us            1 L1-dcache-loads=167 items_per_second=41.3437M/s
BM_SORT_STD/16/1/iterations:1/repeats:50                      0.407 us        0.421 us            1 L1-dcache-loads=198 items_per_second=38.0048M/s
BM_SORT_STD/16/1/iterations:1/repeats:50                      0.427 us        0.428 us            1 L1-dcache-loads=194 items_per_second=37.3832M/s
BM_SORT_STD/16/1/iterations:1/repeats:50                      0.379 us        0.397 us            1 L1-dcache-loads=175 items_per_second=40.3023M/s
BM_SORT_STD/16/1/iterations:1/repeats:50                      0.415 us        0.414 us            1 L1-dcache-loads=190 items_per_second=38.6473M/s
BM_SORT_STD/16/1/iterations:1/repeats:50                      0.425 us        0.434 us            1 L1-dcache-loads=183 items_per_second=36.8664M/s
BM_SORT_STD/16/1/iterations:1/repeats:50                      0.431 us        0.432 us            1 L1-dcache-loads=188 items_per_second=37.037M/s
BM_SORT_STD/16/1/iterations:1/repeats:50                      0.430 us        0.430 us            1 L1-dcache-loads=195 items_per_second=37.2093M/s
BM_SORT_STD/16/1/iterations:1/repeats:50                      0.445 us        0.444 us            1 L1-dcache-loads=194 items_per_second=36.036M/s
BM_SORT_STD/16/1/iterations:1/repeats:50                      0.531 us        0.517 us            1 L1-dcache-loads=196 items_per_second=30.9478M/s
BM_SORT_STD/16/1/iterations:1/repeats:50                      0.449 us        0.449 us            1 L1-dcache-loads=191 items_per_second=35.6347M/s
BM_SORT_STD/16/1/iterations:1/repeats:50                      0.442 us        0.453 us            1 L1-dcache-loads=198 items_per_second=35.3201M/s
BM_SORT_STD/16/1/iterations:1/repeats:50                      0.411 us        0.412 us            1 L1-dcache-loads=187 items_per_second=38.835M/s
BM_SORT_STD/16/1/iterations:1/repeats:50                      0.405 us        0.405 us            1 L1-dcache-loads=188 items_per_second=39.5062M/s
BM_SORT_STD/16/1/iterations:1/repeats:50                      0.411 us        0.410 us            1 L1-dcache-loads=178 items_per_second=39.0244M/s
BM_SORT_STD/16/1/iterations:1/repeats:50                      0.430 us        0.431 us            1 L1-dcache-loads=192 items_per_second=37.123M/s
BM_SORT_STD/16/1/iterations:1/repeats:50                      0.449 us        0.448 us            1 L1-dcache-loads=188 items_per_second=35.7143M/s
BM_SORT_STD/16/1/iterations:1/repeats:50                      0.439 us        0.438 us            1 L1-dcache-loads=174 items_per_second=36.5297M/s
BM_SORT_STD/16/1/iterations:1/repeats:50                      0.486 us        0.485 us            1 L1-dcache-loads=213 items_per_second=32.9897M/s
BM_SORT_STD/16/1/iterations:1/repeats:50                      0.445 us        0.444 us            1 L1-dcache-loads=175 items_per_second=36.036M/s
BM_SORT_STD/16/1/iterations:1/repeats:50                      0.439 us        0.440 us            1 L1-dcache-loads=209 items_per_second=36.3636M/s
BM_SORT_STD/16/1/iterations:1/repeats:50                      0.430 us        0.430 us            1 L1-dcache-loads=179 items_per_second=37.2093M/s
BM_SORT_STD/16/1/iterations:1/repeats:50                      0.431 us        0.427 us            1 L1-dcache-loads=173 items_per_second=37.4707M/s
BM_SORT_STD/16/1/iterations:1/repeats:50                      0.400 us        0.398 us            1 L1-dcache-loads=195 items_per_second=40.201M/s
BM_SORT_STD/16/1/iterations:1/repeats:50                      0.403 us        0.404 us            1 L1-dcache-loads=175 items_per_second=39.604M/s
BM_SORT_STD/16/1/iterations:1/repeats:50                      0.394 us        0.397 us            1 L1-dcache-loads=180 items_per_second=40.3023M/s
BM_SORT_STD/16/1/iterations:1/repeats:50_mean                 0.435 us        0.436 us           50 L1-dcache-loads=186.84 items_per_second=36.8945M/s
BM_SORT_STD/16/1/iterations:1/repeats:50_median               0.431 us        0.433 us           50 L1-dcache-loads=187 items_per_second=36.9517M/s
BM_SORT_STD/16/1/iterations:1/repeats:50_stddev               0.034 us        0.031 us           50 L1-dcache-loads=9.67716 items_per_second=2.38936M/s
BM_SORT_STD/16/1/iterations:1/repeats:50_cv                    7.83 %          7.12 %            50 L1-dcache-loads=5.18% items_per_second=6.48%
BM_SORT_STD/32/1/iterations:1/repeats:50                       1.06 us         1.04 us            1 L1-dcache-loads=363 items_per_second=30.6807M/s
BM_SORT_STD/32/1/iterations:1/repeats:50                      0.845 us        0.842 us            1 L1-dcache-loads=359 items_per_second=38.0048M/s
BM_SORT_STD/32/1/iterations:1/repeats:50                      0.743 us        0.737 us            1 L1-dcache-loads=344 items_per_second=43.4193M/s
BM_SORT_STD/32/1/iterations:1/repeats:50                      0.784 us        0.776 us            1 L1-dcache-loads=363 items_per_second=41.2371M/s
BM_SORT_STD/32/1/iterations:1/repeats:50                      0.779 us        0.779 us            1 L1-dcache-loads=343 items_per_second=41.0783M/s
BM_SORT_STD/32/1/iterations:1/repeats:50                      0.759 us        0.760 us            1 L1-dcache-loads=343 items_per_second=42.1053M/s
BM_SORT_STD/32/1/iterations:1/repeats:50                      0.736 us        0.719 us            1 L1-dcache-loads=352 items_per_second=44.5063M/s
BM_SORT_STD/32/1/iterations:1/repeats:50                      0.715 us        0.715 us            1 L1-dcache-loads=350 items_per_second=44.7552M/s
BM_SORT_STD/32/1/iterations:1/repeats:50                      0.769 us        0.769 us            1 L1-dcache-loads=353 items_per_second=41.6125M/s
BM_SORT_STD/32/1/iterations:1/repeats:50                      0.725 us        0.724 us            1 L1-dcache-loads=316 items_per_second=44.1989M/s
BM_SORT_STD/32/1/iterations:1/repeats:50                      0.676 us        0.677 us            1 L1-dcache-loads=338 items_per_second=47.2674M/s
BM_SORT_STD/32/1/iterations:1/repeats:50                      0.671 us        0.670 us            1 L1-dcache-loads=335 items_per_second=47.7612M/s
BM_SORT_STD/32/1/iterations:1/repeats:50                      0.707 us        0.701 us            1 L1-dcache-loads=336 items_per_second=45.6491M/s
BM_SORT_STD/32/1/iterations:1/repeats:50                      0.671 us        0.672 us            1 L1-dcache-loads=337 items_per_second=47.619M/s
BM_SORT_STD/32/1/iterations:1/repeats:50                      0.634 us        0.633 us            1 L1-dcache-loads=311 items_per_second=50.5529M/s
BM_SORT_STD/32/1/iterations:1/repeats:50                      0.727 us        0.725 us            1 L1-dcache-loads=348 items_per_second=44.1379M/s
BM_SORT_STD/32/1/iterations:1/repeats:50                      0.699 us        0.699 us            1 L1-dcache-loads=387 items_per_second=45.7797M/s
BM_SORT_STD/32/1/iterations:1/repeats:50                      0.751 us        0.749 us            1 L1-dcache-loads=341 items_per_second=42.7236M/s
BM_SORT_STD/32/1/iterations:1/repeats:50                      0.695 us        0.689 us            1 L1-dcache-loads=323 items_per_second=46.4441M/s
BM_SORT_STD/32/1/iterations:1/repeats:50                      0.698 us        0.695 us            1 L1-dcache-loads=332 items_per_second=46.0432M/s
BM_SORT_STD/32/1/iterations:1/repeats:50                      0.755 us        0.756 us            1 L1-dcache-loads=349 items_per_second=42.328M/s
BM_SORT_STD/32/1/iterations:1/repeats:50                      0.705 us        0.704 us            1 L1-dcache-loads=383 items_per_second=45.4545M/s
BM_SORT_STD/32/1/iterations:1/repeats:50                      0.675 us        0.674 us            1 L1-dcache-loads=363 items_per_second=47.4777M/s
BM_SORT_STD/32/1/iterations:1/repeats:50                      0.747 us        0.747 us            1 L1-dcache-loads=347 items_per_second=42.838M/s
BM_SORT_STD/32/1/iterations:1/repeats:50                      0.678 us        0.677 us            1 L1-dcache-loads=328 items_per_second=47.2674M/s
BM_SORT_STD/32/1/iterations:1/repeats:50                      0.696 us        0.690 us            1 L1-dcache-loads=331 items_per_second=46.3768M/s
BM_SORT_STD/32/1/iterations:1/repeats:50                      0.673 us        0.673 us            1 L1-dcache-loads=347 items_per_second=47.5483M/s
BM_SORT_STD/32/1/iterations:1/repeats:50                      0.671 us        0.670 us            1 L1-dcache-loads=331 items_per_second=47.7612M/s
BM_SORT_STD/32/1/iterations:1/repeats:50                      0.691 us        0.693 us            1 L1-dcache-loads=350 items_per_second=46.176M/s
BM_SORT_STD/32/1/iterations:1/repeats:50                      0.695 us        0.696 us            1 L1-dcache-loads=325 items_per_second=45.977M/s
BM_SORT_STD/32/1/iterations:1/repeats:50                      0.671 us        0.671 us            1 L1-dcache-loads=328 items_per_second=47.69M/s
BM_SORT_STD/32/1/iterations:1/repeats:50                      0.688 us        0.687 us            1 L1-dcache-loads=358 items_per_second=46.5793M/s
BM_SORT_STD/32/1/iterations:1/repeats:50                      0.724 us        0.720 us            1 L1-dcache-loads=338 items_per_second=44.4444M/s
BM_SORT_STD/32/1/iterations:1/repeats:50                      0.797 us        0.787 us            1 L1-dcache-loads=399 items_per_second=40.6607M/s
BM_SORT_STD/32/1/iterations:1/repeats:50                      0.733 us        0.733 us            1 L1-dcache-loads=345 items_per_second=43.6562M/s
BM_SORT_STD/32/1/iterations:1/repeats:50                      0.656 us        0.663 us            1 L1-dcache-loads=317 items_per_second=48.2655M/s
BM_SORT_STD/32/1/iterations:1/repeats:50                      0.682 us        0.683 us            1 L1-dcache-loads=335 items_per_second=46.8521M/s
BM_SORT_STD/32/1/iterations:1/repeats:50                      0.762 us        0.762 us            1 L1-dcache-loads=326 items_per_second=41.9948M/s
BM_SORT_STD/32/1/iterations:1/repeats:50                      0.700 us        0.700 us            1 L1-dcache-loads=340 items_per_second=45.7143M/s
BM_SORT_STD/32/1/iterations:1/repeats:50                      0.710 us        0.713 us            1 L1-dcache-loads=349 items_per_second=44.8808M/s
BM_SORT_STD/32/1/iterations:1/repeats:50                      0.725 us        0.726 us            1 L1-dcache-loads=317 items_per_second=44.0771M/s
BM_SORT_STD/32/1/iterations:1/repeats:50                      0.726 us        0.726 us            1 L1-dcache-loads=345 items_per_second=44.0771M/s
BM_SORT_STD/32/1/iterations:1/repeats:50                      0.659 us        0.657 us            1 L1-dcache-loads=344 items_per_second=48.7062M/s
BM_SORT_STD/32/1/iterations:1/repeats:50                      0.674 us        0.672 us            1 L1-dcache-loads=319 items_per_second=47.619M/s
BM_SORT_STD/32/1/iterations:1/repeats:50                      0.736 us        0.735 us            1 L1-dcache-loads=340 items_per_second=43.5374M/s
BM_SORT_STD/32/1/iterations:1/repeats:50                      0.728 us        0.727 us            1 L1-dcache-loads=328 items_per_second=44.0165M/s
BM_SORT_STD/32/1/iterations:1/repeats:50                      0.825 us        0.823 us            1 L1-dcache-loads=404 items_per_second=38.8821M/s
BM_SORT_STD/32/1/iterations:1/repeats:50                      0.736 us        0.736 us            1 L1-dcache-loads=337 items_per_second=43.4783M/s
BM_SORT_STD/32/1/iterations:1/repeats:50                      0.692 us        0.701 us            1 L1-dcache-loads=330 items_per_second=45.6491M/s
BM_SORT_STD/32/1/iterations:1/repeats:50                      0.743 us        0.742 us            1 L1-dcache-loads=336 items_per_second=43.1267M/s
BM_SORT_STD/32/1/iterations:1/repeats:50_mean                 0.724 us        0.722 us           50 L1-dcache-loads=343.26 items_per_second=44.5738M/s
BM_SORT_STD/32/1/iterations:1/repeats:50_median               0.712 us        0.714 us           50 L1-dcache-loads=340.5 items_per_second=44.818M/s
BM_SORT_STD/32/1/iterations:1/repeats:50_stddev               0.065 us        0.063 us           50 L1-dcache-loads=19.5905 items_per_second=3.26819M/s
BM_SORT_STD/32/1/iterations:1/repeats:50_cv                    8.97 %          8.71 %            50 L1-dcache-loads=5.71% items_per_second=7.33%
BM_SORT_STD/64/1/iterations:1/repeats:50                       1.47 us         1.46 us            1 L1-dcache-loads=717 items_per_second=43.8356M/s
BM_SORT_STD/64/1/iterations:1/repeats:50                       1.26 us         1.26 us            1 L1-dcache-loads=646 items_per_second=50.5929M/s
BM_SORT_STD/64/1/iterations:1/repeats:50                       1.29 us         1.29 us            1 L1-dcache-loads=714 items_per_second=49.6894M/s
BM_SORT_STD/64/1/iterations:1/repeats:50                       1.26 us         1.26 us            1 L1-dcache-loads=646 items_per_second=50.9554M/s
BM_SORT_STD/64/1/iterations:1/repeats:50                       1.11 us         1.11 us            1 L1-dcache-loads=691 items_per_second=57.7617M/s
BM_SORT_STD/64/1/iterations:1/repeats:50                       1.24 us         1.24 us            1 L1-dcache-loads=674 items_per_second=51.7799M/s
BM_SORT_STD/64/1/iterations:1/repeats:50                       1.29 us         1.28 us            1 L1-dcache-loads=756 items_per_second=49.8831M/s
BM_SORT_STD/64/1/iterations:1/repeats:50                       1.26 us         1.26 us            1 L1-dcache-loads=685 items_per_second=50.9554M/s
BM_SORT_STD/64/1/iterations:1/repeats:50                       1.28 us         1.28 us            1 L1-dcache-loads=647 items_per_second=50.1175M/s
BM_SORT_STD/64/1/iterations:1/repeats:50                       1.28 us         1.27 us            1 L1-dcache-loads=704 items_per_second=50.513M/s
BM_SORT_STD/64/1/iterations:1/repeats:50                       1.17 us         1.17 us            1 L1-dcache-loads=706 items_per_second=54.7476M/s
BM_SORT_STD/64/1/iterations:1/repeats:50                       1.08 us         1.08 us            1 L1-dcache-loads=717 items_per_second=59.1497M/s
BM_SORT_STD/64/1/iterations:1/repeats:50                       1.26 us         1.25 us            1 L1-dcache-loads=669 items_per_second=50.996M/s
BM_SORT_STD/64/1/iterations:1/repeats:50                       1.29 us         1.30 us            1 L1-dcache-loads=745 items_per_second=49.2308M/s
BM_SORT_STD/64/1/iterations:1/repeats:50                       1.24 us         1.24 us            1 L1-dcache-loads=698 items_per_second=51.5298M/s
BM_SORT_STD/64/1/iterations:1/repeats:50                       1.21 us         1.21 us            1 L1-dcache-loads=704 items_per_second=52.9801M/s
BM_SORT_STD/64/1/iterations:1/repeats:50                       1.36 us         1.35 us            1 L1-dcache-loads=719 items_per_second=47.2325M/s
BM_SORT_STD/64/1/iterations:1/repeats:50                       1.30 us         1.29 us            1 L1-dcache-loads=663 items_per_second=49.7667M/s
BM_SORT_STD/64/1/iterations:1/repeats:50                       1.34 us         1.33 us            1 L1-dcache-loads=668 items_per_second=48.1203M/s
BM_SORT_STD/64/1/iterations:1/repeats:50                       1.27 us         1.27 us            1 L1-dcache-loads=686 items_per_second=50.3541M/s
BM_SORT_STD/64/1/iterations:1/repeats:50                       1.20 us         1.19 us            1 L1-dcache-loads=662 items_per_second=53.5565M/s
BM_SORT_STD/64/1/iterations:1/repeats:50                       1.20 us         1.21 us            1 L1-dcache-loads=678 items_per_second=53.068M/s
BM_SORT_STD/64/1/iterations:1/repeats:50                       1.15 us         1.15 us            1 L1-dcache-loads=631 items_per_second=55.6522M/s
BM_SORT_STD/64/1/iterations:1/repeats:50                       1.15 us         1.15 us            1 L1-dcache-loads=685 items_per_second=55.7977M/s
BM_SORT_STD/64/1/iterations:1/repeats:50                       1.19 us         1.19 us            1 L1-dcache-loads=627 items_per_second=53.8721M/s
BM_SORT_STD/64/1/iterations:1/repeats:50                       1.19 us         1.19 us            1 L1-dcache-loads=699 items_per_second=53.9174M/s
BM_SORT_STD/64/1/iterations:1/repeats:50                       1.20 us         1.21 us            1 L1-dcache-loads=691 items_per_second=52.8489M/s
BM_SORT_STD/64/1/iterations:1/repeats:50                       1.21 us         1.22 us            1 L1-dcache-loads=663 items_per_second=52.6749M/s
BM_SORT_STD/64/1/iterations:1/repeats:50                       1.30 us         1.30 us            1 L1-dcache-loads=697 items_per_second=49.1174M/s
BM_SORT_STD/64/1/iterations:1/repeats:50                       1.30 us         1.30 us            1 L1-dcache-loads=651 items_per_second=49.0798M/s
BM_SORT_STD/64/1/iterations:1/repeats:50                       1.18 us         1.18 us            1 L1-dcache-loads=651 items_per_second=54.3294M/s
BM_SORT_STD/64/1/iterations:1/repeats:50                       1.21 us         1.21 us            1 L1-dcache-loads=653 items_per_second=52.8926M/s
BM_SORT_STD/64/1/iterations:1/repeats:50                       1.17 us         1.17 us            1 L1-dcache-loads=662 items_per_second=54.5145M/s
BM_SORT_STD/64/1/iterations:1/repeats:50                       1.37 us         1.36 us            1 L1-dcache-loads=703 items_per_second=47.1629M/s
BM_SORT_STD/64/1/iterations:1/repeats:50                       1.29 us         1.30 us            1 L1-dcache-loads=690 items_per_second=49.2687M/s
BM_SORT_STD/64/1/iterations:1/repeats:50                       1.20 us         1.20 us            1 L1-dcache-loads=693 items_per_second=53.2446M/s
BM_SORT_STD/64/1/iterations:1/repeats:50                       1.19 us         1.19 us            1 L1-dcache-loads=697 items_per_second=53.9174M/s
BM_SORT_STD/64/1/iterations:1/repeats:50                       1.30 us         1.30 us            1 L1-dcache-loads=712 items_per_second=49.3066M/s
BM_SORT_STD/64/1/iterations:1/repeats:50                       1.28 us         1.28 us            1 L1-dcache-loads=679 items_per_second=50.1567M/s
BM_SORT_STD/64/1/iterations:1/repeats:50                       1.31 us         1.31 us            1 L1-dcache-loads=695 items_per_second=48.6692M/s
BM_SORT_STD/64/1/iterations:1/repeats:50                       1.23 us         1.23 us            1 L1-dcache-loads=695 items_per_second=52.0749M/s
BM_SORT_STD/64/1/iterations:1/repeats:50                       1.20 us         1.20 us            1 L1-dcache-loads=679 items_per_second=53.467M/s
BM_SORT_STD/64/1/iterations:1/repeats:50                       1.14 us         1.14 us            1 L1-dcache-loads=680 items_per_second=56.042M/s
BM_SORT_STD/64/1/iterations:1/repeats:50                       1.17 us         1.17 us            1 L1-dcache-loads=683 items_per_second=54.4681M/s
BM_SORT_STD/64/1/iterations:1/repeats:50                       1.20 us         1.20 us            1 L1-dcache-loads=656 items_per_second=53.467M/s
BM_SORT_STD/64/1/iterations:1/repeats:50                       1.32 us         1.32 us            1 L1-dcache-loads=723 items_per_second=48.4848M/s
BM_SORT_STD/64/1/iterations:1/repeats:50                       1.20 us         1.20 us            1 L1-dcache-loads=666 items_per_second=53.3333M/s
BM_SORT_STD/64/1/iterations:1/repeats:50                       1.20 us         1.20 us            1 L1-dcache-loads=674 items_per_second=53.4224M/s
BM_SORT_STD/64/1/iterations:1/repeats:50                       1.22 us         1.21 us            1 L1-dcache-loads=699 items_per_second=52.8053M/s
BM_SORT_STD/64/1/iterations:1/repeats:50                       1.18 us         1.19 us            1 L1-dcache-loads=739 items_per_second=53.9629M/s
BM_SORT_STD/64/1/iterations:1/repeats:50_mean                  1.24 us         1.24 us           50 L1-dcache-loads=685.36 items_per_second=51.8953M/s
BM_SORT_STD/64/1/iterations:1/repeats:50_median                1.22 us         1.22 us           50 L1-dcache-loads=685.5 items_per_second=52.3749M/s
BM_SORT_STD/64/1/iterations:1/repeats:50_stddev               0.072 us        0.070 us           50 L1-dcache-loads=28.1155 items_per_second=2.88341M/s
BM_SORT_STD/64/1/iterations:1/repeats:50_cv                    5.78 %          5.65 %            50 L1-dcache-loads=4.10% items_per_second=5.56%
BM_SORT_STD/128/1/iterations:1/repeats:50                      2.69 us         2.68 us            1 L1-dcache-loads=1.409k items_per_second=47.69M/s
BM_SORT_STD/128/1/iterations:1/repeats:50                      2.53 us         2.53 us            1 L1-dcache-loads=1.41k items_per_second=50.673M/s
BM_SORT_STD/128/1/iterations:1/repeats:50                      2.54 us         2.54 us            1 L1-dcache-loads=1.454k items_per_second=50.4533M/s
BM_SORT_STD/128/1/iterations:1/repeats:50                      2.50 us         2.49 us            1 L1-dcache-loads=1.505k items_per_second=51.3232M/s
BM_SORT_STD/128/1/iterations:1/repeats:50                      2.64 us         2.64 us            1 L1-dcache-loads=1.508k items_per_second=48.4848M/s
BM_SORT_STD/128/1/iterations:1/repeats:50                      2.42 us         2.42 us            1 L1-dcache-loads=1.407k items_per_second=52.9144M/s
BM_SORT_STD/128/1/iterations:1/repeats:50                      2.52 us         2.52 us            1 L1-dcache-loads=1.493k items_per_second=50.7534M/s
BM_SORT_STD/128/1/iterations:1/repeats:50                      2.42 us         2.42 us            1 L1-dcache-loads=1.475k items_per_second=52.8707M/s
BM_SORT_STD/128/1/iterations:1/repeats:50                      2.56 us         2.57 us            1 L1-dcache-loads=1.482k items_per_second=49.8637M/s
BM_SORT_STD/128/1/iterations:1/repeats:50                      2.56 us         2.55 us            1 L1-dcache-loads=1.481k items_per_second=50.1567M/s
BM_SORT_STD/128/1/iterations:1/repeats:50                      2.47 us         2.47 us            1 L1-dcache-loads=1.47k items_per_second=51.7799M/s
BM_SORT_STD/128/1/iterations:1/repeats:50                      2.41 us         2.41 us            1 L1-dcache-loads=1.364k items_per_second=53.09M/s
BM_SORT_STD/128/1/iterations:1/repeats:50                      2.37 us         2.36 us            1 L1-dcache-loads=1.485k items_per_second=54.1226M/s
BM_SORT_STD/128/1/iterations:1/repeats:50                      2.66 us         2.66 us            1 L1-dcache-loads=1.415k items_per_second=48.0661M/s
BM_SORT_STD/128/1/iterations:1/repeats:50                      2.46 us         2.46 us            1 L1-dcache-loads=1.474k items_per_second=52.0325M/s
BM_SORT_STD/128/1/iterations:1/repeats:50                      2.56 us         2.56 us            1 L1-dcache-loads=1.439k items_per_second=50.0782M/s
BM_SORT_STD/128/1/iterations:1/repeats:50                      2.53 us         2.53 us            1 L1-dcache-loads=1.463k items_per_second=50.4931M/s
BM_SORT_STD/128/1/iterations:1/repeats:50                      2.47 us         2.46 us            1 L1-dcache-loads=1.433k items_per_second=52.0325M/s
BM_SORT_STD/128/1/iterations:1/repeats:50                      2.44 us         2.44 us            1 L1-dcache-loads=1.456k items_per_second=52.3946M/s
BM_SORT_STD/128/1/iterations:1/repeats:50                      2.36 us         2.37 us            1 L1-dcache-loads=1.45k items_per_second=54.1226M/s
BM_SORT_STD/128/1/iterations:1/repeats:50                      2.39 us         2.39 us            1 L1-dcache-loads=1.429k items_per_second=53.6463M/s
BM_SORT_STD/128/1/iterations:1/repeats:50                      2.48 us         2.48 us            1 L1-dcache-loads=1.466k items_per_second=51.6963M/s
BM_SORT_STD/128/1/iterations:1/repeats:50                      2.35 us         2.35 us            1 L1-dcache-loads=1.479k items_per_second=54.561M/s
BM_SORT_STD/128/1/iterations:1/repeats:50                      2.58 us         2.58 us            1 L1-dcache-loads=1.466k items_per_second=49.6702M/s
BM_SORT_STD/128/1/iterations:1/repeats:50                      2.36 us         2.36 us            1 L1-dcache-loads=1.442k items_per_second=54.2603M/s
BM_SORT_STD/128/1/iterations:1/repeats:50                      2.65 us         2.65 us            1 L1-dcache-loads=1.48k items_per_second=48.3201M/s
BM_SORT_STD/128/1/iterations:1/repeats:50                      2.38 us         2.38 us            1 L1-dcache-loads=1.441k items_per_second=53.8041M/s
BM_SORT_STD/128/1/iterations:1/repeats:50                      2.68 us         2.68 us            1 L1-dcache-loads=1.482k items_per_second=47.7256M/s
BM_SORT_STD/128/1/iterations:1/repeats:50                      2.58 us         2.60 us            1 L1-dcache-loads=1.491k items_per_second=49.2876M/s
BM_SORT_STD/128/1/iterations:1/repeats:50                      2.50 us         2.50 us            1 L1-dcache-loads=1.457k items_per_second=51.1795M/s
BM_SORT_STD/128/1/iterations:1/repeats:50                      2.38 us         2.39 us            1 L1-dcache-loads=1.409k items_per_second=53.6688M/s
BM_SORT_STD/128/1/iterations:1/repeats:50                      2.47 us         2.47 us            1 L1-dcache-loads=1.403k items_per_second=51.927M/s
BM_SORT_STD/128/1/iterations:1/repeats:50                      2.53 us         2.53 us            1 L1-dcache-loads=1.539k items_per_second=50.5929M/s
BM_SORT_STD/128/1/iterations:1/repeats:50                      2.55 us         2.54 us            1 L1-dcache-loads=1.428k items_per_second=50.3145M/s
BM_SORT_STD/128/1/iterations:1/repeats:50                      2.46 us         2.46 us            1 L1-dcache-loads=1.442k items_per_second=52.0537M/s
BM_SORT_STD/128/1/iterations:1/repeats:50                      2.34 us         2.35 us            1 L1-dcache-loads=1.401k items_per_second=54.4913M/s
BM_SORT_STD/128/1/iterations:1/repeats:50                      2.56 us         2.56 us            1 L1-dcache-loads=1.434k items_per_second=49.9805M/s
BM_SORT_STD/128/1/iterations:1/repeats:50                      2.45 us         2.45 us            1 L1-dcache-loads=1.522k items_per_second=52.2662M/s
BM_SORT_STD/128/1/iterations:1/repeats:50                      2.37 us         2.37 us            1 L1-dcache-loads=1.518k items_per_second=53.9857M/s
BM_SORT_STD/128/1/iterations:1/repeats:50                      2.56 us         2.56 us            1 L1-dcache-loads=1.486k items_per_second=49.9415M/s
BM_SORT_STD/128/1/iterations:1/repeats:50                      2.37 us         2.36 us            1 L1-dcache-loads=1.424k items_per_second=54.1226M/s
BM_SORT_STD/128/1/iterations:1/repeats:50                      2.38 us         2.38 us            1 L1-dcache-loads=1.489k items_per_second=53.6913M/s
BM_SORT_STD/128/1/iterations:1/repeats:50                      2.45 us         2.45 us            1 L1-dcache-loads=1.45k items_per_second=52.3517M/s
BM_SORT_STD/128/1/iterations:1/repeats:50                      2.40 us         2.39 us            1 L1-dcache-loads=1.476k items_per_second=53.4447M/s
BM_SORT_STD/128/1/iterations:1/repeats:50                      2.51 us         2.51 us            1 L1-dcache-loads=1.472k items_per_second=51.057M/s
BM_SORT_STD/128/1/iterations:1/repeats:50                      2.34 us         2.34 us            1 L1-dcache-loads=1.459k items_per_second=54.7009M/s
BM_SORT_STD/128/1/iterations:1/repeats:50                      2.46 us         2.45 us            1 L1-dcache-loads=1.534k items_per_second=52.181M/s
BM_SORT_STD/128/1/iterations:1/repeats:50                      2.42 us         2.42 us            1 L1-dcache-loads=1.45k items_per_second=52.8489M/s
BM_SORT_STD/128/1/iterations:1/repeats:50                      2.40 us         2.40 us            1 L1-dcache-loads=1.566k items_per_second=53.3333M/s
BM_SORT_STD/128/1/iterations:1/repeats:50                      2.47 us         2.47 us            1 L1-dcache-loads=1.446k items_per_second=51.8219M/s
BM_SORT_STD/128/1/iterations:1/repeats:50_mean                 2.48 us         2.48 us           50 L1-dcache-loads=1.46108k items_per_second=51.7264M/s
BM_SORT_STD/128/1/iterations:1/repeats:50_median               2.47 us         2.46 us           50 L1-dcache-loads=1.461k items_per_second=51.9797M/s
BM_SORT_STD/128/1/iterations:1/repeats:50_stddev              0.095 us        0.094 us           50 L1-dcache-loads=39.634 items_per_second=1.93899M/s
BM_SORT_STD/128/1/iterations:1/repeats:50_cv                   3.81 %          3.81 %            50 L1-dcache-loads=2.71% items_per_second=3.75%
BM_SORT_STD/256/1/iterations:1/repeats:50                      5.48 us         5.47 us            1 L1-dcache-loads=3.062k items_per_second=46.8264M/s
BM_SORT_STD/256/1/iterations:1/repeats:50                      5.15 us         5.15 us            1 L1-dcache-loads=3.021k items_per_second=49.6991M/s
BM_SORT_STD/256/1/iterations:1/repeats:50                      5.19 us         5.19 us            1 L1-dcache-loads=3.394k items_per_second=49.3446M/s
BM_SORT_STD/256/1/iterations:1/repeats:50                      5.21 us         5.20 us            1 L1-dcache-loads=3.236k items_per_second=49.2024M/s
BM_SORT_STD/256/1/iterations:1/repeats:50                      5.22 us         5.22 us            1 L1-dcache-loads=3.278k items_per_second=49.0892M/s
BM_SORT_STD/256/1/iterations:1/repeats:50                      5.00 us         5.00 us            1 L1-dcache-loads=3.405k items_per_second=51.2307M/s
BM_SORT_STD/256/1/iterations:1/repeats:50                      5.18 us         5.18 us            1 L1-dcache-loads=3.434k items_per_second=49.459M/s
BM_SORT_STD/256/1/iterations:1/repeats:50                      5.23 us         5.23 us            1 L1-dcache-loads=3.138k items_per_second=48.9858M/s
BM_SORT_STD/256/1/iterations:1/repeats:50                      5.00 us         5.00 us            1 L1-dcache-loads=3.272k items_per_second=51.1489M/s
BM_SORT_STD/256/1/iterations:1/repeats:50                      5.16 us         5.16 us            1 L1-dcache-loads=3.214k items_per_second=49.6509M/s
BM_SORT_STD/256/1/iterations:1/repeats:50                      4.84 us         4.84 us            1 L1-dcache-loads=3.275k items_per_second=52.838M/s
BM_SORT_STD/256/1/iterations:1/repeats:50                      5.21 us         5.21 us            1 L1-dcache-loads=3.097k items_per_second=49.1363M/s
BM_SORT_STD/256/1/iterations:1/repeats:50                      5.13 us         5.15 us            1 L1-dcache-loads=3.208k items_per_second=49.6894M/s
BM_SORT_STD/256/1/iterations:1/repeats:50                      5.01 us         5.02 us            1 L1-dcache-loads=3.202k items_per_second=50.996M/s
BM_SORT_STD/256/1/iterations:1/repeats:50                      4.89 us         4.89 us            1 L1-dcache-loads=3.182k items_per_second=52.3196M/s
BM_SORT_STD/256/1/iterations:1/repeats:50                      5.34 us         5.34 us            1 L1-dcache-loads=3.233k items_per_second=47.9491M/s
BM_SORT_STD/256/1/iterations:1/repeats:50                      4.90 us         4.90 us            1 L1-dcache-loads=2.994k items_per_second=52.2449M/s
BM_SORT_STD/256/1/iterations:1/repeats:50                      5.04 us         5.03 us            1 L1-dcache-loads=3.015k items_per_second=50.8643M/s
BM_SORT_STD/256/1/iterations:1/repeats:50                      5.01 us         5.01 us            1 L1-dcache-loads=3.167k items_per_second=51.1284M/s
BM_SORT_STD/256/1/iterations:1/repeats:50                      5.01 us         5.02 us            1 L1-dcache-loads=3.401k items_per_second=50.996M/s
BM_SORT_STD/256/1/iterations:1/repeats:50                      5.22 us         5.22 us            1 L1-dcache-loads=3.173k items_per_second=49.0515M/s
BM_SORT_STD/256/1/iterations:1/repeats:50                      4.85 us         4.85 us            1 L1-dcache-loads=3.104k items_per_second=52.7726M/s
BM_SORT_STD/256/1/iterations:1/repeats:50                      5.12 us         5.12 us            1 L1-dcache-loads=3.192k items_per_second=50.0391M/s
BM_SORT_STD/256/1/iterations:1/repeats:50                      5.08 us         5.08 us            1 L1-dcache-loads=3.237k items_per_second=50.4135M/s
BM_SORT_STD/256/1/iterations:1/repeats:50                      4.86 us         4.86 us            1 L1-dcache-loads=3.409k items_per_second=52.6641M/s
BM_SORT_STD/256/1/iterations:1/repeats:50                      4.97 us         4.97 us            1 L1-dcache-loads=3.058k items_per_second=51.4676M/s
BM_SORT_STD/256/1/iterations:1/repeats:50                      5.11 us         5.11 us            1 L1-dcache-loads=3.291k items_per_second=50.1469M/s
BM_SORT_STD/256/1/iterations:1/repeats:50                      5.26 us         5.27 us            1 L1-dcache-loads=3.134k items_per_second=48.5676M/s
BM_SORT_STD/256/1/iterations:1/repeats:50                      5.05 us         5.05 us            1 L1-dcache-loads=3.22k items_per_second=50.7031M/s
BM_SORT_STD/256/1/iterations:1/repeats:50                      5.06 us         5.06 us            1 L1-dcache-loads=3.253k items_per_second=50.5429M/s
BM_SORT_STD/256/1/iterations:1/repeats:50                      5.15 us         5.15 us            1 L1-dcache-loads=3.109k items_per_second=49.6605M/s
BM_SORT_STD/256/1/iterations:1/repeats:50                      5.20 us         5.19 us            1 L1-dcache-loads=3.123k items_per_second=49.2782M/s
BM_SORT_STD/256/1/iterations:1/repeats:50                      5.14 us         5.15 us            1 L1-dcache-loads=3.178k items_per_second=49.7087M/s
BM_SORT_STD/256/1/iterations:1/repeats:50                      5.00 us         4.99 us            1 L1-dcache-loads=3.13k items_per_second=51.3026M/s
BM_SORT_STD/256/1/iterations:1/repeats:50                      5.29 us         5.29 us            1 L1-dcache-loads=3.155k items_per_second=48.3932M/s
BM_SORT_STD/256/1/iterations:1/repeats:50                      5.03 us         5.03 us            1 L1-dcache-loads=3.118k items_per_second=50.9351M/s
BM_SORT_STD/256/1/iterations:1/repeats:50                      4.92 us         4.91 us            1 L1-dcache-loads=3.236k items_per_second=52.1067M/s
BM_SORT_STD/256/1/iterations:1/repeats:50                      5.09 us         5.10 us            1 L1-dcache-loads=3.056k items_per_second=50.2453M/s
BM_SORT_STD/256/1/iterations:1/repeats:50                      5.03 us         5.03 us            1 L1-dcache-loads=3.142k items_per_second=50.9048M/s
BM_SORT_STD/256/1/iterations:1/repeats:50                      5.18 us         5.18 us            1 L1-dcache-loads=3.208k items_per_second=49.4399M/s
BM_SORT_STD/256/1/iterations:1/repeats:50                      5.06 us         5.06 us            1 L1-dcache-loads=3.091k items_per_second=50.5629M/s
BM_SORT_STD/256/1/iterations:1/repeats:50                      5.06 us         5.05 us            1 L1-dcache-loads=3.327k items_per_second=50.673M/s
BM_SORT_STD/256/1/iterations:1/repeats:50                      5.02 us         5.03 us            1 L1-dcache-loads=3.157k items_per_second=50.9453M/s
BM_SORT_STD/256/1/iterations:1/repeats:50                      5.13 us         5.13 us            1 L1-dcache-loads=3.366k items_per_second=49.922M/s
BM_SORT_STD/256/1/iterations:1/repeats:50                      6.24 us         6.24 us            1 L1-dcache-loads=3.021k items_per_second=41.0191M/s
BM_SORT_STD/256/1/iterations:1/repeats:50                      4.93 us         4.93 us            1 L1-dcache-loads=3.177k items_per_second=51.9375M/s
BM_SORT_STD/256/1/iterations:1/repeats:50                      4.82 us         4.82 us            1 L1-dcache-loads=3.299k items_per_second=53.101M/s
BM_SORT_STD/256/1/iterations:1/repeats:50                      5.21 us         5.21 us            1 L1-dcache-loads=3.234k items_per_second=49.1551M/s
BM_SORT_STD/256/1/iterations:1/repeats:50                      4.94 us         4.96 us            1 L1-dcache-loads=3.273k items_per_second=51.6025M/s
BM_SORT_STD/256/1/iterations:1/repeats:50                      4.94 us         4.94 us            1 L1-dcache-loads=3.193k items_per_second=51.8429M/s
BM_SORT_STD/256/1/iterations:1/repeats:50_mean                 5.10 us         5.10 us           50 L1-dcache-loads=3.19784k items_per_second=50.2381M/s
BM_SORT_STD/256/1/iterations:1/repeats:50_median               5.07 us         5.07 us           50 L1-dcache-loads=3.1925k items_per_second=50.4782M/s
BM_SORT_STD/256/1/iterations:1/repeats:50_stddev              0.213 us        0.213 us           50 L1-dcache-loads=109.631 items_per_second=1.89403M/s
BM_SORT_STD/256/1/iterations:1/repeats:50_cv                   4.18 %          4.18 %            50 L1-dcache-loads=3.43% items_per_second=3.77%
BM_SORT_STD/512/1/iterations:1/repeats:50                      12.0 us         12.0 us            1 L1-dcache-loads=6.931k items_per_second=42.7486M/s
BM_SORT_STD/512/1/iterations:1/repeats:50                      12.2 us         12.2 us            1 L1-dcache-loads=7.013k items_per_second=42.0189M/s
BM_SORT_STD/512/1/iterations:1/repeats:50                      12.0 us         12.0 us            1 L1-dcache-loads=6.926k items_per_second=42.838M/s
BM_SORT_STD/512/1/iterations:1/repeats:50                      11.7 us         11.7 us            1 L1-dcache-loads=7.274k items_per_second=43.9296M/s
BM_SORT_STD/512/1/iterations:1/repeats:50                      12.0 us         12.0 us            1 L1-dcache-loads=6.857k items_per_second=42.5284M/s
BM_SORT_STD/512/1/iterations:1/repeats:50                      11.0 us         11.0 us            1 L1-dcache-loads=7.078k items_per_second=46.6685M/s
BM_SORT_STD/512/1/iterations:1/repeats:50                      10.8 us         10.8 us            1 L1-dcache-loads=7.116k items_per_second=47.6013M/s
BM_SORT_STD/512/1/iterations:1/repeats:50                      10.8 us         10.8 us            1 L1-dcache-loads=6.838k items_per_second=47.3942M/s
BM_SORT_STD/512/1/iterations:1/repeats:50                      10.6 us         10.7 us            1 L1-dcache-loads=6.92k items_per_second=48.0706M/s
BM_SORT_STD/512/1/iterations:1/repeats:50                      10.9 us         10.9 us            1 L1-dcache-loads=6.77k items_per_second=47.1585M/s
BM_SORT_STD/512/1/iterations:1/repeats:50                      10.8 us         10.8 us            1 L1-dcache-loads=6.907k items_per_second=47.5218M/s
BM_SORT_STD/512/1/iterations:1/repeats:50                      10.9 us         10.9 us            1 L1-dcache-loads=6.896k items_per_second=46.9036M/s
BM_SORT_STD/512/1/iterations:1/repeats:50                      11.1 us         11.1 us            1 L1-dcache-loads=7.008k items_per_second=46.2094M/s
BM_SORT_STD/512/1/iterations:1/repeats:50                      10.9 us         10.9 us            1 L1-dcache-loads=6.754k items_per_second=46.7879M/s
BM_SORT_STD/512/1/iterations:1/repeats:50                      10.6 us         10.6 us            1 L1-dcache-loads=7.435k items_per_second=48.4757M/s
BM_SORT_STD/512/1/iterations:1/repeats:50                      10.5 us         10.5 us            1 L1-dcache-loads=6.969k items_per_second=48.8084M/s
BM_SORT_STD/512/1/iterations:1/repeats:50                      11.0 us         11.0 us            1 L1-dcache-loads=6.997k items_per_second=46.4821M/s
BM_SORT_STD/512/1/iterations:1/repeats:50                      10.9 us         10.9 us            1 L1-dcache-loads=6.93k items_per_second=46.9897M/s
BM_SORT_STD/512/1/iterations:1/repeats:50                      11.1 us         11.1 us            1 L1-dcache-loads=6.98k items_per_second=45.944M/s
BM_SORT_STD/512/1/iterations:1/repeats:50                      11.0 us         11.0 us            1 L1-dcache-loads=6.813k items_per_second=46.5751M/s
BM_SORT_STD/512/1/iterations:1/repeats:50                      10.8 us         10.8 us            1 L1-dcache-loads=6.951k items_per_second=47.5925M/s
BM_SORT_STD/512/1/iterations:1/repeats:50                      10.7 us         10.7 us            1 L1-dcache-loads=7.032k items_per_second=47.6678M/s
BM_SORT_STD/512/1/iterations:1/repeats:50                      11.0 us         11.0 us            1 L1-dcache-loads=6.964k items_per_second=46.6898M/s
BM_SORT_STD/512/1/iterations:1/repeats:50                      10.9 us         10.9 us            1 L1-dcache-loads=7.014k items_per_second=46.9897M/s
BM_SORT_STD/512/1/iterations:1/repeats:50                      10.9 us         10.9 us            1 L1-dcache-loads=7.334k items_per_second=46.9079M/s
BM_SORT_STD/512/1/iterations:1/repeats:50                      10.9 us         10.9 us            1 L1-dcache-loads=6.944k items_per_second=47.1542M/s
BM_SORT_STD/512/1/iterations:1/repeats:50                      10.9 us         10.9 us            1 L1-dcache-loads=7.192k items_per_second=46.8221M/s
BM_SORT_STD/512/1/iterations:1/repeats:50                      10.3 us         10.3 us            1 L1-dcache-loads=7.031k items_per_second=49.526M/s
BM_SORT_STD/512/1/iterations:1/repeats:50                      11.1 us         11.1 us            1 L1-dcache-loads=6.989k items_per_second=46.0059M/s
BM_SORT_STD/512/1/iterations:1/repeats:50                      10.9 us         10.9 us            1 L1-dcache-loads=7.004k items_per_second=47.1672M/s
BM_SORT_STD/512/1/iterations:1/repeats:50                      10.8 us         10.8 us            1 L1-dcache-loads=6.899k items_per_second=47.566M/s
BM_SORT_STD/512/1/iterations:1/repeats:50                      10.7 us         10.7 us            1 L1-dcache-loads=7.017k items_per_second=48.039M/s
BM_SORT_STD/512/1/iterations:1/repeats:50                      11.1 us         11.1 us            1 L1-dcache-loads=6.978k items_per_second=46.0349M/s
BM_SORT_STD/512/1/iterations:1/repeats:50                      10.9 us         10.9 us            1 L1-dcache-loads=7.026k items_per_second=46.865M/s
BM_SORT_STD/512/1/iterations:1/repeats:50                      10.8 us         10.8 us            1 L1-dcache-loads=7.298k items_per_second=47.3373M/s
BM_SORT_STD/512/1/iterations:1/repeats:50                      11.0 us         11.0 us            1 L1-dcache-loads=6.875k items_per_second=46.5201M/s
BM_SORT_STD/512/1/iterations:1/repeats:50                      10.9 us         10.9 us            1 L1-dcache-loads=7.008k items_per_second=46.8907M/s
BM_SORT_STD/512/1/iterations:1/repeats:50                      10.8 us         10.8 us            1 L1-dcache-loads=6.756k items_per_second=47.4426M/s
BM_SORT_STD/512/1/iterations:1/repeats:50                      10.6 us         10.6 us            1 L1-dcache-loads=6.986k items_per_second=48.4069M/s
BM_SORT_STD/512/1/iterations:1/repeats:50                      10.6 us         10.6 us            1 L1-dcache-loads=7.376k items_per_second=48.3703M/s
BM_SORT_STD/512/1/iterations:1/repeats:50                      11.4 us         11.4 us            1 L1-dcache-loads=7.15k items_per_second=44.9044M/s
BM_SORT_STD/512/1/iterations:1/repeats:50                      11.2 us         11.2 us            1 L1-dcache-loads=7.247k items_per_second=45.911M/s
BM_SORT_STD/512/1/iterations:1/repeats:50                      10.9 us         10.9 us            1 L1-dcache-loads=6.949k items_per_second=46.8478M/s
BM_SORT_STD/512/1/iterations:1/repeats:50                      11.1 us         11.1 us            1 L1-dcache-loads=6.879k items_per_second=46.068M/s
BM_SORT_STD/512/1/iterations:1/repeats:50                      11.0 us         11.0 us            1 L1-dcache-loads=6.903k items_per_second=46.5455M/s
BM_SORT_STD/512/1/iterations:1/repeats:50                      10.8 us         10.8 us            1 L1-dcache-loads=7.181k items_per_second=47.425M/s
BM_SORT_STD/512/1/iterations:1/repeats:50                      11.2 us         11.2 us            1 L1-dcache-loads=6.949k items_per_second=45.6939M/s
BM_SORT_STD/512/1/iterations:1/repeats:50                      10.9 us         10.9 us            1 L1-dcache-loads=6.737k items_per_second=47.0978M/s
BM_SORT_STD/512/1/iterations:1/repeats:50                      10.8 us         10.8 us            1 L1-dcache-loads=7.34k items_per_second=47.513M/s
BM_SORT_STD/512/1/iterations:1/repeats:50                      10.7 us         10.7 us            1 L1-dcache-loads=7.044k items_per_second=47.8952M/s
BM_SORT_STD/512/1/iterations:1/repeats:50_mean                 11.0 us         11.0 us           50 L1-dcache-loads=7.0093k items_per_second=46.671M/s
BM_SORT_STD/512/1/iterations:1/repeats:50_median               10.9 us         10.9 us           50 L1-dcache-loads=6.983k items_per_second=46.9058M/s
BM_SORT_STD/512/1/iterations:1/repeats:50_stddev              0.386 us        0.385 us           50 L1-dcache-loads=164.394 items_per_second=1.55662M/s
BM_SORT_STD/512/1/iterations:1/repeats:50_cv                   3.51 %          3.51 %            50 L1-dcache-loads=2.35% items_per_second=3.34%
BM_SORT_STD/1024/1/iterations:1/repeats:50                     26.3 us         26.3 us            1 L1-dcache-loads=15.723k items_per_second=38.9235M/s
BM_SORT_STD/1024/1/iterations:1/repeats:50                     24.5 us         24.5 us            1 L1-dcache-loads=14.789k items_per_second=41.8489M/s
BM_SORT_STD/1024/1/iterations:1/repeats:50                     23.8 us         23.7 us            1 L1-dcache-loads=15.382k items_per_second=43.1158M/s
BM_SORT_STD/1024/1/iterations:1/repeats:50                     23.7 us         23.6 us            1 L1-dcache-loads=15.576k items_per_second=43.3659M/s
BM_SORT_STD/1024/1/iterations:1/repeats:50                     22.8 us         22.8 us            1 L1-dcache-loads=16.29k items_per_second=44.8769M/s
BM_SORT_STD/1024/1/iterations:1/repeats:50                     24.0 us         24.0 us            1 L1-dcache-loads=15.385k items_per_second=42.6631M/s
BM_SORT_STD/1024/1/iterations:1/repeats:50                     23.4 us         23.4 us            1 L1-dcache-loads=15.585k items_per_second=43.83M/s
BM_SORT_STD/1024/1/iterations:1/repeats:50                     23.3 us         23.3 us            1 L1-dcache-loads=15.61k items_per_second=43.9806M/s
BM_SORT_STD/1024/1/iterations:1/repeats:50                     23.5 us         23.5 us            1 L1-dcache-loads=15.22k items_per_second=43.5171M/s
BM_SORT_STD/1024/1/iterations:1/repeats:50                     23.1 us         23.1 us            1 L1-dcache-loads=15.515k items_per_second=44.3597M/s
BM_SORT_STD/1024/1/iterations:1/repeats:50                     23.4 us         23.4 us            1 L1-dcache-loads=15.4k items_per_second=43.8131M/s
BM_SORT_STD/1024/1/iterations:1/repeats:50                     23.2 us         23.2 us            1 L1-dcache-loads=15.711k items_per_second=44.0771M/s
BM_SORT_STD/1024/1/iterations:1/repeats:50                     23.4 us         23.4 us            1 L1-dcache-loads=15.198k items_per_second=43.6823M/s
BM_SORT_STD/1024/1/iterations:1/repeats:50                     25.0 us         25.0 us            1 L1-dcache-loads=15.226k items_per_second=40.9994M/s
BM_SORT_STD/1024/1/iterations:1/repeats:50                     23.4 us         23.4 us            1 L1-dcache-loads=15.867k items_per_second=43.8112M/s
BM_SORT_STD/1024/1/iterations:1/repeats:50                     24.1 us         24.1 us            1 L1-dcache-loads=14.969k items_per_second=42.4421M/s
BM_SORT_STD/1024/1/iterations:1/repeats:50                     23.9 us         23.9 us            1 L1-dcache-loads=15.964k items_per_second=42.9116M/s
BM_SORT_STD/1024/1/iterations:1/repeats:50                     24.8 us         24.8 us            1 L1-dcache-loads=15.053k items_per_second=41.277M/s
BM_SORT_STD/1024/1/iterations:1/repeats:50                     24.3 us         24.3 us            1 L1-dcache-loads=15.251k items_per_second=42.1087M/s
BM_SORT_STD/1024/1/iterations:1/repeats:50                     23.3 us         23.3 us            1 L1-dcache-loads=16.054k items_per_second=43.8732M/s
BM_SORT_STD/1024/1/iterations:1/repeats:50                     23.5 us         23.5 us            1 L1-dcache-loads=15.373k items_per_second=43.606M/s
BM_SORT_STD/1024/1/iterations:1/repeats:50                     22.6 us         22.6 us            1 L1-dcache-loads=16.011k items_per_second=45.2377M/s
BM_SORT_STD/1024/1/iterations:1/repeats:50                     23.9 us         23.9 us            1 L1-dcache-loads=15.783k items_per_second=42.8201M/s
BM_SORT_STD/1024/1/iterations:1/repeats:50                     23.4 us         23.4 us            1 L1-dcache-loads=15.811k items_per_second=43.7663M/s
BM_SORT_STD/1024/1/iterations:1/repeats:50                     23.5 us         23.5 us            1 L1-dcache-loads=15.556k items_per_second=43.6432M/s
BM_SORT_STD/1024/1/iterations:1/repeats:50                     23.6 us         23.6 us            1 L1-dcache-loads=15.32k items_per_second=43.4451M/s
BM_SORT_STD/1024/1/iterations:1/repeats:50                     23.6 us         23.6 us            1 L1-dcache-loads=15.913k items_per_second=43.4193M/s
BM_SORT_STD/1024/1/iterations:1/repeats:50                     23.7 us         23.7 us            1 L1-dcache-loads=14.989k items_per_second=43.2323M/s
BM_SORT_STD/1024/1/iterations:1/repeats:50                     23.1 us         23.1 us            1 L1-dcache-loads=15.469k items_per_second=44.2639M/s
BM_SORT_STD/1024/1/iterations:1/repeats:50                     23.5 us         23.5 us            1 L1-dcache-loads=15.46k items_per_second=43.4912M/s
BM_SORT_STD/1024/1/iterations:1/repeats:50                     23.4 us         23.4 us            1 L1-dcache-loads=15.396k items_per_second=43.7813M/s
BM_SORT_STD/1024/1/iterations:1/repeats:50                     23.9 us         23.9 us            1 L1-dcache-loads=14.945k items_per_second=42.8649M/s
BM_SORT_STD/1024/1/iterations:1/repeats:50                     23.5 us         23.5 us            1 L1-dcache-loads=15.068k items_per_second=43.6023M/s
BM_SORT_STD/1024/1/iterations:1/repeats:50                     23.6 us         23.6 us            1 L1-dcache-loads=15.017k items_per_second=43.3604M/s
BM_SORT_STD/1024/1/iterations:1/repeats:50                     23.1 us         23.1 us            1 L1-dcache-loads=15.476k items_per_second=44.3982M/s
BM_SORT_STD/1024/1/iterations:1/repeats:50                     23.6 us         23.6 us            1 L1-dcache-loads=15.784k items_per_second=43.4783M/s
BM_SORT_STD/1024/1/iterations:1/repeats:50                     23.9 us         23.9 us            1 L1-dcache-loads=15.335k items_per_second=42.9026M/s
BM_SORT_STD/1024/1/iterations:1/repeats:50                     23.3 us         23.3 us            1 L1-dcache-loads=15.928k items_per_second=43.8675M/s
BM_SORT_STD/1024/1/iterations:1/repeats:50                     23.2 us         23.2 us            1 L1-dcache-loads=15.271k items_per_second=44.2123M/s
BM_SORT_STD/1024/1/iterations:1/repeats:50                     23.6 us         23.6 us            1 L1-dcache-loads=15.206k items_per_second=43.3036M/s
BM_SORT_STD/1024/1/iterations:1/repeats:50                     23.5 us         23.5 us            1 L1-dcache-loads=15.67k items_per_second=43.5578M/s
BM_SORT_STD/1024/1/iterations:1/repeats:50                     23.6 us         23.6 us            1 L1-dcache-loads=15.561k items_per_second=43.4543M/s
BM_SORT_STD/1024/1/iterations:1/repeats:50                     23.7 us         23.7 us            1 L1-dcache-loads=15.319k items_per_second=43.2835M/s
BM_SORT_STD/1024/1/iterations:1/repeats:50                     23.6 us         23.6 us            1 L1-dcache-loads=15.29k items_per_second=43.4266M/s
BM_SORT_STD/1024/1/iterations:1/repeats:50                     24.5 us         24.5 us            1 L1-dcache-loads=15.432k items_per_second=41.8249M/s
BM_SORT_STD/1024/1/iterations:1/repeats:50                     24.3 us         24.3 us            1 L1-dcache-loads=15.629k items_per_second=42.0828M/s
BM_SORT_STD/1024/1/iterations:1/repeats:50                     25.0 us         25.0 us            1 L1-dcache-loads=15.456k items_per_second=40.9846M/s
BM_SORT_STD/1024/1/iterations:1/repeats:50                     25.5 us         25.5 us            1 L1-dcache-loads=16.053k items_per_second=40.1458M/s
BM_SORT_STD/1024/1/iterations:1/repeats:50                     24.3 us         24.3 us            1 L1-dcache-loads=15.936k items_per_second=42.0638M/s
BM_SORT_STD/1024/1/iterations:1/repeats:50                     23.4 us         23.4 us            1 L1-dcache-loads=15.946k items_per_second=43.7009M/s
BM_SORT_STD/1024/1/iterations:1/repeats:50_mean                23.8 us         23.8 us           50 L1-dcache-loads=15.5034k items_per_second=43.134M/s
BM_SORT_STD/1024/1/iterations:1/repeats:50_median              23.6 us         23.6 us           50 L1-dcache-loads=15.4645k items_per_second=43.4497M/s
BM_SORT_STD/1024/1/iterations:1/repeats:50_stddev             0.673 us        0.673 us           50 L1-dcache-loads=339.62 items_per_second=1.17168M/s
BM_SORT_STD/1024/1/iterations:1/repeats:50_cv                  2.83 %          2.83 %            50 L1-dcache-loads=2.19% items_per_second=2.72%
BM_SORT_STD/2048/1/iterations:1/repeats:50                     52.3 us         52.3 us            1 L1-dcache-loads=32.883k items_per_second=39.1932M/s
BM_SORT_STD/2048/1/iterations:1/repeats:50                     50.8 us         50.8 us            1 L1-dcache-loads=34.054k items_per_second=40.3436M/s
BM_SORT_STD/2048/1/iterations:1/repeats:50                     52.3 us         52.3 us            1 L1-dcache-loads=33.429k items_per_second=39.1789M/s
BM_SORT_STD/2048/1/iterations:1/repeats:50                     52.1 us         52.1 us            1 L1-dcache-loads=34.704k items_per_second=39.3332M/s
BM_SORT_STD/2048/1/iterations:1/repeats:50                     52.2 us         52.2 us            1 L1-dcache-loads=33.17k items_per_second=39.2179M/s
BM_SORT_STD/2048/1/iterations:1/repeats:50                     51.5 us         51.5 us            1 L1-dcache-loads=33.539k items_per_second=39.7408M/s
BM_SORT_STD/2048/1/iterations:1/repeats:50                     50.5 us         50.5 us            1 L1-dcache-loads=34.92k items_per_second=40.5866M/s
BM_SORT_STD/2048/1/iterations:1/repeats:50                     52.5 us         52.5 us            1 L1-dcache-loads=33.998k items_per_second=39.0281M/s
BM_SORT_STD/2048/1/iterations:1/repeats:50                     53.2 us         53.2 us            1 L1-dcache-loads=33.953k items_per_second=38.5281M/s
BM_SORT_STD/2048/1/iterations:1/repeats:50                     51.1 us         51.1 us            1 L1-dcache-loads=34.04k items_per_second=40.0595M/s
BM_SORT_STD/2048/1/iterations:1/repeats:50                     52.3 us         52.3 us            1 L1-dcache-loads=33.194k items_per_second=39.1774M/s
BM_SORT_STD/2048/1/iterations:1/repeats:50                     51.2 us         51.2 us            1 L1-dcache-loads=34.711k items_per_second=40.0188M/s
BM_SORT_STD/2048/1/iterations:1/repeats:50                     51.7 us         51.7 us            1 L1-dcache-loads=35.039k items_per_second=39.6346M/s
BM_SORT_STD/2048/1/iterations:1/repeats:50                     51.6 us         51.6 us            1 L1-dcache-loads=34.853k items_per_second=39.7138M/s
BM_SORT_STD/2048/1/iterations:1/repeats:50                     51.2 us         51.1 us            1 L1-dcache-loads=34.104k items_per_second=40.0438M/s
BM_SORT_STD/2048/1/iterations:1/repeats:50                     51.8 us         51.8 us            1 L1-dcache-loads=33.018k items_per_second=39.5695M/s
BM_SORT_STD/2048/1/iterations:1/repeats:50                     51.2 us         51.2 us            1 L1-dcache-loads=34.15k items_per_second=39.9766M/s
BM_SORT_STD/2048/1/iterations:1/repeats:50                     51.0 us         51.0 us            1 L1-dcache-loads=33.701k items_per_second=40.1608M/s
BM_SORT_STD/2048/1/iterations:1/repeats:50                     51.3 us         51.3 us            1 L1-dcache-loads=34.826k items_per_second=39.9454M/s
BM_SORT_STD/2048/1/iterations:1/repeats:50                     52.3 us         52.3 us            1 L1-dcache-loads=33.566k items_per_second=39.155M/s
BM_SORT_STD/2048/1/iterations:1/repeats:50                     53.1 us         53.2 us            1 L1-dcache-loads=33.437k items_per_second=38.5252M/s
BM_SORT_STD/2048/1/iterations:1/repeats:50                     53.7 us         53.7 us            1 L1-dcache-loads=33.738k items_per_second=38.1186M/s
BM_SORT_STD/2048/1/iterations:1/repeats:50                     51.8 us         51.7 us            1 L1-dcache-loads=33.625k items_per_second=39.5772M/s
BM_SORT_STD/2048/1/iterations:1/repeats:50                     51.2 us         51.2 us            1 L1-dcache-loads=33.393k items_per_second=39.9914M/s
BM_SORT_STD/2048/1/iterations:1/repeats:50                     51.2 us         51.2 us            1 L1-dcache-loads=33.62k items_per_second=39.9859M/s
BM_SORT_STD/2048/1/iterations:1/repeats:50                     51.7 us         51.7 us            1 L1-dcache-loads=32.714k items_per_second=39.6147M/s
BM_SORT_STD/2048/1/iterations:1/repeats:50                     52.4 us         52.4 us            1 L1-dcache-loads=33.202k items_per_second=39.1019M/s
BM_SORT_STD/2048/1/iterations:1/repeats:50                     51.4 us         51.4 us            1 L1-dcache-loads=33.227k items_per_second=39.8723M/s
BM_SORT_STD/2048/1/iterations:1/repeats:50                     50.7 us         50.7 us            1 L1-dcache-loads=33.899k items_per_second=40.3595M/s
BM_SORT_STD/2048/1/iterations:1/repeats:50                     51.6 us         51.6 us            1 L1-dcache-loads=34.126k items_per_second=39.7092M/s
BM_SORT_STD/2048/1/iterations:1/repeats:50                     51.3 us         51.3 us            1 L1-dcache-loads=35.066k items_per_second=39.9283M/s
BM_SORT_STD/2048/1/iterations:1/repeats:50                     51.2 us         51.2 us            1 L1-dcache-loads=33.38k items_per_second=40.0352M/s
BM_SORT_STD/2048/1/iterations:1/repeats:50                     50.6 us         50.6 us            1 L1-dcache-loads=35.413k items_per_second=40.4687M/s
BM_SORT_STD/2048/1/iterations:1/repeats:50                     52.3 us         52.3 us            1 L1-dcache-loads=33.526k items_per_second=39.1857M/s
BM_SORT_STD/2048/1/iterations:1/repeats:50                     52.8 us         52.8 us            1 L1-dcache-loads=33.539k items_per_second=38.7945M/s
BM_SORT_STD/2048/1/iterations:1/repeats:50                     52.4 us         52.4 us            1 L1-dcache-loads=34.976k items_per_second=39.1026M/s
BM_SORT_STD/2048/1/iterations:1/repeats:50                     51.9 us         51.9 us            1 L1-dcache-loads=33.559k items_per_second=39.4461M/s
BM_SORT_STD/2048/1/iterations:1/repeats:50                     51.1 us         51.1 us            1 L1-dcache-loads=34.184k items_per_second=40.0704M/s
BM_SORT_STD/2048/1/iterations:1/repeats:50                     51.0 us         51.0 us            1 L1-dcache-loads=33.975k items_per_second=40.16M/s
BM_SORT_STD/2048/1/iterations:1/repeats:50                     51.4 us         51.4 us            1 L1-dcache-loads=34.084k items_per_second=39.8327M/s
BM_SORT_STD/2048/1/iterations:1/repeats:50                     51.0 us         51.0 us            1 L1-dcache-loads=33.729k items_per_second=40.1616M/s
BM_SORT_STD/2048/1/iterations:1/repeats:50                     52.6 us         52.6 us            1 L1-dcache-loads=32.684k items_per_second=38.9591M/s
BM_SORT_STD/2048/1/iterations:1/repeats:50                     51.8 us         51.8 us            1 L1-dcache-loads=33.087k items_per_second=39.5512M/s
BM_SORT_STD/2048/1/iterations:1/repeats:50                     51.8 us         51.8 us            1 L1-dcache-loads=34.089k items_per_second=39.5527M/s
BM_SORT_STD/2048/1/iterations:1/repeats:50                     50.6 us         50.6 us            1 L1-dcache-loads=34.247k items_per_second=40.4719M/s
BM_SORT_STD/2048/1/iterations:1/repeats:50                     51.5 us         51.5 us            1 L1-dcache-loads=33.619k items_per_second=39.7987M/s
BM_SORT_STD/2048/1/iterations:1/repeats:50                     59.2 us         59.2 us            1 L1-dcache-loads=33.071k items_per_second=34.5707M/s
BM_SORT_STD/2048/1/iterations:1/repeats:50                     53.0 us         52.9 us            1 L1-dcache-loads=34.002k items_per_second=38.6824M/s
BM_SORT_STD/2048/1/iterations:1/repeats:50                     52.4 us         52.4 us            1 L1-dcache-loads=33.843k items_per_second=39.078M/s
BM_SORT_STD/2048/1/iterations:1/repeats:50                     51.0 us         51.0 us            1 L1-dcache-loads=33.99k items_per_second=40.1907M/s
BM_SORT_STD/2048/1/iterations:1/repeats:50_mean                51.9 us         51.9 us           50 L1-dcache-loads=33.8579k items_per_second=39.51M/s
BM_SORT_STD/2048/1/iterations:1/repeats:50_median              51.6 us         51.6 us           50 L1-dcache-loads=33.7905k items_per_second=39.6719M/s
BM_SORT_STD/2048/1/iterations:1/repeats:50_stddev              1.29 us         1.30 us           50 L1-dcache-loads=647.943 items_per_second=907.03k/s
BM_SORT_STD/2048/1/iterations:1/repeats:50_cv                  2.50 %          2.50 %            50 L1-dcache-loads=1.91% items_per_second=2.30%
BM_SORT_STD/4096/1/iterations:1/repeats:50                      119 us          118 us            1 L1-dcache-loads=72.866k items_per_second=34.573M/s
BM_SORT_STD/4096/1/iterations:1/repeats:50                      113 us          113 us            1 L1-dcache-loads=72.154k items_per_second=36.3092M/s
BM_SORT_STD/4096/1/iterations:1/repeats:50                      111 us          111 us            1 L1-dcache-loads=72.551k items_per_second=36.8236M/s
BM_SORT_STD/4096/1/iterations:1/repeats:50                      114 us          114 us            1 L1-dcache-loads=74.838k items_per_second=35.9696M/s
BM_SORT_STD/4096/1/iterations:1/repeats:50                      110 us          110 us            1 L1-dcache-loads=77.067k items_per_second=37.3256M/s
BM_SORT_STD/4096/1/iterations:1/repeats:50                      112 us          112 us            1 L1-dcache-loads=72.115k items_per_second=36.516M/s
BM_SORT_STD/4096/1/iterations:1/repeats:50                      109 us          109 us            1 L1-dcache-loads=76.003k items_per_second=37.4139M/s
BM_SORT_STD/4096/1/iterations:1/repeats:50                      113 us          113 us            1 L1-dcache-loads=71.676k items_per_second=36.1222M/s
BM_SORT_STD/4096/1/iterations:1/repeats:50                      111 us          111 us            1 L1-dcache-loads=71.835k items_per_second=36.747M/s
BM_SORT_STD/4096/1/iterations:1/repeats:50                      113 us          113 us            1 L1-dcache-loads=74.626k items_per_second=36.1183M/s
BM_SORT_STD/4096/1/iterations:1/repeats:50                      113 us          113 us            1 L1-dcache-loads=74.746k items_per_second=36.3359M/s
BM_SORT_STD/4096/1/iterations:1/repeats:50                      112 us          112 us            1 L1-dcache-loads=73.789k items_per_second=36.6473M/s
BM_SORT_STD/4096/1/iterations:1/repeats:50                      111 us          111 us            1 L1-dcache-loads=73.365k items_per_second=36.8611M/s
BM_SORT_STD/4096/1/iterations:1/repeats:50                      113 us          113 us            1 L1-dcache-loads=72.417k items_per_second=36.2237M/s
BM_SORT_STD/4096/1/iterations:1/repeats:50                      112 us          112 us            1 L1-dcache-loads=72.316k items_per_second=36.6871M/s
BM_SORT_STD/4096/1/iterations:1/repeats:50                      111 us          111 us            1 L1-dcache-loads=73.219k items_per_second=36.8859M/s
BM_SORT_STD/4096/1/iterations:1/repeats:50                      113 us          113 us            1 L1-dcache-loads=73.26k items_per_second=36.1021M/s
BM_SORT_STD/4096/1/iterations:1/repeats:50                      111 us          111 us            1 L1-dcache-loads=72.587k items_per_second=36.875M/s
BM_SORT_STD/4096/1/iterations:1/repeats:50                      111 us          111 us            1 L1-dcache-loads=73.794k items_per_second=36.9268M/s
BM_SORT_STD/4096/1/iterations:1/repeats:50                      111 us          111 us            1 L1-dcache-loads=76.683k items_per_second=36.9688M/s
BM_SORT_STD/4096/1/iterations:1/repeats:50                      110 us          110 us            1 L1-dcache-loads=75.426k items_per_second=37.156M/s
BM_SORT_STD/4096/1/iterations:1/repeats:50                      111 us          111 us            1 L1-dcache-loads=71.785k items_per_second=36.7483M/s
BM_SORT_STD/4096/1/iterations:1/repeats:50                      110 us          110 us            1 L1-dcache-loads=73.608k items_per_second=37.1267M/s
BM_SORT_STD/4096/1/iterations:1/repeats:50                      111 us          111 us            1 L1-dcache-loads=74.19k items_per_second=37.032M/s
BM_SORT_STD/4096/1/iterations:1/repeats:50                      109 us          109 us            1 L1-dcache-loads=75.574k items_per_second=37.4495M/s
BM_SORT_STD/4096/1/iterations:1/repeats:50                      110 us          110 us            1 L1-dcache-loads=74.97k items_per_second=37.3706M/s
BM_SORT_STD/4096/1/iterations:1/repeats:50                      111 us          111 us            1 L1-dcache-loads=74.463k items_per_second=37.0618M/s
BM_SORT_STD/4096/1/iterations:1/repeats:50                      111 us          111 us            1 L1-dcache-loads=72.928k items_per_second=36.9969M/s
BM_SORT_STD/4096/1/iterations:1/repeats:50                      111 us          111 us            1 L1-dcache-loads=77.549k items_per_second=37.0193M/s
BM_SORT_STD/4096/1/iterations:1/repeats:50                      112 us          112 us            1 L1-dcache-loads=73.582k items_per_second=36.4611M/s
BM_SORT_STD/4096/1/iterations:1/repeats:50                      111 us          111 us            1 L1-dcache-loads=72.07k items_per_second=36.745M/s
BM_SORT_STD/4096/1/iterations:1/repeats:50                      111 us          110 us            1 L1-dcache-loads=73.769k items_per_second=37.0696M/s
BM_SORT_STD/4096/1/iterations:1/repeats:50                      111 us          111 us            1 L1-dcache-loads=72.302k items_per_second=36.8979M/s
BM_SORT_STD/4096/1/iterations:1/repeats:50                      110 us          110 us            1 L1-dcache-loads=72.28k items_per_second=37.1354M/s
BM_SORT_STD/4096/1/iterations:1/repeats:50                      112 us          112 us            1 L1-dcache-loads=71.386k items_per_second=36.4718M/s
BM_SORT_STD/4096/1/iterations:1/repeats:50                      110 us          110 us            1 L1-dcache-loads=72.164k items_per_second=37.1418M/s
BM_SORT_STD/4096/1/iterations:1/repeats:50                      113 us          113 us            1 L1-dcache-loads=73.618k items_per_second=36.2973M/s
BM_SORT_STD/4096/1/iterations:1/repeats:50                      112 us          112 us            1 L1-dcache-loads=72.196k items_per_second=36.5105M/s
BM_SORT_STD/4096/1/iterations:1/repeats:50                      111 us          111 us            1 L1-dcache-loads=73.149k items_per_second=36.8425M/s
BM_SORT_STD/4096/1/iterations:1/repeats:50                      113 us          113 us            1 L1-dcache-loads=70.958k items_per_second=36.1072M/s
BM_SORT_STD/4096/1/iterations:1/repeats:50                      111 us          111 us            1 L1-dcache-loads=72.654k items_per_second=36.9395M/s
BM_SORT_STD/4096/1/iterations:1/repeats:50                      111 us          111 us            1 L1-dcache-loads=73.292k items_per_second=36.9362M/s
BM_SORT_STD/4096/1/iterations:1/repeats:50                      112 us          112 us            1 L1-dcache-loads=72.43k items_per_second=36.6349M/s
BM_SORT_STD/4096/1/iterations:1/repeats:50                      110 us          110 us            1 L1-dcache-loads=74.388k items_per_second=37.3972M/s
BM_SORT_STD/4096/1/iterations:1/repeats:50                      112 us          112 us            1 L1-dcache-loads=73.968k items_per_second=36.6838M/s
BM_SORT_STD/4096/1/iterations:1/repeats:50                      110 us          110 us            1 L1-dcache-loads=73.608k items_per_second=37.3903M/s
BM_SORT_STD/4096/1/iterations:1/repeats:50                      110 us          110 us            1 L1-dcache-loads=76.224k items_per_second=37.3835M/s
BM_SORT_STD/4096/1/iterations:1/repeats:50                      112 us          112 us            1 L1-dcache-loads=73.249k items_per_second=36.4124M/s
BM_SORT_STD/4096/1/iterations:1/repeats:50                      113 us          113 us            1 L1-dcache-loads=72.62k items_per_second=36.3385M/s
BM_SORT_STD/4096/1/iterations:1/repeats:50                      109 us          109 us            1 L1-dcache-loads=72.872k items_per_second=37.4632M/s
BM_SORT_STD/4096/1/iterations:1/repeats:50_mean                 111 us          111 us           50 L1-dcache-loads=73.5036k items_per_second=36.7531M/s
BM_SORT_STD/4096/1/iterations:1/repeats:50_median               111 us          111 us           50 L1-dcache-loads=73.2545k items_per_second=36.8518M/s
BM_SORT_STD/4096/1/iterations:1/repeats:50_stddev              1.60 us         1.60 us           50 L1-dcache-loads=1.50523k items_per_second=516.045k/s
BM_SORT_STD/4096/1/iterations:1/repeats:50_cv                  1.44 %          1.44 %            50 L1-dcache-loads=2.05% items_per_second=1.40%
BM_SORT_STD/8192/1/iterations:1/repeats:50                      236 us          236 us            1 L1-dcache-loads=159.642k items_per_second=34.7041M/s
BM_SORT_STD/8192/1/iterations:1/repeats:50                      238 us          238 us            1 L1-dcache-loads=158.879k items_per_second=34.4236M/s
BM_SORT_STD/8192/1/iterations:1/repeats:50                      242 us          242 us            1 L1-dcache-loads=161.198k items_per_second=33.8211M/s
BM_SORT_STD/8192/1/iterations:1/repeats:50                      245 us          245 us            1 L1-dcache-loads=157.92k items_per_second=33.4058M/s
BM_SORT_STD/8192/1/iterations:1/repeats:50                      248 us          248 us            1 L1-dcache-loads=157.66k items_per_second=33.0407M/s
BM_SORT_STD/8192/1/iterations:1/repeats:50                      247 us          247 us            1 L1-dcache-loads=160.475k items_per_second=33.1999M/s
BM_SORT_STD/8192/1/iterations:1/repeats:50                      247 us          247 us            1 L1-dcache-loads=157.544k items_per_second=33.1113M/s
BM_SORT_STD/8192/1/iterations:1/repeats:50                      243 us          243 us            1 L1-dcache-loads=159.652k items_per_second=33.6748M/s
BM_SORT_STD/8192/1/iterations:1/repeats:50                      251 us          251 us            1 L1-dcache-loads=157.782k items_per_second=32.5911M/s
BM_SORT_STD/8192/1/iterations:1/repeats:50                      250 us          250 us            1 L1-dcache-loads=157.272k items_per_second=32.7334M/s
BM_SORT_STD/8192/1/iterations:1/repeats:50                      243 us          243 us            1 L1-dcache-loads=164.9k items_per_second=33.7768M/s
BM_SORT_STD/8192/1/iterations:1/repeats:50                      251 us          251 us            1 L1-dcache-loads=160.25k items_per_second=32.5908M/s
BM_SORT_STD/8192/1/iterations:1/repeats:50                      251 us          251 us            1 L1-dcache-loads=160.504k items_per_second=32.6068M/s
BM_SORT_STD/8192/1/iterations:1/repeats:50                      249 us          249 us            1 L1-dcache-loads=155.075k items_per_second=32.8583M/s
BM_SORT_STD/8192/1/iterations:1/repeats:50                      251 us          251 us            1 L1-dcache-loads=160.888k items_per_second=32.6592M/s
BM_SORT_STD/8192/1/iterations:1/repeats:50                      250 us          250 us            1 L1-dcache-loads=156.55k items_per_second=32.8168M/s
BM_SORT_STD/8192/1/iterations:1/repeats:50                      247 us          247 us            1 L1-dcache-loads=159.857k items_per_second=33.1598M/s
BM_SORT_STD/8192/1/iterations:1/repeats:50                      250 us          250 us            1 L1-dcache-loads=159.047k items_per_second=32.7805M/s
BM_SORT_STD/8192/1/iterations:1/repeats:50                      249 us          249 us            1 L1-dcache-loads=162.966k items_per_second=32.9606M/s
BM_SORT_STD/8192/1/iterations:1/repeats:50                      248 us          248 us            1 L1-dcache-loads=159.374k items_per_second=33.0617M/s
BM_SORT_STD/8192/1/iterations:1/repeats:50                      250 us          250 us            1 L1-dcache-loads=158.414k items_per_second=32.7541M/s
BM_SORT_STD/8192/1/iterations:1/repeats:50                      251 us          251 us            1 L1-dcache-loads=155.142k items_per_second=32.6838M/s
BM_SORT_STD/8192/1/iterations:1/repeats:50                      252 us          252 us            1 L1-dcache-loads=155.757k items_per_second=32.4804M/s
BM_SORT_STD/8192/1/iterations:1/repeats:50                      247 us          247 us            1 L1-dcache-loads=162.681k items_per_second=33.1153M/s
BM_SORT_STD/8192/1/iterations:1/repeats:50                      251 us          251 us            1 L1-dcache-loads=156.838k items_per_second=32.6482M/s
BM_SORT_STD/8192/1/iterations:1/repeats:50                      247 us          247 us            1 L1-dcache-loads=158.793k items_per_second=33.1934M/s
BM_SORT_STD/8192/1/iterations:1/repeats:50                      247 us          247 us            1 L1-dcache-loads=160.026k items_per_second=33.1251M/s
BM_SORT_STD/8192/1/iterations:1/repeats:50                      246 us          246 us            1 L1-dcache-loads=156.328k items_per_second=33.3635M/s
BM_SORT_STD/8192/1/iterations:1/repeats:50                      250 us          250 us            1 L1-dcache-loads=159.22k items_per_second=32.8242M/s
BM_SORT_STD/8192/1/iterations:1/repeats:50                      250 us          250 us            1 L1-dcache-loads=154.818k items_per_second=32.7452M/s
BM_SORT_STD/8192/1/iterations:1/repeats:50                      251 us          251 us            1 L1-dcache-loads=157.801k items_per_second=32.6916M/s
BM_SORT_STD/8192/1/iterations:1/repeats:50                      242 us          242 us            1 L1-dcache-loads=162.36k items_per_second=33.9116M/s
BM_SORT_STD/8192/1/iterations:1/repeats:50                      251 us          251 us            1 L1-dcache-loads=155.257k items_per_second=32.6663M/s
BM_SORT_STD/8192/1/iterations:1/repeats:50                      252 us          252 us            1 L1-dcache-loads=159.157k items_per_second=32.5683M/s
BM_SORT_STD/8192/1/iterations:1/repeats:50                      249 us          249 us            1 L1-dcache-loads=157.861k items_per_second=32.8885M/s
BM_SORT_STD/8192/1/iterations:1/repeats:50                      247 us          247 us            1 L1-dcache-loads=159.495k items_per_second=33.2081M/s
BM_SORT_STD/8192/1/iterations:1/repeats:50                      247 us          247 us            1 L1-dcache-loads=163.184k items_per_second=33.2166M/s
BM_SORT_STD/8192/1/iterations:1/repeats:50                      248 us          248 us            1 L1-dcache-loads=156.326k items_per_second=33.0425M/s
BM_SORT_STD/8192/1/iterations:1/repeats:50                      241 us          241 us            1 L1-dcache-loads=158.479k items_per_second=33.9463M/s
BM_SORT_STD/8192/1/iterations:1/repeats:50                      253 us          253 us            1 L1-dcache-loads=156.055k items_per_second=32.3197M/s
BM_SORT_STD/8192/1/iterations:1/repeats:50                      250 us          250 us            1 L1-dcache-loads=156.325k items_per_second=32.7402M/s
BM_SORT_STD/8192/1/iterations:1/repeats:50                      246 us          246 us            1 L1-dcache-loads=160.804k items_per_second=33.3043M/s
BM_SORT_STD/8192/1/iterations:1/repeats:50                      243 us          243 us            1 L1-dcache-loads=166.76k items_per_second=33.761M/s
BM_SORT_STD/8192/1/iterations:1/repeats:50                      251 us          251 us            1 L1-dcache-loads=157.945k items_per_second=32.6456M/s
BM_SORT_STD/8192/1/iterations:1/repeats:50                      248 us          248 us            1 L1-dcache-loads=164.286k items_per_second=33.0493M/s
BM_SORT_STD/8192/1/iterations:1/repeats:50                      249 us          249 us            1 L1-dcache-loads=157.255k items_per_second=32.8893M/s
BM_SORT_STD/8192/1/iterations:1/repeats:50                      250 us          250 us            1 L1-dcache-loads=155.78k items_per_second=32.8283M/s
BM_SORT_STD/8192/1/iterations:1/repeats:50                      243 us          243 us            1 L1-dcache-loads=167.144k items_per_second=33.6693M/s
BM_SORT_STD/8192/1/iterations:1/repeats:50                      251 us          251 us            1 L1-dcache-loads=155.412k items_per_second=32.5845M/s
BM_SORT_STD/8192/1/iterations:1/repeats:50                      248 us          248 us            1 L1-dcache-loads=158.327k items_per_second=33.0693M/s
BM_SORT_STD/8192/1/iterations:1/repeats:50_mean                 248 us          248 us           50 L1-dcache-loads=159.029k items_per_second=33.0782M/s
BM_SORT_STD/8192/1/iterations:1/repeats:50_median               248 us          248 us           50 L1-dcache-loads=158.636k items_per_second=33.0006M/s
BM_SORT_STD/8192/1/iterations:1/repeats:50_stddev              3.71 us         3.71 us           50 L1-dcache-loads=2.93457k items_per_second=504.166k/s
BM_SORT_STD/8192/1/iterations:1/repeats:50_cv                  1.50 %          1.50 %            50 L1-dcache-loads=1.85% items_per_second=1.52%
BM_SORT_STD/16384/1/iterations:1/repeats:50                     527 us          527 us            1 L1-dcache-loads=343.28k items_per_second=31.115M/s
BM_SORT_STD/16384/1/iterations:1/repeats:50                     529 us          529 us            1 L1-dcache-loads=352.236k items_per_second=30.9852M/s
BM_SORT_STD/16384/1/iterations:1/repeats:50                     530 us          530 us            1 L1-dcache-loads=336.694k items_per_second=30.8846M/s
BM_SORT_STD/16384/1/iterations:1/repeats:50                     529 us          529 us            1 L1-dcache-loads=347.158k items_per_second=30.9726M/s
BM_SORT_STD/16384/1/iterations:1/repeats:50                     527 us          527 us            1 L1-dcache-loads=351.04k items_per_second=31.0722M/s
BM_SORT_STD/16384/1/iterations:1/repeats:50                     534 us          534 us            1 L1-dcache-loads=340.093k items_per_second=30.6605M/s
BM_SORT_STD/16384/1/iterations:1/repeats:50                     535 us          535 us            1 L1-dcache-loads=352.207k items_per_second=30.6351M/s
BM_SORT_STD/16384/1/iterations:1/repeats:50                     546 us          546 us            1 L1-dcache-loads=340.403k items_per_second=30.0193M/s
BM_SORT_STD/16384/1/iterations:1/repeats:50                     539 us          539 us            1 L1-dcache-loads=340.733k items_per_second=30.3818M/s
BM_SORT_STD/16384/1/iterations:1/repeats:50                     539 us          539 us            1 L1-dcache-loads=335.243k items_per_second=30.4048M/s
BM_SORT_STD/16384/1/iterations:1/repeats:50                     535 us          535 us            1 L1-dcache-loads=339.771k items_per_second=30.625M/s
BM_SORT_STD/16384/1/iterations:1/repeats:50                     543 us          543 us            1 L1-dcache-loads=337.759k items_per_second=30.1487M/s
BM_SORT_STD/16384/1/iterations:1/repeats:50                     533 us          533 us            1 L1-dcache-loads=345.435k items_per_second=30.7654M/s
BM_SORT_STD/16384/1/iterations:1/repeats:50                     531 us          531 us            1 L1-dcache-loads=337.128k items_per_second=30.8706M/s
BM_SORT_STD/16384/1/iterations:1/repeats:50                     525 us          525 us            1 L1-dcache-loads=342.172k items_per_second=31.1813M/s
BM_SORT_STD/16384/1/iterations:1/repeats:50                     520 us          520 us            1 L1-dcache-loads=342.556k items_per_second=31.4869M/s
BM_SORT_STD/16384/1/iterations:1/repeats:50                     538 us          538 us            1 L1-dcache-loads=342.764k items_per_second=30.4616M/s
BM_SORT_STD/16384/1/iterations:1/repeats:50                     523 us          523 us            1 L1-dcache-loads=342.903k items_per_second=31.3427M/s
BM_SORT_STD/16384/1/iterations:1/repeats:50                     555 us          555 us            1 L1-dcache-loads=347.243k items_per_second=29.54M/s
BM_SORT_STD/16384/1/iterations:1/repeats:50                     521 us          521 us            1 L1-dcache-loads=343.427k items_per_second=31.4314M/s
BM_SORT_STD/16384/1/iterations:1/repeats:50                     533 us          533 us            1 L1-dcache-loads=345.932k items_per_second=30.74M/s
BM_SORT_STD/16384/1/iterations:1/repeats:50                     524 us          524 us            1 L1-dcache-loads=349.239k items_per_second=31.2791M/s
BM_SORT_STD/16384/1/iterations:1/repeats:50                     544 us          544 us            1 L1-dcache-loads=341.902k items_per_second=30.1241M/s
BM_SORT_STD/16384/1/iterations:1/repeats:50                     534 us          534 us            1 L1-dcache-loads=346.403k items_per_second=30.7085M/s
BM_SORT_STD/16384/1/iterations:1/repeats:50                     532 us          532 us            1 L1-dcache-loads=342.445k items_per_second=30.8125M/s
BM_SORT_STD/16384/1/iterations:1/repeats:50                     535 us          535 us            1 L1-dcache-loads=350.679k items_per_second=30.6198M/s
BM_SORT_STD/16384/1/iterations:1/repeats:50                     542 us          542 us            1 L1-dcache-loads=339.093k items_per_second=30.2116M/s
BM_SORT_STD/16384/1/iterations:1/repeats:50                     525 us          525 us            1 L1-dcache-loads=350.825k items_per_second=31.2312M/s
BM_SORT_STD/16384/1/iterations:1/repeats:50                     536 us          536 us            1 L1-dcache-loads=340.402k items_per_second=30.5884M/s
BM_SORT_STD/16384/1/iterations:1/repeats:50                     538 us          538 us            1 L1-dcache-loads=337.853k items_per_second=30.4728M/s
BM_SORT_STD/16384/1/iterations:1/repeats:50                     533 us          533 us            1 L1-dcache-loads=341.731k items_per_second=30.7434M/s
BM_SORT_STD/16384/1/iterations:1/repeats:50                     529 us          529 us            1 L1-dcache-loads=344.853k items_per_second=30.9902M/s
BM_SORT_STD/16384/1/iterations:1/repeats:50                     536 us          536 us            1 L1-dcache-loads=340.365k items_per_second=30.5799M/s
BM_SORT_STD/16384/1/iterations:1/repeats:50                     522 us          522 us            1 L1-dcache-loads=358.661k items_per_second=31.4166M/s
BM_SORT_STD/16384/1/iterations:1/repeats:50                     529 us          529 us            1 L1-dcache-loads=340.591k items_per_second=30.9959M/s
BM_SORT_STD/16384/1/iterations:1/repeats:50                     535 us          535 us            1 L1-dcache-loads=335.883k items_per_second=30.6434M/s
BM_SORT_STD/16384/1/iterations:1/repeats:50                     535 us          535 us            1 L1-dcache-loads=338.433k items_per_second=30.6137M/s
BM_SORT_STD/16384/1/iterations:1/repeats:50                     529 us          529 us            1 L1-dcache-loads=341.897k items_per_second=30.9999M/s
BM_SORT_STD/16384/1/iterations:1/repeats:50                     531 us          531 us            1 L1-dcache-loads=342.734k items_per_second=30.8344M/s
BM_SORT_STD/16384/1/iterations:1/repeats:50                     535 us          535 us            1 L1-dcache-loads=333.135k items_per_second=30.6006M/s
BM_SORT_STD/16384/1/iterations:1/repeats:50                     530 us          530 us            1 L1-dcache-loads=341.019k items_per_second=30.8905M/s
BM_SORT_STD/16384/1/iterations:1/repeats:50                     534 us          534 us            1 L1-dcache-loads=341.655k items_per_second=30.7026M/s
BM_SORT_STD/16384/1/iterations:1/repeats:50                     532 us          532 us            1 L1-dcache-loads=336.164k items_per_second=30.8091M/s
BM_SORT_STD/16384/1/iterations:1/repeats:50                     528 us          528 us            1 L1-dcache-loads=346.696k items_per_second=31.0014M/s
BM_SORT_STD/16384/1/iterations:1/repeats:50                     537 us          537 us            1 L1-dcache-loads=353.406k items_per_second=30.5147M/s
BM_SORT_STD/16384/1/iterations:1/repeats:50                     529 us          529 us            1 L1-dcache-loads=341.545k items_per_second=30.956M/s
BM_SORT_STD/16384/1/iterations:1/repeats:50                     531 us          531 us            1 L1-dcache-loads=343.744k items_per_second=30.8587M/s
BM_SORT_STD/16384/1/iterations:1/repeats:50                     531 us          531 us            1 L1-dcache-loads=343.439k items_per_second=30.8399M/s
BM_SORT_STD/16384/1/iterations:1/repeats:50                     526 us          526 us            1 L1-dcache-loads=338.111k items_per_second=31.1221M/s
BM_SORT_STD/16384/1/iterations:1/repeats:50                     533 us          533 us            1 L1-dcache-loads=338.072k items_per_second=30.7499M/s
BM_SORT_STD/16384/1/iterations:1/repeats:50_mean                533 us          532 us           50 L1-dcache-loads=342.943k items_per_second=30.7727M/s
BM_SORT_STD/16384/1/iterations:1/repeats:50_median              532 us          532 us           50 L1-dcache-loads=342.037k items_per_second=30.7872M/s
BM_SORT_STD/16384/1/iterations:1/repeats:50_stddev             6.59 us         6.60 us           50 L1-dcache-loads=5.26362k items_per_second=378.089k/s
BM_SORT_STD/16384/1/iterations:1/repeats:50_cv                 1.24 %          1.24 %            50 L1-dcache-loads=1.53% items_per_second=1.23%
BM_SORT_STD/32768/1/iterations:1/repeats:50                    1130 us         1130 us            1 L1-dcache-loads=739.173k items_per_second=29.0027M/s
BM_SORT_STD/32768/1/iterations:1/repeats:50                    1141 us         1141 us            1 L1-dcache-loads=726.46k items_per_second=28.7147M/s
BM_SORT_STD/32768/1/iterations:1/repeats:50                    1139 us         1139 us            1 L1-dcache-loads=721.102k items_per_second=28.773M/s
BM_SORT_STD/32768/1/iterations:1/repeats:50                    1141 us         1141 us            1 L1-dcache-loads=724.364k items_per_second=28.7068M/s
BM_SORT_STD/32768/1/iterations:1/repeats:50                    1114 us         1114 us            1 L1-dcache-loads=754.386k items_per_second=29.4119M/s
BM_SORT_STD/32768/1/iterations:1/repeats:50                    1148 us         1148 us            1 L1-dcache-loads=759.851k items_per_second=28.5382M/s
BM_SORT_STD/32768/1/iterations:1/repeats:50                    1140 us         1140 us            1 L1-dcache-loads=723.212k items_per_second=28.7391M/s
BM_SORT_STD/32768/1/iterations:1/repeats:50                    1147 us         1147 us            1 L1-dcache-loads=739.463k items_per_second=28.5612M/s
BM_SORT_STD/32768/1/iterations:1/repeats:50                    1134 us         1134 us            1 L1-dcache-loads=724.21k items_per_second=28.8848M/s
BM_SORT_STD/32768/1/iterations:1/repeats:50                    1136 us         1136 us            1 L1-dcache-loads=739.25k items_per_second=28.8495M/s
BM_SORT_STD/32768/1/iterations:1/repeats:50                    1121 us         1121 us            1 L1-dcache-loads=724.941k items_per_second=29.2304M/s
BM_SORT_STD/32768/1/iterations:1/repeats:50                    1148 us         1148 us            1 L1-dcache-loads=729.374k items_per_second=28.533M/s
BM_SORT_STD/32768/1/iterations:1/repeats:50                    1159 us         1159 us            1 L1-dcache-loads=765.904k items_per_second=28.28M/s
BM_SORT_STD/32768/1/iterations:1/repeats:50                    1133 us         1133 us            1 L1-dcache-loads=732.645k items_per_second=28.9148M/s
BM_SORT_STD/32768/1/iterations:1/repeats:50                    1128 us         1128 us            1 L1-dcache-loads=732.064k items_per_second=29.0499M/s
BM_SORT_STD/32768/1/iterations:1/repeats:50                    1159 us         1159 us            1 L1-dcache-loads=719.445k items_per_second=28.2759M/s
BM_SORT_STD/32768/1/iterations:1/repeats:50                    1137 us         1137 us            1 L1-dcache-loads=721.023k items_per_second=28.8095M/s
BM_SORT_STD/32768/1/iterations:1/repeats:50                    1116 us         1116 us            1 L1-dcache-loads=752.134k items_per_second=29.3526M/s
BM_SORT_STD/32768/1/iterations:1/repeats:50                    1113 us         1113 us            1 L1-dcache-loads=747.438k items_per_second=29.4329M/s
BM_SORT_STD/32768/1/iterations:1/repeats:50                    1158 us         1158 us            1 L1-dcache-loads=718.891k items_per_second=28.3074M/s
BM_SORT_STD/32768/1/iterations:1/repeats:50                    1130 us         1130 us            1 L1-dcache-loads=737.404k items_per_second=29.0087M/s
BM_SORT_STD/32768/1/iterations:1/repeats:50                    1123 us         1123 us            1 L1-dcache-loads=735.964k items_per_second=29.1675M/s
BM_SORT_STD/32768/1/iterations:1/repeats:50                    1152 us         1152 us            1 L1-dcache-loads=724.64k items_per_second=28.4375M/s
BM_SORT_STD/32768/1/iterations:1/repeats:50                    1156 us         1156 us            1 L1-dcache-loads=723.32k items_per_second=28.3394M/s
BM_SORT_STD/32768/1/iterations:1/repeats:50                    1150 us         1150 us            1 L1-dcache-loads=728.241k items_per_second=28.4912M/s
BM_SORT_STD/32768/1/iterations:1/repeats:50                    1142 us         1142 us            1 L1-dcache-loads=722.129k items_per_second=28.6991M/s
BM_SORT_STD/32768/1/iterations:1/repeats:50                    1148 us         1148 us            1 L1-dcache-loads=723.659k items_per_second=28.5486M/s
BM_SORT_STD/32768/1/iterations:1/repeats:50                    1126 us         1115 us            1 L1-dcache-loads=737.643k items_per_second=29.3846M/s
BM_SORT_STD/32768/1/iterations:1/repeats:50                    1115 us         1115 us            1 L1-dcache-loads=739.603k items_per_second=29.3949M/s
BM_SORT_STD/32768/1/iterations:1/repeats:50                    1115 us         1115 us            1 L1-dcache-loads=722.956k items_per_second=29.3891M/s
BM_SORT_STD/32768/1/iterations:1/repeats:50                    1111 us         1111 us            1 L1-dcache-loads=726.344k items_per_second=29.4995M/s
BM_SORT_STD/32768/1/iterations:1/repeats:50                    1131 us         1131 us            1 L1-dcache-loads=732.679k items_per_second=28.9766M/s
BM_SORT_STD/32768/1/iterations:1/repeats:50                    1145 us         1145 us            1 L1-dcache-loads=717.651k items_per_second=28.6166M/s
BM_SORT_STD/32768/1/iterations:1/repeats:50                    1142 us         1142 us            1 L1-dcache-loads=721.295k items_per_second=28.6952M/s
BM_SORT_STD/32768/1/iterations:1/repeats:50                    1141 us         1141 us            1 L1-dcache-loads=752.757k items_per_second=28.7203M/s
BM_SORT_STD/32768/1/iterations:1/repeats:50                    1120 us         1120 us            1 L1-dcache-loads=743.248k items_per_second=29.2642M/s
BM_SORT_STD/32768/1/iterations:1/repeats:50                    1141 us         1141 us            1 L1-dcache-loads=724.739k items_per_second=28.7216M/s
BM_SORT_STD/32768/1/iterations:1/repeats:50                    1128 us         1128 us            1 L1-dcache-loads=725.317k items_per_second=29.0451M/s
BM_SORT_STD/32768/1/iterations:1/repeats:50                    1143 us         1143 us            1 L1-dcache-loads=732.734k items_per_second=28.6725M/s
BM_SORT_STD/32768/1/iterations:1/repeats:50                    1131 us         1131 us            1 L1-dcache-loads=728.711k items_per_second=28.9631M/s
BM_SORT_STD/32768/1/iterations:1/repeats:50                    1133 us         1133 us            1 L1-dcache-loads=741.221k items_per_second=28.9308M/s
BM_SORT_STD/32768/1/iterations:1/repeats:50                    1150 us         1150 us            1 L1-dcache-loads=713.138k items_per_second=28.4929M/s
BM_SORT_STD/32768/1/iterations:1/repeats:50                    1140 us         1140 us            1 L1-dcache-loads=721.483k items_per_second=28.747M/s
BM_SORT_STD/32768/1/iterations:1/repeats:50                    1137 us         1137 us            1 L1-dcache-loads=743.749k items_per_second=28.8183M/s
BM_SORT_STD/32768/1/iterations:1/repeats:50                    1142 us         1142 us            1 L1-dcache-loads=723.131k items_per_second=28.7022M/s
BM_SORT_STD/32768/1/iterations:1/repeats:50                    1143 us         1143 us            1 L1-dcache-loads=724.533k items_per_second=28.6804M/s
BM_SORT_STD/32768/1/iterations:1/repeats:50                    1153 us         1153 us            1 L1-dcache-loads=721.227k items_per_second=28.4095M/s
BM_SORT_STD/32768/1/iterations:1/repeats:50                    1139 us         1139 us            1 L1-dcache-loads=736.538k items_per_second=28.7789M/s
BM_SORT_STD/32768/1/iterations:1/repeats:50                    1126 us         1126 us            1 L1-dcache-loads=745.506k items_per_second=29.1008M/s
BM_SORT_STD/32768/1/iterations:1/repeats:50                    1143 us         1143 us            1 L1-dcache-loads=729.976k items_per_second=28.6602M/s
BM_SORT_STD/32768/1/iterations:1/repeats:50_mean               1137 us         1137 us           50 L1-dcache-loads=731.937k items_per_second=28.8345M/s
BM_SORT_STD/32768/1/iterations:1/repeats:50_median             1139 us         1139 us           50 L1-dcache-loads=728.476k items_per_second=28.76M/s
BM_SORT_STD/32768/1/iterations:1/repeats:50_stddev             12.7 us         13.0 us           50 L1-dcache-loads=11.759k items_per_second=331k/s
BM_SORT_STD/32768/1/iterations:1/repeats:50_cv                 1.12 %          1.14 %            50 L1-dcache-loads=1.61% items_per_second=1.15%
BM_QUICKSORT/4/1/iterations:1/repeats:50                      0.559 us        0.544 us            1 L1-dcache-loads=105 items_per_second=7.35294M/s
BM_QUICKSORT/4/1/iterations:1/repeats:50                      0.430 us        0.430 us            1 L1-dcache-loads=110 items_per_second=9.30233M/s
BM_QUICKSORT/4/1/iterations:1/repeats:50                      0.373 us        0.373 us            1 L1-dcache-loads=104 items_per_second=10.7239M/s
BM_QUICKSORT/4/1/iterations:1/repeats:50                      0.382 us        0.378 us            1 L1-dcache-loads=107 items_per_second=10.582M/s
BM_QUICKSORT/4/1/iterations:1/repeats:50                      0.357 us        0.357 us            1 L1-dcache-loads=104 items_per_second=11.2045M/s
BM_QUICKSORT/4/1/iterations:1/repeats:50                      0.374 us        0.379 us            1 L1-dcache-loads=105 items_per_second=10.5541M/s
BM_QUICKSORT/4/1/iterations:1/repeats:50                      0.340 us        0.336 us            1 L1-dcache-loads=104 items_per_second=11.9048M/s
BM_QUICKSORT/4/1/iterations:1/repeats:50                      0.364 us        0.371 us            1 L1-dcache-loads=104 items_per_second=10.7817M/s
BM_QUICKSORT/4/1/iterations:1/repeats:50                      0.363 us        0.362 us            1 L1-dcache-loads=107 items_per_second=11.0497M/s
BM_QUICKSORT/4/1/iterations:1/repeats:50                      0.380 us        0.385 us            1 L1-dcache-loads=118 items_per_second=10.3896M/s
BM_QUICKSORT/4/1/iterations:1/repeats:50                      0.349 us        0.348 us            1 L1-dcache-loads=100 items_per_second=11.4943M/s
BM_QUICKSORT/4/1/iterations:1/repeats:50                      0.354 us        0.362 us            1 L1-dcache-loads=99 items_per_second=11.0497M/s
BM_QUICKSORT/4/1/iterations:1/repeats:50                      0.345 us        0.346 us            1 L1-dcache-loads=105 items_per_second=11.5607M/s
BM_QUICKSORT/4/1/iterations:1/repeats:50                      0.381 us        0.389 us            1 L1-dcache-loads=112 items_per_second=10.2828M/s
BM_QUICKSORT/4/1/iterations:1/repeats:50                      0.393 us        0.396 us            1 L1-dcache-loads=118 items_per_second=10.101M/s
BM_QUICKSORT/4/1/iterations:1/repeats:50                      0.352 us        0.352 us            1 L1-dcache-loads=105 items_per_second=11.3636M/s
BM_QUICKSORT/4/1/iterations:1/repeats:50                      0.357 us        0.357 us            1 L1-dcache-loads=99 items_per_second=11.2045M/s
BM_QUICKSORT/4/1/iterations:1/repeats:50                      0.349 us        0.354 us            1 L1-dcache-loads=107 items_per_second=11.2994M/s
BM_QUICKSORT/4/1/iterations:1/repeats:50                      0.401 us        0.400 us            1 L1-dcache-loads=100 items_per_second=10M/s
BM_QUICKSORT/4/1/iterations:1/repeats:50                      0.359 us        0.356 us            1 L1-dcache-loads=111 items_per_second=11.236M/s
BM_QUICKSORT/4/1/iterations:1/repeats:50                      0.350 us        0.349 us            1 L1-dcache-loads=112 items_per_second=11.4613M/s
BM_QUICKSORT/4/1/iterations:1/repeats:50                      0.363 us        0.368 us            1 L1-dcache-loads=118 items_per_second=10.8696M/s
BM_QUICKSORT/4/1/iterations:1/repeats:50                      0.341 us        0.350 us            1 L1-dcache-loads=105 items_per_second=11.4286M/s
BM_QUICKSORT/4/1/iterations:1/repeats:50                      0.353 us        0.354 us            1 L1-dcache-loads=112 items_per_second=11.2994M/s
BM_QUICKSORT/4/1/iterations:1/repeats:50                      0.340 us        0.347 us            1 L1-dcache-loads=111 items_per_second=11.5274M/s
BM_QUICKSORT/4/1/iterations:1/repeats:50                      0.358 us        0.369 us            1 L1-dcache-loads=100 items_per_second=10.8401M/s
BM_QUICKSORT/4/1/iterations:1/repeats:50                      0.327 us        0.328 us            1 L1-dcache-loads=105 items_per_second=12.1951M/s
BM_QUICKSORT/4/1/iterations:1/repeats:50                      0.352 us        0.355 us            1 L1-dcache-loads=110 items_per_second=11.2676M/s
BM_QUICKSORT/4/1/iterations:1/repeats:50                      0.362 us        0.378 us            1 L1-dcache-loads=104 items_per_second=10.582M/s
BM_QUICKSORT/4/1/iterations:1/repeats:50                      0.340 us        0.342 us            1 L1-dcache-loads=105 items_per_second=11.6959M/s
BM_QUICKSORT/4/1/iterations:1/repeats:50                      0.348 us        0.349 us            1 L1-dcache-loads=99 items_per_second=11.4613M/s
BM_QUICKSORT/4/1/iterations:1/repeats:50                      0.334 us        0.335 us            1 L1-dcache-loads=110 items_per_second=11.9403M/s
BM_QUICKSORT/4/1/iterations:1/repeats:50                      0.346 us        0.355 us            1 L1-dcache-loads=100 items_per_second=11.2676M/s
BM_QUICKSORT/4/1/iterations:1/repeats:50                      0.367 us        0.359 us            1 L1-dcache-loads=111 items_per_second=11.1421M/s
BM_QUICKSORT/4/1/iterations:1/repeats:50                      0.331 us        0.332 us            1 L1-dcache-loads=105 items_per_second=12.0482M/s
BM_QUICKSORT/4/1/iterations:1/repeats:50                      0.354 us        0.353 us            1 L1-dcache-loads=104 items_per_second=11.3314M/s
BM_QUICKSORT/4/1/iterations:1/repeats:50                      0.365 us        0.365 us            1 L1-dcache-loads=107 items_per_second=10.9589M/s
BM_QUICKSORT/4/1/iterations:1/repeats:50                      0.356 us        0.357 us            1 L1-dcache-loads=100 items_per_second=11.2045M/s
BM_QUICKSORT/4/1/iterations:1/repeats:50                      0.357 us        0.355 us            1 L1-dcache-loads=105 items_per_second=11.2676M/s
BM_QUICKSORT/4/1/iterations:1/repeats:50                      0.369 us        0.369 us            1 L1-dcache-loads=118 items_per_second=10.8401M/s
BM_QUICKSORT/4/1/iterations:1/repeats:50                      0.350 us        0.350 us            1 L1-dcache-loads=107 items_per_second=11.4286M/s
BM_QUICKSORT/4/1/iterations:1/repeats:50                      0.335 us        0.335 us            1 L1-dcache-loads=104 items_per_second=11.9403M/s
BM_QUICKSORT/4/1/iterations:1/repeats:50                      0.340 us        0.340 us            1 L1-dcache-loads=105 items_per_second=11.7647M/s
BM_QUICKSORT/4/1/iterations:1/repeats:50                      0.333 us        0.331 us            1 L1-dcache-loads=99 items_per_second=12.0846M/s
BM_QUICKSORT/4/1/iterations:1/repeats:50                      0.353 us        0.354 us            1 L1-dcache-loads=99 items_per_second=11.2994M/s
BM_QUICKSORT/4/1/iterations:1/repeats:50                      0.340 us        0.337 us            1 L1-dcache-loads=118 items_per_second=11.8694M/s
BM_QUICKSORT/4/1/iterations:1/repeats:50                      0.359 us        0.366 us            1 L1-dcache-loads=99 items_per_second=10.929M/s
BM_QUICKSORT/4/1/iterations:1/repeats:50                      0.349 us        0.358 us            1 L1-dcache-loads=107 items_per_second=11.1732M/s
BM_QUICKSORT/4/1/iterations:1/repeats:50                      0.356 us        0.354 us            1 L1-dcache-loads=110 items_per_second=11.2994M/s
BM_QUICKSORT/4/1/iterations:1/repeats:50                      0.340 us        0.341 us            1 L1-dcache-loads=111 items_per_second=11.7302M/s
BM_QUICKSORT/4/1/iterations:1/repeats:50_mean                 0.361 us        0.362 us           50 L1-dcache-loads=106.48 items_per_second=11.1117M/s
BM_QUICKSORT/4/1/iterations:1/repeats:50_median               0.354 us        0.355 us           50 L1-dcache-loads=105 items_per_second=11.2676M/s
BM_QUICKSORT/4/1/iterations:1/repeats:50_stddev               0.034 us        0.033 us           50 L1-dcache-loads=5.53003 items_per_second=786.772k/s
BM_QUICKSORT/4/1/iterations:1/repeats:50_cv                    9.49 %          8.98 %            50 L1-dcache-loads=5.19% items_per_second=7.08%
BM_QUICKSORT/8/1/iterations:1/repeats:50                      0.517 us        0.513 us            1 L1-dcache-loads=153 items_per_second=15.5945M/s
BM_QUICKSORT/8/1/iterations:1/repeats:50                      0.386 us        0.384 us            1 L1-dcache-loads=137 items_per_second=20.8333M/s
BM_QUICKSORT/8/1/iterations:1/repeats:50                      0.449 us        0.452 us            1 L1-dcache-loads=159 items_per_second=17.6991M/s
BM_QUICKSORT/8/1/iterations:1/repeats:50                      0.394 us        0.394 us            1 L1-dcache-loads=142 items_per_second=20.3046M/s
BM_QUICKSORT/8/1/iterations:1/repeats:50                      0.409 us        0.414 us            1 L1-dcache-loads=135 items_per_second=19.3237M/s
BM_QUICKSORT/8/1/iterations:1/repeats:50                      0.383 us        0.382 us            1 L1-dcache-loads=126 items_per_second=20.9424M/s
BM_QUICKSORT/8/1/iterations:1/repeats:50                      0.390 us        0.388 us            1 L1-dcache-loads=128 items_per_second=20.6186M/s
BM_QUICKSORT/8/1/iterations:1/repeats:50                      0.415 us        0.422 us            1 L1-dcache-loads=133 items_per_second=18.9573M/s
BM_QUICKSORT/8/1/iterations:1/repeats:50                      0.433 us        0.440 us            1 L1-dcache-loads=161 items_per_second=18.1818M/s
BM_QUICKSORT/8/1/iterations:1/repeats:50                      0.392 us        0.390 us            1 L1-dcache-loads=130 items_per_second=20.5128M/s
BM_QUICKSORT/8/1/iterations:1/repeats:50                      0.399 us        0.397 us            1 L1-dcache-loads=144 items_per_second=20.1511M/s
BM_QUICKSORT/8/1/iterations:1/repeats:50                      0.413 us        0.413 us            1 L1-dcache-loads=142 items_per_second=19.3705M/s
BM_QUICKSORT/8/1/iterations:1/repeats:50                      0.389 us        0.388 us            1 L1-dcache-loads=132 items_per_second=20.6186M/s
BM_QUICKSORT/8/1/iterations:1/repeats:50                      0.396 us        0.401 us            1 L1-dcache-loads=136 items_per_second=19.9501M/s
BM_QUICKSORT/8/1/iterations:1/repeats:50                      0.390 us        0.387 us            1 L1-dcache-loads=150 items_per_second=20.6718M/s
BM_QUICKSORT/8/1/iterations:1/repeats:50                      0.414 us        0.420 us            1 L1-dcache-loads=134 items_per_second=19.0476M/s
BM_QUICKSORT/8/1/iterations:1/repeats:50                      0.410 us        0.416 us            1 L1-dcache-loads=126 items_per_second=19.2308M/s
BM_QUICKSORT/8/1/iterations:1/repeats:50                      0.449 us        0.447 us            1 L1-dcache-loads=152 items_per_second=17.8971M/s
BM_QUICKSORT/8/1/iterations:1/repeats:50                      0.399 us        0.406 us            1 L1-dcache-loads=146 items_per_second=19.7044M/s
BM_QUICKSORT/8/1/iterations:1/repeats:50                      0.414 us        0.405 us            1 L1-dcache-loads=132 items_per_second=19.7531M/s
BM_QUICKSORT/8/1/iterations:1/repeats:50                      0.388 us        0.393 us            1 L1-dcache-loads=133 items_per_second=20.3562M/s
BM_QUICKSORT/8/1/iterations:1/repeats:50                      0.394 us        0.395 us            1 L1-dcache-loads=135 items_per_second=20.2532M/s
BM_QUICKSORT/8/1/iterations:1/repeats:50                      0.396 us        0.393 us            1 L1-dcache-loads=137 items_per_second=20.3562M/s
BM_QUICKSORT/8/1/iterations:1/repeats:50                      0.402 us        0.402 us            1 L1-dcache-loads=143 items_per_second=19.9005M/s
BM_QUICKSORT/8/1/iterations:1/repeats:50                      0.411 us        0.410 us            1 L1-dcache-loads=139 items_per_second=19.5122M/s
BM_QUICKSORT/8/1/iterations:1/repeats:50                      0.402 us        0.402 us            1 L1-dcache-loads=140 items_per_second=19.9005M/s
BM_QUICKSORT/8/1/iterations:1/repeats:50                      0.398 us        0.398 us            1 L1-dcache-loads=142 items_per_second=20.1005M/s
BM_QUICKSORT/8/1/iterations:1/repeats:50                      0.405 us        0.412 us            1 L1-dcache-loads=135 items_per_second=19.4175M/s
BM_QUICKSORT/8/1/iterations:1/repeats:50                      0.364 us        0.364 us            1 L1-dcache-loads=133 items_per_second=21.978M/s
BM_QUICKSORT/8/1/iterations:1/repeats:50                      0.383 us        0.390 us            1 L1-dcache-loads=125 items_per_second=20.5128M/s
BM_QUICKSORT/8/1/iterations:1/repeats:50                      0.388 us        0.396 us            1 L1-dcache-loads=138 items_per_second=20.202M/s
BM_QUICKSORT/8/1/iterations:1/repeats:50                      0.381 us        0.387 us            1 L1-dcache-loads=142 items_per_second=20.6718M/s
BM_QUICKSORT/8/1/iterations:1/repeats:50                      0.398 us        0.396 us            1 L1-dcache-loads=134 items_per_second=20.202M/s
BM_QUICKSORT/8/1/iterations:1/repeats:50                      0.392 us        0.386 us            1 L1-dcache-loads=130 items_per_second=20.7254M/s
BM_QUICKSORT/8/1/iterations:1/repeats:50                      0.418 us        0.425 us            1 L1-dcache-loads=151 items_per_second=18.8235M/s
BM_QUICKSORT/8/1/iterations:1/repeats:50                      0.402 us        0.403 us            1 L1-dcache-loads=141 items_per_second=19.8511M/s
BM_QUICKSORT/8/1/iterations:1/repeats:50                      0.396 us        0.394 us            1 L1-dcache-loads=135 items_per_second=20.3046M/s
BM_QUICKSORT/8/1/iterations:1/repeats:50                      0.395 us        0.401 us            1 L1-dcache-loads=147 items_per_second=19.9501M/s
BM_QUICKSORT/8/1/iterations:1/repeats:50                      0.365 us        0.364 us            1 L1-dcache-loads=143 items_per_second=21.978M/s
BM_QUICKSORT/8/1/iterations:1/repeats:50                      0.423 us        0.415 us            1 L1-dcache-loads=137 items_per_second=19.2771M/s
BM_QUICKSORT/8/1/iterations:1/repeats:50                      0.381 us        0.379 us            1 L1-dcache-loads=125 items_per_second=21.1082M/s
BM_QUICKSORT/8/1/iterations:1/repeats:50                      0.389 us        0.387 us            1 L1-dcache-loads=159 items_per_second=20.6718M/s
BM_QUICKSORT/8/1/iterations:1/repeats:50                      0.379 us        0.380 us            1 L1-dcache-loads=130 items_per_second=21.0526M/s
BM_QUICKSORT/8/1/iterations:1/repeats:50                      0.386 us        0.386 us            1 L1-dcache-loads=147 items_per_second=20.7254M/s
BM_QUICKSORT/8/1/iterations:1/repeats:50                      0.404 us        0.403 us            1 L1-dcache-loads=139 items_per_second=19.8511M/s
BM_QUICKSORT/8/1/iterations:1/repeats:50                      0.398 us        0.397 us            1 L1-dcache-loads=134 items_per_second=20.1511M/s
BM_QUICKSORT/8/1/iterations:1/repeats:50                      0.404 us        0.405 us            1 L1-dcache-loads=148 items_per_second=19.7531M/s
BM_QUICKSORT/8/1/iterations:1/repeats:50                      0.397 us        0.402 us            1 L1-dcache-loads=135 items_per_second=19.9005M/s
BM_QUICKSORT/8/1/iterations:1/repeats:50                      0.395 us        0.395 us            1 L1-dcache-loads=136 items_per_second=20.2532M/s
BM_QUICKSORT/8/1/iterations:1/repeats:50                      0.377 us        0.375 us            1 L1-dcache-loads=127 items_per_second=21.3333M/s
BM_QUICKSORT/8/1/iterations:1/repeats:50_mean                 0.401 us        0.402 us           50 L1-dcache-loads=138.76 items_per_second=19.9687M/s
BM_QUICKSORT/8/1/iterations:1/repeats:50_median               0.396 us        0.397 us           50 L1-dcache-loads=137 items_per_second=20.1511M/s
BM_QUICKSORT/8/1/iterations:1/repeats:50_stddev               0.024 us        0.024 us           50 L1-dcache-loads=8.91813 items_per_second=1.07397M/s
BM_QUICKSORT/8/1/iterations:1/repeats:50_cv                    5.94 %          5.96 %            50 L1-dcache-loads=6.43% items_per_second=5.38%
BM_QUICKSORT/16/1/iterations:1/repeats:50                     0.654 us        0.639 us            1 L1-dcache-loads=216 items_per_second=25.0391M/s
BM_QUICKSORT/16/1/iterations:1/repeats:50                     0.535 us        0.535 us            1 L1-dcache-loads=221 items_per_second=29.9065M/s
BM_QUICKSORT/16/1/iterations:1/repeats:50                     0.571 us        0.577 us            1 L1-dcache-loads=233 items_per_second=27.7296M/s
BM_QUICKSORT/16/1/iterations:1/repeats:50                     0.542 us        0.539 us            1 L1-dcache-loads=208 items_per_second=29.6846M/s
BM_QUICKSORT/16/1/iterations:1/repeats:50                     0.540 us        0.540 us            1 L1-dcache-loads=215 items_per_second=29.6296M/s
BM_QUICKSORT/16/1/iterations:1/repeats:50                     0.515 us        0.524 us            1 L1-dcache-loads=227 items_per_second=30.5344M/s
BM_QUICKSORT/16/1/iterations:1/repeats:50                     0.520 us        0.526 us            1 L1-dcache-loads=224 items_per_second=30.4183M/s
BM_QUICKSORT/16/1/iterations:1/repeats:50                     0.529 us        0.537 us            1 L1-dcache-loads=203 items_per_second=29.7952M/s
BM_QUICKSORT/16/1/iterations:1/repeats:50                     0.517 us        0.513 us            1 L1-dcache-loads=213 items_per_second=31.1891M/s
BM_QUICKSORT/16/1/iterations:1/repeats:50                     0.506 us        0.501 us            1 L1-dcache-loads=213 items_per_second=31.9361M/s
BM_QUICKSORT/16/1/iterations:1/repeats:50                     0.531 us        0.535 us            1 L1-dcache-loads=254 items_per_second=29.9065M/s
BM_QUICKSORT/16/1/iterations:1/repeats:50                     0.571 us        0.571 us            1 L1-dcache-loads=231 items_per_second=28.021M/s
BM_QUICKSORT/16/1/iterations:1/repeats:50                     0.515 us        0.519 us            1 L1-dcache-loads=215 items_per_second=30.8285M/s
BM_QUICKSORT/16/1/iterations:1/repeats:50                     0.513 us        0.504 us            1 L1-dcache-loads=206 items_per_second=31.746M/s
BM_QUICKSORT/16/1/iterations:1/repeats:50                     0.541 us        0.539 us            1 L1-dcache-loads=218 items_per_second=29.6846M/s
BM_QUICKSORT/16/1/iterations:1/repeats:50                     0.487 us        0.485 us            1 L1-dcache-loads=194 items_per_second=32.9897M/s
BM_QUICKSORT/16/1/iterations:1/repeats:50                     0.514 us        0.516 us            1 L1-dcache-loads=207 items_per_second=31.0078M/s
BM_QUICKSORT/16/1/iterations:1/repeats:50                     0.545 us        0.541 us            1 L1-dcache-loads=204 items_per_second=29.5749M/s
BM_QUICKSORT/16/1/iterations:1/repeats:50                     0.506 us        0.502 us            1 L1-dcache-loads=220 items_per_second=31.8725M/s
BM_QUICKSORT/16/1/iterations:1/repeats:50                     0.523 us        0.523 us            1 L1-dcache-loads=211 items_per_second=30.5927M/s
BM_QUICKSORT/16/1/iterations:1/repeats:50                     0.522 us        0.522 us            1 L1-dcache-loads=258 items_per_second=30.6513M/s
BM_QUICKSORT/16/1/iterations:1/repeats:50                     0.500 us        0.492 us            1 L1-dcache-loads=217 items_per_second=32.5203M/s
BM_QUICKSORT/16/1/iterations:1/repeats:50                     0.538 us        0.545 us            1 L1-dcache-loads=256 items_per_second=29.3578M/s
BM_QUICKSORT/16/1/iterations:1/repeats:50                     0.538 us        0.546 us            1 L1-dcache-loads=232 items_per_second=29.304M/s
BM_QUICKSORT/16/1/iterations:1/repeats:50                     0.529 us        0.530 us            1 L1-dcache-loads=205 items_per_second=30.1887M/s
BM_QUICKSORT/16/1/iterations:1/repeats:50                     0.519 us        0.520 us            1 L1-dcache-loads=215 items_per_second=30.7692M/s
BM_QUICKSORT/16/1/iterations:1/repeats:50                     0.502 us        0.501 us            1 L1-dcache-loads=230 items_per_second=31.9361M/s
BM_QUICKSORT/16/1/iterations:1/repeats:50                     0.556 us        0.562 us            1 L1-dcache-loads=238 items_per_second=28.4698M/s
BM_QUICKSORT/16/1/iterations:1/repeats:50                     0.491 us        0.492 us            1 L1-dcache-loads=237 items_per_second=32.5203M/s
BM_QUICKSORT/16/1/iterations:1/repeats:50                     0.581 us        0.580 us            1 L1-dcache-loads=229 items_per_second=27.5862M/s
BM_QUICKSORT/16/1/iterations:1/repeats:50                     0.527 us        0.527 us            1 L1-dcache-loads=207 items_per_second=30.3605M/s
BM_QUICKSORT/16/1/iterations:1/repeats:50                     0.518 us        0.518 us            1 L1-dcache-loads=233 items_per_second=30.888M/s
BM_QUICKSORT/16/1/iterations:1/repeats:50                     0.541 us        0.541 us            1 L1-dcache-loads=250 items_per_second=29.5749M/s
BM_QUICKSORT/16/1/iterations:1/repeats:50                     0.528 us        0.528 us            1 L1-dcache-loads=207 items_per_second=30.303M/s
BM_QUICKSORT/16/1/iterations:1/repeats:50                     0.517 us        0.516 us            1 L1-dcache-loads=211 items_per_second=31.0078M/s
BM_QUICKSORT/16/1/iterations:1/repeats:50                     0.555 us        0.554 us            1 L1-dcache-loads=233 items_per_second=28.8809M/s
BM_QUICKSORT/16/1/iterations:1/repeats:50                     0.466 us        0.467 us            1 L1-dcache-loads=199 items_per_second=34.2612M/s
BM_QUICKSORT/16/1/iterations:1/repeats:50                     0.518 us        0.517 us            1 L1-dcache-loads=227 items_per_second=30.9478M/s
BM_QUICKSORT/16/1/iterations:1/repeats:50                     0.489 us        0.491 us            1 L1-dcache-loads=203 items_per_second=32.5866M/s
BM_QUICKSORT/16/1/iterations:1/repeats:50                     0.559 us        0.559 us            1 L1-dcache-loads=233 items_per_second=28.6225M/s
BM_QUICKSORT/16/1/iterations:1/repeats:50                     0.526 us        0.534 us            1 L1-dcache-loads=250 items_per_second=29.9625M/s
BM_QUICKSORT/16/1/iterations:1/repeats:50                     0.548 us        0.554 us            1 L1-dcache-loads=233 items_per_second=28.8809M/s
BM_QUICKSORT/16/1/iterations:1/repeats:50                     0.493 us        0.492 us            1 L1-dcache-loads=224 items_per_second=32.5203M/s
BM_QUICKSORT/16/1/iterations:1/repeats:50                     0.509 us        0.503 us            1 L1-dcache-loads=212 items_per_second=31.8091M/s
BM_QUICKSORT/16/1/iterations:1/repeats:50                     0.512 us        0.514 us            1 L1-dcache-loads=207 items_per_second=31.1284M/s
BM_QUICKSORT/16/1/iterations:1/repeats:50                     0.539 us        0.542 us            1 L1-dcache-loads=224 items_per_second=29.5203M/s
BM_QUICKSORT/16/1/iterations:1/repeats:50                     0.477 us        0.478 us            1 L1-dcache-loads=193 items_per_second=33.4728M/s
BM_QUICKSORT/16/1/iterations:1/repeats:50                     0.500 us        0.507 us            1 L1-dcache-loads=200 items_per_second=31.5582M/s
BM_QUICKSORT/16/1/iterations:1/repeats:50                     0.579 us        0.588 us            1 L1-dcache-loads=223 items_per_second=27.2109M/s
BM_QUICKSORT/16/1/iterations:1/repeats:50                     0.524 us        0.532 us            1 L1-dcache-loads=225 items_per_second=30.0752M/s
BM_QUICKSORT/16/1/iterations:1/repeats:50_mean                0.528 us        0.528 us           50 L1-dcache-loads=220.88 items_per_second=30.3792M/s
BM_QUICKSORT/16/1/iterations:1/repeats:50_median              0.524 us        0.527 us           50 L1-dcache-loads=219 items_per_second=30.3894M/s
BM_QUICKSORT/16/1/iterations:1/repeats:50_stddev              0.031 us        0.031 us           50 L1-dcache-loads=15.9663 items_per_second=1.70571M/s
BM_QUICKSORT/16/1/iterations:1/repeats:50_cv                   5.85 %          5.82 %            50 L1-dcache-loads=7.23% items_per_second=5.61%
BM_QUICKSORT/32/1/iterations:1/repeats:50                     0.908 us        0.894 us            1 L1-dcache-loads=430 items_per_second=35.7942M/s
BM_QUICKSORT/32/1/iterations:1/repeats:50                     0.788 us        0.786 us            1 L1-dcache-loads=374 items_per_second=40.7125M/s
BM_QUICKSORT/32/1/iterations:1/repeats:50                     0.811 us        0.807 us            1 L1-dcache-loads=376 items_per_second=39.653M/s
BM_QUICKSORT/32/1/iterations:1/repeats:50                     0.806 us        0.811 us            1 L1-dcache-loads=460 items_per_second=39.4575M/s
BM_QUICKSORT/32/1/iterations:1/repeats:50                     0.864 us        0.870 us            1 L1-dcache-loads=438 items_per_second=36.7816M/s
BM_QUICKSORT/32/1/iterations:1/repeats:50                     0.787 us        0.789 us            1 L1-dcache-loads=415 items_per_second=40.5577M/s
BM_QUICKSORT/32/1/iterations:1/repeats:50                     0.868 us        0.916 us            1 L1-dcache-loads=401 items_per_second=34.9345M/s
BM_QUICKSORT/32/1/iterations:1/repeats:50                     0.817 us        0.816 us            1 L1-dcache-loads=399 items_per_second=39.2157M/s
BM_QUICKSORT/32/1/iterations:1/repeats:50                     0.796 us        0.802 us            1 L1-dcache-loads=432 items_per_second=39.9002M/s
BM_QUICKSORT/32/1/iterations:1/repeats:50                     0.762 us        0.760 us            1 L1-dcache-loads=433 items_per_second=42.1053M/s
BM_QUICKSORT/32/1/iterations:1/repeats:50                     0.840 us        0.838 us            1 L1-dcache-loads=428 items_per_second=38.1862M/s
BM_QUICKSORT/32/1/iterations:1/repeats:50                     0.809 us        0.816 us            1 L1-dcache-loads=383 items_per_second=39.2157M/s
BM_QUICKSORT/32/1/iterations:1/repeats:50                     0.797 us        0.797 us            1 L1-dcache-loads=392 items_per_second=40.1506M/s
BM_QUICKSORT/32/1/iterations:1/repeats:50                     0.840 us        0.839 us            1 L1-dcache-loads=463 items_per_second=38.1406M/s
BM_QUICKSORT/32/1/iterations:1/repeats:50                     0.834 us        0.834 us            1 L1-dcache-loads=385 items_per_second=38.3693M/s
BM_QUICKSORT/32/1/iterations:1/repeats:50                     0.828 us        0.826 us            1 L1-dcache-loads=399 items_per_second=38.7409M/s
BM_QUICKSORT/32/1/iterations:1/repeats:50                     0.858 us        0.856 us            1 L1-dcache-loads=405 items_per_second=37.3832M/s
BM_QUICKSORT/32/1/iterations:1/repeats:50                     0.827 us        0.819 us            1 L1-dcache-loads=406 items_per_second=39.072M/s
BM_QUICKSORT/32/1/iterations:1/repeats:50                     0.755 us        0.753 us            1 L1-dcache-loads=401 items_per_second=42.4967M/s
BM_QUICKSORT/32/1/iterations:1/repeats:50                     0.814 us        0.811 us            1 L1-dcache-loads=405 items_per_second=39.4575M/s
BM_QUICKSORT/32/1/iterations:1/repeats:50                     0.787 us        0.787 us            1 L1-dcache-loads=428 items_per_second=40.6607M/s
BM_QUICKSORT/32/1/iterations:1/repeats:50                     0.813 us        0.814 us            1 L1-dcache-loads=450 items_per_second=39.312M/s
BM_QUICKSORT/32/1/iterations:1/repeats:50                     0.841 us        0.841 us            1 L1-dcache-loads=383 items_per_second=38.0499M/s
BM_QUICKSORT/32/1/iterations:1/repeats:50                     0.805 us        0.808 us            1 L1-dcache-loads=376 items_per_second=39.604M/s
BM_QUICKSORT/32/1/iterations:1/repeats:50                     0.842 us        0.842 us            1 L1-dcache-loads=422 items_per_second=38.0048M/s
BM_QUICKSORT/32/1/iterations:1/repeats:50                     0.799 us        0.799 us            1 L1-dcache-loads=389 items_per_second=40.0501M/s
BM_QUICKSORT/32/1/iterations:1/repeats:50                     0.785 us        0.785 us            1 L1-dcache-loads=454 items_per_second=40.7643M/s
BM_QUICKSORT/32/1/iterations:1/repeats:50                     0.805 us        0.802 us            1 L1-dcache-loads=438 items_per_second=39.9002M/s
BM_QUICKSORT/32/1/iterations:1/repeats:50                     0.853 us        0.851 us            1 L1-dcache-loads=389 items_per_second=37.6028M/s
BM_QUICKSORT/32/1/iterations:1/repeats:50                     0.815 us        0.816 us            1 L1-dcache-loads=388 items_per_second=39.2157M/s
BM_QUICKSORT/32/1/iterations:1/repeats:50                     0.827 us        0.827 us            1 L1-dcache-loads=410 items_per_second=38.6941M/s
BM_QUICKSORT/32/1/iterations:1/repeats:50                     0.804 us        0.800 us            1 L1-dcache-loads=399 items_per_second=40M/s
BM_QUICKSORT/32/1/iterations:1/repeats:50                     0.788 us        0.789 us            1 L1-dcache-loads=401 items_per_second=40.5577M/s
BM_QUICKSORT/32/1/iterations:1/repeats:50                     0.806 us        0.803 us            1 L1-dcache-loads=430 items_per_second=39.8506M/s
BM_QUICKSORT/32/1/iterations:1/repeats:50                     0.800 us        0.800 us            1 L1-dcache-loads=418 items_per_second=40M/s
BM_QUICKSORT/32/1/iterations:1/repeats:50                     0.802 us        0.814 us            1 L1-dcache-loads=405 items_per_second=39.312M/s
BM_QUICKSORT/32/1/iterations:1/repeats:50                     0.826 us        0.826 us            1 L1-dcache-loads=437 items_per_second=38.7409M/s
BM_QUICKSORT/32/1/iterations:1/repeats:50                     0.777 us        0.776 us            1 L1-dcache-loads=487 items_per_second=41.2371M/s
BM_QUICKSORT/32/1/iterations:1/repeats:50                     0.794 us        0.794 us            1 L1-dcache-loads=379 items_per_second=40.3023M/s
BM_QUICKSORT/32/1/iterations:1/repeats:50                     0.780 us        0.789 us            1 L1-dcache-loads=392 items_per_second=40.5577M/s
BM_QUICKSORT/32/1/iterations:1/repeats:50                     0.773 us        0.773 us            1 L1-dcache-loads=388 items_per_second=41.3972M/s
BM_QUICKSORT/32/1/iterations:1/repeats:50                     0.780 us        0.789 us            1 L1-dcache-loads=416 items_per_second=40.5577M/s
BM_QUICKSORT/32/1/iterations:1/repeats:50                     0.800 us        0.800 us            1 L1-dcache-loads=515 items_per_second=40M/s
BM_QUICKSORT/32/1/iterations:1/repeats:50                     0.766 us        0.772 us            1 L1-dcache-loads=500 items_per_second=41.4508M/s
BM_QUICKSORT/32/1/iterations:1/repeats:50                     0.813 us        0.819 us            1 L1-dcache-loads=442 items_per_second=39.072M/s
BM_QUICKSORT/32/1/iterations:1/repeats:50                     0.766 us        0.766 us            1 L1-dcache-loads=434 items_per_second=41.7755M/s
BM_QUICKSORT/32/1/iterations:1/repeats:50                     0.794 us        0.793 us            1 L1-dcache-loads=449 items_per_second=40.3531M/s
BM_QUICKSORT/32/1/iterations:1/repeats:50                     0.762 us        0.759 us            1 L1-dcache-loads=447 items_per_second=42.1607M/s
BM_QUICKSORT/32/1/iterations:1/repeats:50                     0.814 us        0.809 us            1 L1-dcache-loads=419 items_per_second=39.555M/s
BM_QUICKSORT/32/1/iterations:1/repeats:50                     0.775 us        0.785 us            1 L1-dcache-loads=414 items_per_second=40.7643M/s
BM_QUICKSORT/32/1/iterations:1/repeats:50_mean                0.808 us        0.809 us           50 L1-dcache-loads=418.48 items_per_second=39.5966M/s
BM_QUICKSORT/32/1/iterations:1/repeats:50_median              0.805 us        0.805 us           50 L1-dcache-loads=414.5 items_per_second=39.7518M/s
BM_QUICKSORT/32/1/iterations:1/repeats:50_stddev              0.031 us        0.032 us           50 L1-dcache-loads=31.8685 items_per_second=1.52208M/s
BM_QUICKSORT/32/1/iterations:1/repeats:50_cv                   3.81 %          3.97 %            50 L1-dcache-loads=7.62% items_per_second=3.84%
BM_QUICKSORT/64/1/iterations:1/repeats:50                      1.48 us         1.45 us            1 L1-dcache-loads=806 items_per_second=44.0468M/s
BM_QUICKSORT/64/1/iterations:1/repeats:50                      1.36 us         1.36 us            1 L1-dcache-loads=989 items_per_second=47.0935M/s
BM_QUICKSORT/64/1/iterations:1/repeats:50                      1.40 us         1.40 us            1 L1-dcache-loads=823 items_per_second=45.6165M/s
BM_QUICKSORT/64/1/iterations:1/repeats:50                      1.45 us         1.44 us            1 L1-dcache-loads=1.014k items_per_second=44.2907M/s
BM_QUICKSORT/64/1/iterations:1/repeats:50                      1.36 us         1.36 us            1 L1-dcache-loads=796 items_per_second=46.9552M/s
BM_QUICKSORT/64/1/iterations:1/repeats:50                      1.45 us         1.45 us            1 L1-dcache-loads=829 items_per_second=44.0771M/s
BM_QUICKSORT/64/1/iterations:1/repeats:50                      1.41 us         1.41 us            1 L1-dcache-loads=833 items_per_second=45.3579M/s
BM_QUICKSORT/64/1/iterations:1/repeats:50                      1.37 us         1.37 us            1 L1-dcache-loads=821 items_per_second=46.6472M/s
BM_QUICKSORT/64/1/iterations:1/repeats:50                      1.40 us         1.40 us            1 L1-dcache-loads=807 items_per_second=45.6491M/s
BM_QUICKSORT/64/1/iterations:1/repeats:50                      1.43 us         1.43 us            1 L1-dcache-loads=919 items_per_second=44.6304M/s
BM_QUICKSORT/64/1/iterations:1/repeats:50                      1.39 us         1.39 us            1 L1-dcache-loads=1.072k items_per_second=45.911M/s
BM_QUICKSORT/64/1/iterations:1/repeats:50                      1.35 us         1.35 us            1 L1-dcache-loads=834 items_per_second=47.3373M/s
BM_QUICKSORT/64/1/iterations:1/repeats:50                      1.35 us         1.35 us            1 L1-dcache-loads=980 items_per_second=47.3723M/s
BM_QUICKSORT/64/1/iterations:1/repeats:50                      1.34 us         1.34 us            1 L1-dcache-loads=870 items_per_second=47.8326M/s
BM_QUICKSORT/64/1/iterations:1/repeats:50                      1.35 us         1.34 us            1 L1-dcache-loads=814 items_per_second=47.619M/s
BM_QUICKSORT/64/1/iterations:1/repeats:50                      1.31 us         1.31 us            1 L1-dcache-loads=783 items_per_second=48.9297M/s
BM_QUICKSORT/64/1/iterations:1/repeats:50                      1.42 us         1.42 us            1 L1-dcache-loads=941 items_per_second=44.9754M/s
BM_QUICKSORT/64/1/iterations:1/repeats:50                      1.37 us         1.37 us            1 L1-dcache-loads=822 items_per_second=46.6813M/s
BM_QUICKSORT/64/1/iterations:1/repeats:50                      1.41 us         1.40 us            1 L1-dcache-loads=885 items_per_second=45.747M/s
BM_QUICKSORT/64/1/iterations:1/repeats:50                      1.29 us         1.29 us            1 L1-dcache-loads=828 items_per_second=49.728M/s
BM_QUICKSORT/64/1/iterations:1/repeats:50                      1.33 us         1.33 us            1 L1-dcache-loads=932 items_per_second=48.1565M/s
BM_QUICKSORT/64/1/iterations:1/repeats:50                      1.29 us         1.29 us            1 L1-dcache-loads=1.003k items_per_second=49.459M/s
BM_QUICKSORT/64/1/iterations:1/repeats:50                      1.39 us         1.39 us            1 L1-dcache-loads=955 items_per_second=46.0432M/s
BM_QUICKSORT/64/1/iterations:1/repeats:50                      1.30 us         1.31 us            1 L1-dcache-loads=842 items_per_second=48.8177M/s
BM_QUICKSORT/64/1/iterations:1/repeats:50                      1.30 us         1.31 us            1 L1-dcache-loads=825 items_per_second=48.8177M/s
BM_QUICKSORT/64/1/iterations:1/repeats:50                      1.33 us         1.33 us            1 L1-dcache-loads=808 items_per_second=48.1928M/s
BM_QUICKSORT/64/1/iterations:1/repeats:50                      1.42 us         1.42 us            1 L1-dcache-loads=985 items_per_second=45.0704M/s
BM_QUICKSORT/64/1/iterations:1/repeats:50                      1.34 us         1.34 us            1 L1-dcache-loads=1.041k items_per_second=47.69M/s
BM_QUICKSORT/64/1/iterations:1/repeats:50                      1.38 us         1.38 us            1 L1-dcache-loads=928 items_per_second=46.3432M/s
BM_QUICKSORT/64/1/iterations:1/repeats:50                      1.33 us         1.34 us            1 L1-dcache-loads=838 items_per_second=47.9042M/s
BM_QUICKSORT/64/1/iterations:1/repeats:50                      1.33 us         1.32 us            1 L1-dcache-loads=872 items_per_second=48.3384M/s
BM_QUICKSORT/64/1/iterations:1/repeats:50                      1.46 us         1.46 us            1 L1-dcache-loads=885 items_per_second=43.8657M/s
BM_QUICKSORT/64/1/iterations:1/repeats:50                      1.38 us         1.38 us            1 L1-dcache-loads=884 items_per_second=46.4441M/s
BM_QUICKSORT/64/1/iterations:1/repeats:50                      1.43 us         1.42 us            1 L1-dcache-loads=857 items_per_second=45.2297M/s
BM_QUICKSORT/64/1/iterations:1/repeats:50                      1.37 us         1.37 us            1 L1-dcache-loads=864 items_per_second=46.8178M/s
BM_QUICKSORT/64/1/iterations:1/repeats:50                      1.36 us         1.36 us            1 L1-dcache-loads=797 items_per_second=47.1629M/s
BM_QUICKSORT/64/1/iterations:1/repeats:50                      1.48 us         1.48 us            1 L1-dcache-loads=877 items_per_second=43.1849M/s
BM_QUICKSORT/64/1/iterations:1/repeats:50                      1.32 us         1.32 us            1 L1-dcache-loads=831 items_per_second=48.5584M/s
BM_QUICKSORT/64/1/iterations:1/repeats:50                      1.42 us         1.42 us            1 L1-dcache-loads=830 items_per_second=45.1658M/s
BM_QUICKSORT/64/1/iterations:1/repeats:50                      1.28 us         1.28 us            1 L1-dcache-loads=972 items_per_second=50.1175M/s
BM_QUICKSORT/64/1/iterations:1/repeats:50                      1.37 us         1.38 us            1 L1-dcache-loads=817 items_per_second=46.4779M/s
BM_QUICKSORT/64/1/iterations:1/repeats:50                      1.28 us         1.28 us            1 L1-dcache-loads=961 items_per_second=50.0782M/s
BM_QUICKSORT/64/1/iterations:1/repeats:50                      1.36 us         1.35 us            1 L1-dcache-loads=789 items_per_second=47.2325M/s
BM_QUICKSORT/64/1/iterations:1/repeats:50                      1.31 us         1.31 us            1 L1-dcache-loads=810 items_per_second=48.8177M/s
BM_QUICKSORT/64/1/iterations:1/repeats:50                      1.29 us         1.29 us            1 L1-dcache-loads=936 items_per_second=49.6894M/s
BM_QUICKSORT/64/1/iterations:1/repeats:50                      1.35 us         1.35 us            1 L1-dcache-loads=856 items_per_second=47.513M/s
BM_QUICKSORT/64/1/iterations:1/repeats:50                      1.20 us         1.20 us            1 L1-dcache-loads=850 items_per_second=53.4224M/s
BM_QUICKSORT/64/1/iterations:1/repeats:50                      1.28 us         1.28 us            1 L1-dcache-loads=915 items_per_second=50.1175M/s
BM_QUICKSORT/64/1/iterations:1/repeats:50                      1.37 us         1.37 us            1 L1-dcache-loads=791 items_per_second=46.8521M/s
BM_QUICKSORT/64/1/iterations:1/repeats:50                      1.31 us         1.32 us            1 L1-dcache-loads=944 items_per_second=48.6692M/s
BM_QUICKSORT/64/1/iterations:1/repeats:50_mean                 1.36 us         1.36 us           50 L1-dcache-loads=879.22 items_per_second=47.135M/s
BM_QUICKSORT/64/1/iterations:1/repeats:50_median               1.36 us         1.36 us           50 L1-dcache-loads=856.5 items_per_second=47.1282M/s
BM_QUICKSORT/64/1/iterations:1/repeats:50_stddev              0.059 us        0.057 us           50 L1-dcache-loads=74.2624 items_per_second=2.00342M/s
BM_QUICKSORT/64/1/iterations:1/repeats:50_cv                   4.35 %          4.20 %            50 L1-dcache-loads=8.45% items_per_second=4.25%
BM_QUICKSORT/128/1/iterations:1/repeats:50                     2.83 us         2.81 us            1 L1-dcache-loads=1.942k items_per_second=45.5354M/s
BM_QUICKSORT/128/1/iterations:1/repeats:50                     2.71 us         2.71 us            1 L1-dcache-loads=1.996k items_per_second=47.2674M/s
BM_QUICKSORT/128/1/iterations:1/repeats:50                     2.75 us         2.75 us            1 L1-dcache-loads=1.706k items_per_second=46.5963M/s
BM_QUICKSORT/128/1/iterations:1/repeats:50                     2.73 us         2.73 us            1 L1-dcache-loads=1.997k items_per_second=46.9552M/s
BM_QUICKSORT/128/1/iterations:1/repeats:50                     2.92 us         2.92 us            1 L1-dcache-loads=2.214k items_per_second=43.7607M/s
BM_QUICKSORT/128/1/iterations:1/repeats:50                     2.68 us         2.68 us            1 L1-dcache-loads=1.851k items_per_second=47.8505M/s
BM_QUICKSORT/128/1/iterations:1/repeats:50                     2.74 us         2.74 us            1 L1-dcache-loads=1.87k items_per_second=46.6302M/s
BM_QUICKSORT/128/1/iterations:1/repeats:50                     2.69 us         2.69 us            1 L1-dcache-loads=2.025k items_per_second=47.566M/s
BM_QUICKSORT/128/1/iterations:1/repeats:50                     2.74 us         2.74 us            1 L1-dcache-loads=1.833k items_per_second=46.7324M/s
BM_QUICKSORT/128/1/iterations:1/repeats:50                     2.72 us         2.72 us            1 L1-dcache-loads=1.765k items_per_second=47.0242M/s
BM_QUICKSORT/128/1/iterations:1/repeats:50                     2.68 us         2.68 us            1 L1-dcache-loads=1.86k items_per_second=47.779M/s
BM_QUICKSORT/128/1/iterations:1/repeats:50                     2.74 us         2.74 us            1 L1-dcache-loads=1.832k items_per_second=46.7665M/s
BM_QUICKSORT/128/1/iterations:1/repeats:50                     2.62 us         2.62 us            1 L1-dcache-loads=1.734k items_per_second=48.911M/s
BM_QUICKSORT/128/1/iterations:1/repeats:50                     2.72 us         2.72 us            1 L1-dcache-loads=1.91k items_per_second=47.0242M/s
BM_QUICKSORT/128/1/iterations:1/repeats:50                     2.68 us         2.68 us            1 L1-dcache-loads=1.966k items_per_second=47.7434M/s
BM_QUICKSORT/128/1/iterations:1/repeats:50                     2.75 us         2.75 us            1 L1-dcache-loads=1.766k items_per_second=46.5116M/s
BM_QUICKSORT/128/1/iterations:1/repeats:50                     2.68 us         2.69 us            1 L1-dcache-loads=1.762k items_per_second=47.6545M/s
BM_QUICKSORT/128/1/iterations:1/repeats:50                     2.66 us         2.66 us            1 L1-dcache-loads=1.822k items_per_second=48.1203M/s
BM_QUICKSORT/128/1/iterations:1/repeats:50                     2.72 us         2.72 us            1 L1-dcache-loads=2.212k items_per_second=47.0935M/s
BM_QUICKSORT/128/1/iterations:1/repeats:50                     2.59 us         2.58 us            1 L1-dcache-loads=2.075k items_per_second=49.5356M/s
BM_QUICKSORT/128/1/iterations:1/repeats:50                     2.71 us         2.71 us            1 L1-dcache-loads=1.803k items_per_second=47.1802M/s
BM_QUICKSORT/128/1/iterations:1/repeats:50                     2.70 us         2.70 us            1 L1-dcache-loads=1.74k items_per_second=47.4426M/s
BM_QUICKSORT/128/1/iterations:1/repeats:50                     2.68 us         2.68 us            1 L1-dcache-loads=1.864k items_per_second=47.8147M/s
BM_QUICKSORT/128/1/iterations:1/repeats:50                     2.73 us         2.73 us            1 L1-dcache-loads=2.016k items_per_second=46.8178M/s
BM_QUICKSORT/128/1/iterations:1/repeats:50                     2.66 us         2.66 us            1 L1-dcache-loads=1.877k items_per_second=48.1022M/s
BM_QUICKSORT/128/1/iterations:1/repeats:50                     2.63 us         2.63 us            1 L1-dcache-loads=1.948k items_per_second=48.6692M/s
BM_QUICKSORT/128/1/iterations:1/repeats:50                     2.75 us         2.75 us            1 L1-dcache-loads=1.976k items_per_second=46.6133M/s
BM_QUICKSORT/128/1/iterations:1/repeats:50                     2.79 us         2.80 us            1 L1-dcache-loads=1.805k items_per_second=45.7143M/s
BM_QUICKSORT/128/1/iterations:1/repeats:50                     2.70 us         2.70 us            1 L1-dcache-loads=2.234k items_per_second=47.4426M/s
BM_QUICKSORT/128/1/iterations:1/repeats:50                     2.74 us         2.74 us            1 L1-dcache-loads=1.925k items_per_second=46.7324M/s
BM_QUICKSORT/128/1/iterations:1/repeats:50                     2.66 us         2.67 us            1 L1-dcache-loads=2.098k items_per_second=47.958M/s
BM_QUICKSORT/128/1/iterations:1/repeats:50                     2.77 us         2.77 us            1 L1-dcache-loads=2.081k items_per_second=46.2261M/s
BM_QUICKSORT/128/1/iterations:1/repeats:50                     2.79 us         2.79 us            1 L1-dcache-loads=1.835k items_per_second=45.8289M/s
BM_QUICKSORT/128/1/iterations:1/repeats:50                     2.74 us         2.75 us            1 L1-dcache-loads=2.277k items_per_second=46.6133M/s
BM_QUICKSORT/128/1/iterations:1/repeats:50                     2.58 us         2.58 us            1 L1-dcache-loads=1.969k items_per_second=49.5356M/s
BM_QUICKSORT/128/1/iterations:1/repeats:50                     2.70 us         2.69 us            1 L1-dcache-loads=1.675k items_per_second=47.4954M/s
BM_QUICKSORT/128/1/iterations:1/repeats:50                     2.75 us         2.76 us            1 L1-dcache-loads=1.841k items_per_second=46.3432M/s
BM_QUICKSORT/128/1/iterations:1/repeats:50                     2.77 us         2.76 us            1 L1-dcache-loads=1.768k items_per_second=46.2929M/s
BM_QUICKSORT/128/1/iterations:1/repeats:50                     2.70 us         2.70 us            1 L1-dcache-loads=1.83k items_per_second=47.3899M/s
BM_QUICKSORT/128/1/iterations:1/repeats:50                     2.62 us         2.62 us            1 L1-dcache-loads=1.94k items_per_second=48.8736M/s
BM_QUICKSORT/128/1/iterations:1/repeats:50                     2.78 us         2.78 us            1 L1-dcache-loads=1.848k items_per_second=46.0763M/s
BM_QUICKSORT/128/1/iterations:1/repeats:50                     2.61 us         2.62 us            1 L1-dcache-loads=1.931k items_per_second=48.9297M/s
BM_QUICKSORT/128/1/iterations:1/repeats:50                     2.73 us         2.73 us            1 L1-dcache-loads=1.991k items_per_second=46.8693M/s
BM_QUICKSORT/128/1/iterations:1/repeats:50                     2.60 us         2.60 us            1 L1-dcache-loads=1.906k items_per_second=49.174M/s
BM_QUICKSORT/128/1/iterations:1/repeats:50                     2.73 us         2.73 us            1 L1-dcache-loads=1.869k items_per_second=46.9036M/s
BM_QUICKSORT/128/1/iterations:1/repeats:50                     2.73 us         2.73 us            1 L1-dcache-loads=1.78k items_per_second=46.8693M/s
BM_QUICKSORT/128/1/iterations:1/repeats:50                     2.67 us         2.67 us            1 L1-dcache-loads=1.767k items_per_second=47.958M/s
BM_QUICKSORT/128/1/iterations:1/repeats:50                     2.62 us         2.62 us            1 L1-dcache-loads=1.97k items_per_second=48.9297M/s
BM_QUICKSORT/128/1/iterations:1/repeats:50                     2.57 us         2.57 us            1 L1-dcache-loads=1.934k items_per_second=49.7861M/s
BM_QUICKSORT/128/1/iterations:1/repeats:50                     2.75 us         2.74 us            1 L1-dcache-loads=1.665k items_per_second=46.6302M/s
BM_QUICKSORT/128/1/iterations:1/repeats:50_mean                2.71 us         2.71 us           50 L1-dcache-loads=1.90602k items_per_second=47.3254M/s
BM_QUICKSORT/128/1/iterations:1/repeats:50_median              2.72 us         2.72 us           50 L1-dcache-loads=1.8735k items_per_second=47.1368M/s
BM_QUICKSORT/128/1/iterations:1/repeats:50_stddev             0.067 us        0.066 us           50 L1-dcache-loads=142.337 items_per_second=1.15396M/s
BM_QUICKSORT/128/1/iterations:1/repeats:50_cv                  2.46 %          2.45 %            50 L1-dcache-loads=7.47% items_per_second=2.44%
BM_QUICKSORT/256/1/iterations:1/repeats:50                     5.80 us         5.78 us            1 L1-dcache-loads=4.296k items_per_second=44.2907M/s
BM_QUICKSORT/256/1/iterations:1/repeats:50                     5.68 us         5.68 us            1 L1-dcache-loads=4.192k items_per_second=45.0466M/s
BM_QUICKSORT/256/1/iterations:1/repeats:50                     5.49 us         5.50 us            1 L1-dcache-loads=4.047k items_per_second=46.5455M/s
BM_QUICKSORT/256/1/iterations:1/repeats:50                     5.95 us         5.94 us            1 L1-dcache-loads=4.431k items_per_second=43.0759M/s
BM_QUICKSORT/256/1/iterations:1/repeats:50                     5.83 us         5.82 us            1 L1-dcache-loads=4.144k items_per_second=43.956M/s
BM_QUICKSORT/256/1/iterations:1/repeats:50                     5.66 us         5.65 us            1 L1-dcache-loads=3.987k items_per_second=45.2777M/s
BM_QUICKSORT/256/1/iterations:1/repeats:50                     5.59 us         5.60 us            1 L1-dcache-loads=4.393k items_per_second=45.7388M/s
BM_QUICKSORT/256/1/iterations:1/repeats:50                     5.73 us         5.73 us            1 L1-dcache-loads=4.133k items_per_second=44.7005M/s
BM_QUICKSORT/256/1/iterations:1/repeats:50                     5.49 us         5.51 us            1 L1-dcache-loads=4.385k items_per_second=46.4947M/s
BM_QUICKSORT/256/1/iterations:1/repeats:50                     5.78 us         5.78 us            1 L1-dcache-loads=4.376k items_per_second=44.283M/s
BM_QUICKSORT/256/1/iterations:1/repeats:50                     5.61 us         5.61 us            1 L1-dcache-loads=5.129k items_per_second=45.6084M/s
BM_QUICKSORT/256/1/iterations:1/repeats:50                     5.77 us         5.76 us            1 L1-dcache-loads=4.172k items_per_second=44.4059M/s
BM_QUICKSORT/256/1/iterations:1/repeats:50                     5.54 us         5.53 us            1 L1-dcache-loads=3.833k items_per_second=46.2929M/s
BM_QUICKSORT/256/1/iterations:1/repeats:50                     5.74 us         5.74 us            1 L1-dcache-loads=4.225k items_per_second=44.5993M/s
BM_QUICKSORT/256/1/iterations:1/repeats:50                     5.57 us         5.57 us            1 L1-dcache-loads=4.084k items_per_second=45.9853M/s
BM_QUICKSORT/256/1/iterations:1/repeats:50                     5.38 us         5.39 us            1 L1-dcache-loads=4.7k items_per_second=47.5306M/s
BM_QUICKSORT/256/1/iterations:1/repeats:50                     5.61 us         5.61 us            1 L1-dcache-loads=4.357k items_per_second=45.6491M/s
BM_QUICKSORT/256/1/iterations:1/repeats:50                     5.54 us         5.54 us            1 L1-dcache-loads=4.159k items_per_second=46.2177M/s
BM_QUICKSORT/256/1/iterations:1/repeats:50                     5.65 us         5.66 us            1 L1-dcache-loads=4.528k items_per_second=45.2457M/s
BM_QUICKSORT/256/1/iterations:1/repeats:50                     5.52 us         5.52 us            1 L1-dcache-loads=4.468k items_per_second=46.3852M/s
BM_QUICKSORT/256/1/iterations:1/repeats:50                     5.61 us         5.61 us            1 L1-dcache-loads=4.047k items_per_second=45.6409M/s
BM_QUICKSORT/256/1/iterations:1/repeats:50                     5.59 us         5.59 us            1 L1-dcache-loads=3.86k items_per_second=45.8207M/s
BM_QUICKSORT/256/1/iterations:1/repeats:50                     5.61 us         5.61 us            1 L1-dcache-loads=4.186k items_per_second=45.6572M/s
BM_QUICKSORT/256/1/iterations:1/repeats:50                     5.32 us         5.32 us            1 L1-dcache-loads=4.507k items_per_second=48.1113M/s
BM_QUICKSORT/256/1/iterations:1/repeats:50                     5.52 us         5.52 us            1 L1-dcache-loads=4.277k items_per_second=46.36M/s
BM_QUICKSORT/256/1/iterations:1/repeats:50                     5.65 us         5.65 us            1 L1-dcache-loads=3.82k items_per_second=45.3338M/s
BM_QUICKSORT/256/1/iterations:1/repeats:50                     5.49 us         5.49 us            1 L1-dcache-loads=4.49k items_per_second=46.6387M/s
BM_QUICKSORT/256/1/iterations:1/repeats:50                     5.59 us         5.59 us            1 L1-dcache-loads=4.113k items_per_second=45.8289M/s
BM_QUICKSORT/256/1/iterations:1/repeats:50                     5.48 us         5.48 us            1 L1-dcache-loads=4.412k items_per_second=46.7239M/s
BM_QUICKSORT/256/1/iterations:1/repeats:50                     5.60 us         5.60 us            1 L1-dcache-loads=4.375k items_per_second=45.6898M/s
BM_QUICKSORT/256/1/iterations:1/repeats:50                     5.76 us         5.75 us            1 L1-dcache-loads=4.631k items_per_second=44.4908M/s
BM_QUICKSORT/256/1/iterations:1/repeats:50                     5.83 us         5.83 us            1 L1-dcache-loads=4.026k items_per_second=43.941M/s
BM_QUICKSORT/256/1/iterations:1/repeats:50                     5.63 us         5.63 us            1 L1-dcache-loads=3.845k items_per_second=45.4465M/s
BM_QUICKSORT/256/1/iterations:1/repeats:50                     5.84 us         5.83 us            1 L1-dcache-loads=3.96k items_per_second=43.8957M/s
BM_QUICKSORT/256/1/iterations:1/repeats:50                     5.32 us         5.32 us            1 L1-dcache-loads=4.134k items_per_second=48.1113M/s
BM_QUICKSORT/256/1/iterations:1/repeats:50                     5.68 us         5.68 us            1 L1-dcache-loads=4.191k items_per_second=45.0625M/s
BM_QUICKSORT/256/1/iterations:1/repeats:50                     5.58 us         5.58 us            1 L1-dcache-loads=4.556k items_per_second=45.8535M/s
BM_QUICKSORT/256/1/iterations:1/repeats:50                     5.62 us         5.62 us            1 L1-dcache-loads=4.136k items_per_second=45.5192M/s
BM_QUICKSORT/256/1/iterations:1/repeats:50                     5.55 us         5.55 us            1 L1-dcache-loads=4.203k items_per_second=46.1344M/s
BM_QUICKSORT/256/1/iterations:1/repeats:50                     5.55 us         5.55 us            1 L1-dcache-loads=4.091k items_per_second=46.1178M/s
BM_QUICKSORT/256/1/iterations:1/repeats:50                     5.45 us         5.45 us            1 L1-dcache-loads=4.056k items_per_second=46.9552M/s
BM_QUICKSORT/256/1/iterations:1/repeats:50                     5.59 us         5.58 us            1 L1-dcache-loads=4.27k items_per_second=45.8453M/s
BM_QUICKSORT/256/1/iterations:1/repeats:50                     5.56 us         5.56 us            1 L1-dcache-loads=4.413k items_per_second=46.0763M/s
BM_QUICKSORT/256/1/iterations:1/repeats:50                     5.52 us         5.52 us            1 L1-dcache-loads=4.011k items_per_second=46.3852M/s
BM_QUICKSORT/256/1/iterations:1/repeats:50                     5.38 us         5.39 us            1 L1-dcache-loads=4.075k items_per_second=47.4954M/s
BM_QUICKSORT/256/1/iterations:1/repeats:50                     5.67 us         5.67 us            1 L1-dcache-loads=4.764k items_per_second=45.142M/s
BM_QUICKSORT/256/1/iterations:1/repeats:50                     5.40 us         5.41 us            1 L1-dcache-loads=4.207k items_per_second=47.3548M/s
BM_QUICKSORT/256/1/iterations:1/repeats:50                     5.56 us         5.56 us            1 L1-dcache-loads=4.367k items_per_second=46.0266M/s
BM_QUICKSORT/256/1/iterations:1/repeats:50                     5.80 us         5.80 us            1 L1-dcache-loads=4.85k items_per_second=44.1684M/s
BM_QUICKSORT/256/1/iterations:1/repeats:50                     5.54 us         5.54 us            1 L1-dcache-loads=4.516k items_per_second=46.201M/s
BM_QUICKSORT/256/1/iterations:1/repeats:50_mean                5.60 us         5.60 us           50 L1-dcache-loads=4.26856k items_per_second=45.7072M/s
BM_QUICKSORT/256/1/iterations:1/repeats:50_median              5.59 us         5.59 us           50 L1-dcache-loads=4.205k items_per_second=45.7797M/s
BM_QUICKSORT/256/1/iterations:1/repeats:50_stddev             0.136 us        0.134 us           50 L1-dcache-loads=269.67 items_per_second=1.09309M/s
BM_QUICKSORT/256/1/iterations:1/repeats:50_cv                  2.43 %          2.40 %            50 L1-dcache-loads=6.32% items_per_second=2.39%
BM_QUICKSORT/512/1/iterations:1/repeats:50                     12.3 us         12.3 us            1 L1-dcache-loads=9k items_per_second=41.6768M/s
BM_QUICKSORT/512/1/iterations:1/repeats:50                     11.8 us         11.8 us            1 L1-dcache-loads=9.45k items_per_second=43.2798M/s
BM_QUICKSORT/512/1/iterations:1/repeats:50                     12.1 us         12.1 us            1 L1-dcache-loads=9.239k items_per_second=42.2512M/s
BM_QUICKSORT/512/1/iterations:1/repeats:50                     12.1 us         12.1 us            1 L1-dcache-loads=8.787k items_per_second=42.3806M/s
BM_QUICKSORT/512/1/iterations:1/repeats:50                     12.0 us         12.0 us            1 L1-dcache-loads=9.333k items_per_second=42.6667M/s
BM_QUICKSORT/512/1/iterations:1/repeats:50                     11.8 us         11.8 us            1 L1-dcache-loads=10.147k items_per_second=43.5596M/s
BM_QUICKSORT/512/1/iterations:1/repeats:50                     11.8 us         11.8 us            1 L1-dcache-loads=10.459k items_per_second=43.4193M/s
BM_QUICKSORT/512/1/iterations:1/repeats:50                     12.4 us         12.4 us            1 L1-dcache-loads=9.808k items_per_second=41.1576M/s
BM_QUICKSORT/512/1/iterations:1/repeats:50                     11.6 us         11.6 us            1 L1-dcache-loads=9.801k items_per_second=44.218M/s
BM_QUICKSORT/512/1/iterations:1/repeats:50                     12.1 us         12.1 us            1 L1-dcache-loads=9.184k items_per_second=42.2582M/s
BM_QUICKSORT/512/1/iterations:1/repeats:50                     12.0 us         12.0 us            1 L1-dcache-loads=9.975k items_per_second=42.5143M/s
BM_QUICKSORT/512/1/iterations:1/repeats:50                     11.7 us         11.7 us            1 L1-dcache-loads=10.341k items_per_second=43.7831M/s
BM_QUICKSORT/512/1/iterations:1/repeats:50                     11.8 us         11.8 us            1 L1-dcache-loads=8.735k items_per_second=43.4303M/s
BM_QUICKSORT/512/1/iterations:1/repeats:50                     12.1 us         12.0 us            1 L1-dcache-loads=10.851k items_per_second=42.5108M/s
BM_QUICKSORT/512/1/iterations:1/repeats:50                     12.2 us         12.2 us            1 L1-dcache-loads=9.779k items_per_second=41.9603M/s
BM_QUICKSORT/512/1/iterations:1/repeats:50                     11.8 us         11.8 us            1 L1-dcache-loads=9.711k items_per_second=43.5671M/s
BM_QUICKSORT/512/1/iterations:1/repeats:50                     11.6 us         11.6 us            1 L1-dcache-loads=10.264k items_per_second=43.99M/s
BM_QUICKSORT/512/1/iterations:1/repeats:50                     11.9 us         11.9 us            1 L1-dcache-loads=8.958k items_per_second=42.9386M/s
BM_QUICKSORT/512/1/iterations:1/repeats:50                     11.9 us         11.9 us            1 L1-dcache-loads=9.231k items_per_second=42.8811M/s
BM_QUICKSORT/512/1/iterations:1/repeats:50                     12.1 us         12.1 us            1 L1-dcache-loads=10.272k items_per_second=42.4861M/s
BM_QUICKSORT/512/1/iterations:1/repeats:50                     12.1 us         12.1 us            1 L1-dcache-loads=9.851k items_per_second=42.1712M/s
BM_QUICKSORT/512/1/iterations:1/repeats:50                     11.9 us         11.9 us            1 L1-dcache-loads=9.082k items_per_second=42.9566M/s
BM_QUICKSORT/512/1/iterations:1/repeats:50                     12.5 us         12.5 us            1 L1-dcache-loads=10.87k items_per_second=41.0454M/s
BM_QUICKSORT/512/1/iterations:1/repeats:50                     11.6 us         11.6 us            1 L1-dcache-loads=9.019k items_per_second=44.3098M/s
BM_QUICKSORT/512/1/iterations:1/repeats:50                     11.8 us         11.8 us            1 L1-dcache-loads=10.233k items_per_second=43.2981M/s
BM_QUICKSORT/512/1/iterations:1/repeats:50                     12.2 us         12.2 us            1 L1-dcache-loads=8.534k items_per_second=42.0292M/s
BM_QUICKSORT/512/1/iterations:1/repeats:50                     12.6 us         12.6 us            1 L1-dcache-loads=9.21k items_per_second=40.7028M/s
BM_QUICKSORT/512/1/iterations:1/repeats:50                     11.9 us         11.9 us            1 L1-dcache-loads=10.093k items_per_second=43.1122M/s
BM_QUICKSORT/512/1/iterations:1/repeats:50                     11.9 us         11.9 us            1 L1-dcache-loads=9.666k items_per_second=43.1049M/s
BM_QUICKSORT/512/1/iterations:1/repeats:50                     12.1 us         12.1 us            1 L1-dcache-loads=10.501k items_per_second=42.2094M/s
BM_QUICKSORT/512/1/iterations:1/repeats:50                     11.6 us         11.6 us            1 L1-dcache-loads=9.425k items_per_second=44.3022M/s
BM_QUICKSORT/512/1/iterations:1/repeats:50                     12.0 us         12.0 us            1 L1-dcache-loads=10.155k items_per_second=42.6347M/s
BM_QUICKSORT/512/1/iterations:1/repeats:50                     12.3 us         12.3 us            1 L1-dcache-loads=9.161k items_per_second=41.5214M/s
BM_QUICKSORT/512/1/iterations:1/repeats:50                     11.8 us         11.8 us            1 L1-dcache-loads=9.678k items_per_second=43.5337M/s
BM_QUICKSORT/512/1/iterations:1/repeats:50                     12.2 us         12.2 us            1 L1-dcache-loads=9.722k items_per_second=41.854M/s
BM_QUICKSORT/512/1/iterations:1/repeats:50                     11.8 us         11.8 us            1 L1-dcache-loads=9.101k items_per_second=43.2944M/s
BM_QUICKSORT/512/1/iterations:1/repeats:50                     11.9 us         11.9 us            1 L1-dcache-loads=9.031k items_per_second=43.0035M/s
BM_QUICKSORT/512/1/iterations:1/repeats:50                     12.1 us         12.1 us            1 L1-dcache-loads=9.482k items_per_second=42.4368M/s
BM_QUICKSORT/512/1/iterations:1/repeats:50                     12.0 us         12.0 us            1 L1-dcache-loads=9.386k items_per_second=42.7629M/s
BM_QUICKSORT/512/1/iterations:1/repeats:50                     12.0 us         12.0 us            1 L1-dcache-loads=9.23k items_per_second=42.5037M/s
BM_QUICKSORT/512/1/iterations:1/repeats:50                     11.9 us         11.9 us            1 L1-dcache-loads=9.788k items_per_second=43.1412M/s
BM_QUICKSORT/512/1/iterations:1/repeats:50                     11.9 us         11.9 us            1 L1-dcache-loads=10.806k items_per_second=43.1376M/s
BM_QUICKSORT/512/1/iterations:1/repeats:50                     11.4 us         11.4 us            1 L1-dcache-loads=9.375k items_per_second=44.8808M/s
BM_QUICKSORT/512/1/iterations:1/repeats:50                     12.3 us         12.3 us            1 L1-dcache-loads=9.469k items_per_second=41.4877M/s
BM_QUICKSORT/512/1/iterations:1/repeats:50                     12.2 us         12.2 us            1 L1-dcache-loads=9.794k items_per_second=41.9054M/s
BM_QUICKSORT/512/1/iterations:1/repeats:50                     11.8 us         11.8 us            1 L1-dcache-loads=9.449k items_per_second=43.4856M/s
BM_QUICKSORT/512/1/iterations:1/repeats:50                     11.7 us         11.7 us            1 L1-dcache-loads=9.802k items_per_second=43.8019M/s
BM_QUICKSORT/512/1/iterations:1/repeats:50                     12.2 us         12.2 us            1 L1-dcache-loads=9.774k items_per_second=41.8198M/s
BM_QUICKSORT/512/1/iterations:1/repeats:50                     11.9 us         11.9 us            1 L1-dcache-loads=9.4k items_per_second=43.1922M/s
BM_QUICKSORT/512/1/iterations:1/repeats:50                     11.8 us         11.8 us            1 L1-dcache-loads=9.959k items_per_second=43.3237M/s
BM_QUICKSORT/512/1/iterations:1/repeats:50_mean                12.0 us         12.0 us           50 L1-dcache-loads=9.64742k items_per_second=42.7978M/s
BM_QUICKSORT/512/1/iterations:1/repeats:50_median              11.9 us         11.9 us           50 L1-dcache-loads=9.672k items_per_second=42.9098M/s
BM_QUICKSORT/512/1/iterations:1/repeats:50_stddev             0.253 us        0.253 us           50 L1-dcache-loads=555.572 items_per_second=899.818k/s
BM_QUICKSORT/512/1/iterations:1/repeats:50_cv                  2.11 %          2.11 %            50 L1-dcache-loads=5.76% items_per_second=2.10%
BM_QUICKSORT/1024/1/iterations:1/repeats:50                    29.2 us         29.2 us            1 L1-dcache-loads=21.444k items_per_second=35.0637M/s
BM_QUICKSORT/1024/1/iterations:1/repeats:50                    28.2 us         28.2 us            1 L1-dcache-loads=21.506k items_per_second=36.2838M/s
BM_QUICKSORT/1024/1/iterations:1/repeats:50                    29.0 us         29.0 us            1 L1-dcache-loads=20.491k items_per_second=35.3018M/s
BM_QUICKSORT/1024/1/iterations:1/repeats:50                    28.5 us         28.5 us            1 L1-dcache-loads=21.864k items_per_second=35.9664M/s
BM_QUICKSORT/1024/1/iterations:1/repeats:50                    28.7 us         28.7 us            1 L1-dcache-loads=20.612k items_per_second=35.6819M/s
BM_QUICKSORT/1024/1/iterations:1/repeats:50                    28.3 us         28.3 us            1 L1-dcache-loads=21.033k items_per_second=36.2132M/s
BM_QUICKSORT/1024/1/iterations:1/repeats:50                    29.3 us         29.3 us            1 L1-dcache-loads=23.68k items_per_second=35.0002M/s
BM_QUICKSORT/1024/1/iterations:1/repeats:50                    28.2 us         28.2 us            1 L1-dcache-loads=19.734k items_per_second=36.3481M/s
BM_QUICKSORT/1024/1/iterations:1/repeats:50                    26.3 us         26.3 us            1 L1-dcache-loads=20.316k items_per_second=38.8718M/s
BM_QUICKSORT/1024/1/iterations:1/repeats:50                    26.6 us         26.6 us            1 L1-dcache-loads=19.84k items_per_second=38.476M/s
BM_QUICKSORT/1024/1/iterations:1/repeats:50                    26.0 us         26.0 us            1 L1-dcache-loads=20.087k items_per_second=39.4119M/s
BM_QUICKSORT/1024/1/iterations:1/repeats:50                    25.7 us         25.7 us            1 L1-dcache-loads=21.127k items_per_second=39.894M/s
BM_QUICKSORT/1024/1/iterations:1/repeats:50                    27.3 us         27.3 us            1 L1-dcache-loads=19.076k items_per_second=37.479M/s
BM_QUICKSORT/1024/1/iterations:1/repeats:50                    26.0 us         26.0 us            1 L1-dcache-loads=20.293k items_per_second=39.4392M/s
BM_QUICKSORT/1024/1/iterations:1/repeats:50                    26.0 us         26.0 us            1 L1-dcache-loads=20.985k items_per_second=39.4058M/s
BM_QUICKSORT/1024/1/iterations:1/repeats:50                    26.5 us         26.5 us            1 L1-dcache-loads=20.207k items_per_second=38.6926M/s
BM_QUICKSORT/1024/1/iterations:1/repeats:50                    26.1 us         26.1 us            1 L1-dcache-loads=21.371k items_per_second=39.2172M/s
BM_QUICKSORT/1024/1/iterations:1/repeats:50                    26.4 us         26.4 us            1 L1-dcache-loads=19.843k items_per_second=38.7938M/s
BM_QUICKSORT/1024/1/iterations:1/repeats:50                    26.5 us         26.5 us            1 L1-dcache-loads=20.973k items_per_second=38.6678M/s
BM_QUICKSORT/1024/1/iterations:1/repeats:50                    26.2 us         26.2 us            1 L1-dcache-loads=21.582k items_per_second=39.0155M/s
BM_QUICKSORT/1024/1/iterations:1/repeats:50                    26.0 us         26.1 us            1 L1-dcache-loads=20.599k items_per_second=39.2985M/s
BM_QUICKSORT/1024/1/iterations:1/repeats:50                    26.3 us         26.3 us            1 L1-dcache-loads=20.169k items_per_second=38.8659M/s
BM_QUICKSORT/1024/1/iterations:1/repeats:50                    26.3 us         26.3 us            1 L1-dcache-loads=22.31k items_per_second=38.9917M/s
BM_QUICKSORT/1024/1/iterations:1/repeats:50                    26.3 us         26.3 us            1 L1-dcache-loads=21.214k items_per_second=38.8674M/s
BM_QUICKSORT/1024/1/iterations:1/repeats:50                    25.9 us         25.9 us            1 L1-dcache-loads=20.513k items_per_second=39.5229M/s
BM_QUICKSORT/1024/1/iterations:1/repeats:50                    26.2 us         26.2 us            1 L1-dcache-loads=19.709k items_per_second=39.0214M/s
BM_QUICKSORT/1024/1/iterations:1/repeats:50                    25.5 us         25.5 us            1 L1-dcache-loads=22.251k items_per_second=40.1758M/s
BM_QUICKSORT/1024/1/iterations:1/repeats:50                    25.5 us         25.5 us            1 L1-dcache-loads=21.863k items_per_second=40.1773M/s
BM_QUICKSORT/1024/1/iterations:1/repeats:50                    26.2 us         26.2 us            1 L1-dcache-loads=21.367k items_per_second=39.0661M/s
BM_QUICKSORT/1024/1/iterations:1/repeats:50                    25.5 us         25.6 us            1 L1-dcache-loads=20.819k items_per_second=40.0767M/s
BM_QUICKSORT/1024/1/iterations:1/repeats:50                    26.5 us         26.5 us            1 L1-dcache-loads=20.798k items_per_second=38.5964M/s
BM_QUICKSORT/1024/1/iterations:1/repeats:50                    25.7 us         25.7 us            1 L1-dcache-loads=22.339k items_per_second=39.8382M/s
BM_QUICKSORT/1024/1/iterations:1/repeats:50                    26.4 us         26.4 us            1 L1-dcache-loads=20.646k items_per_second=38.8526M/s
BM_QUICKSORT/1024/1/iterations:1/repeats:50                    26.4 us         26.4 us            1 L1-dcache-loads=20.799k items_per_second=38.7952M/s
BM_QUICKSORT/1024/1/iterations:1/repeats:50                    26.5 us         26.5 us            1 L1-dcache-loads=21.955k items_per_second=38.6868M/s
BM_QUICKSORT/1024/1/iterations:1/repeats:50                    26.5 us         26.5 us            1 L1-dcache-loads=20.809k items_per_second=38.6153M/s
BM_QUICKSORT/1024/1/iterations:1/repeats:50                    26.1 us         26.1 us            1 L1-dcache-loads=21.079k items_per_second=39.2728M/s
BM_QUICKSORT/1024/1/iterations:1/repeats:50                    25.7 us         25.7 us            1 L1-dcache-loads=22.975k items_per_second=39.7933M/s
BM_QUICKSORT/1024/1/iterations:1/repeats:50                    26.0 us         26.0 us            1 L1-dcache-loads=20.676k items_per_second=39.4028M/s
BM_QUICKSORT/1024/1/iterations:1/repeats:50                    25.7 us         25.7 us            1 L1-dcache-loads=22.635k items_per_second=39.9189M/s
BM_QUICKSORT/1024/1/iterations:1/repeats:50                    25.7 us         25.7 us            1 L1-dcache-loads=21.376k items_per_second=39.8987M/s
BM_QUICKSORT/1024/1/iterations:1/repeats:50                    26.4 us         26.4 us            1 L1-dcache-loads=21.385k items_per_second=38.7864M/s
BM_QUICKSORT/1024/1/iterations:1/repeats:50                    26.9 us         26.9 us            1 L1-dcache-loads=19.873k items_per_second=38.1151M/s
BM_QUICKSORT/1024/1/iterations:1/repeats:50                    26.4 us         26.4 us            1 L1-dcache-loads=21.596k items_per_second=38.8364M/s
BM_QUICKSORT/1024/1/iterations:1/repeats:50                    26.2 us         26.2 us            1 L1-dcache-loads=20.811k items_per_second=39.0646M/s
BM_QUICKSORT/1024/1/iterations:1/repeats:50                    26.2 us         26.2 us            1 L1-dcache-loads=20.37k items_per_second=39.1572M/s
BM_QUICKSORT/1024/1/iterations:1/repeats:50                    25.5 us         25.5 us            1 L1-dcache-loads=21.341k items_per_second=40.1521M/s
BM_QUICKSORT/1024/1/iterations:1/repeats:50                    25.9 us         25.9 us            1 L1-dcache-loads=21.197k items_per_second=39.4788M/s
BM_QUICKSORT/1024/1/iterations:1/repeats:50                    25.9 us         25.9 us            1 L1-dcache-loads=21.103k items_per_second=39.5565M/s
BM_QUICKSORT/1024/1/iterations:1/repeats:50                    26.8 us         26.8 us            1 L1-dcache-loads=22.894k items_per_second=38.1719M/s
BM_QUICKSORT/1024/1/iterations:1/repeats:50_mean               26.6 us         26.6 us           50 L1-dcache-loads=21.0707k items_per_second=38.6055M/s
BM_QUICKSORT/1024/1/iterations:1/repeats:50_median             26.3 us         26.3 us           50 L1-dcache-loads=21.009k items_per_second=38.9318M/s
BM_QUICKSORT/1024/1/iterations:1/repeats:50_stddev             1.01 us         1.01 us           50 L1-dcache-loads=927.835 items_per_second=1.39581M/s
BM_QUICKSORT/1024/1/iterations:1/repeats:50_cv                 3.81 %          3.81 %            50 L1-dcache-loads=4.40% items_per_second=3.62%
BM_QUICKSORT/2048/1/iterations:1/repeats:50                    62.3 us         62.3 us            1 L1-dcache-loads=49.699k items_per_second=32.8684M/s
BM_QUICKSORT/2048/1/iterations:1/repeats:50                    57.4 us         57.4 us            1 L1-dcache-loads=46.177k items_per_second=35.6863M/s
BM_QUICKSORT/2048/1/iterations:1/repeats:50                    57.2 us         57.2 us            1 L1-dcache-loads=44.901k items_per_second=35.7861M/s
BM_QUICKSORT/2048/1/iterations:1/repeats:50                    57.6 us         57.6 us            1 L1-dcache-loads=45.319k items_per_second=35.5432M/s
BM_QUICKSORT/2048/1/iterations:1/repeats:50                    57.2 us         57.2 us            1 L1-dcache-loads=49.378k items_per_second=35.7861M/s
BM_QUICKSORT/2048/1/iterations:1/repeats:50                    57.7 us         57.7 us            1 L1-dcache-loads=47.255k items_per_second=35.5124M/s
BM_QUICKSORT/2048/1/iterations:1/repeats:50                    57.8 us         57.8 us            1 L1-dcache-loads=48.185k items_per_second=35.4534M/s
BM_QUICKSORT/2048/1/iterations:1/repeats:50                    58.3 us         58.3 us            1 L1-dcache-loads=44.321k items_per_second=35.1455M/s
BM_QUICKSORT/2048/1/iterations:1/repeats:50                    57.5 us         57.5 us            1 L1-dcache-loads=45.93k items_per_second=35.5902M/s
BM_QUICKSORT/2048/1/iterations:1/repeats:50                    57.5 us         57.5 us            1 L1-dcache-loads=46.207k items_per_second=35.6279M/s
BM_QUICKSORT/2048/1/iterations:1/repeats:50                    57.8 us         57.8 us            1 L1-dcache-loads=45.407k items_per_second=35.4325M/s
BM_QUICKSORT/2048/1/iterations:1/repeats:50                    56.3 us         56.3 us            1 L1-dcache-loads=45.372k items_per_second=36.3636M/s
BM_QUICKSORT/2048/1/iterations:1/repeats:50                    55.9 us         55.9 us            1 L1-dcache-loads=45.396k items_per_second=36.6395M/s
BM_QUICKSORT/2048/1/iterations:1/repeats:50                    57.3 us         57.3 us            1 L1-dcache-loads=45.843k items_per_second=35.7373M/s
BM_QUICKSORT/2048/1/iterations:1/repeats:50                    56.4 us         56.4 us            1 L1-dcache-loads=45.007k items_per_second=36.3082M/s
BM_QUICKSORT/2048/1/iterations:1/repeats:50                    56.9 us         56.9 us            1 L1-dcache-loads=46.18k items_per_second=35.9987M/s
BM_QUICKSORT/2048/1/iterations:1/repeats:50                    55.6 us         55.6 us            1 L1-dcache-loads=47.285k items_per_second=36.8259M/s
BM_QUICKSORT/2048/1/iterations:1/repeats:50                    56.4 us         56.4 us            1 L1-dcache-loads=45.156k items_per_second=36.2883M/s
BM_QUICKSORT/2048/1/iterations:1/repeats:50                    57.4 us         57.4 us            1 L1-dcache-loads=44.378k items_per_second=35.6751M/s
BM_QUICKSORT/2048/1/iterations:1/repeats:50                    56.6 us         56.6 us            1 L1-dcache-loads=46.557k items_per_second=36.1799M/s
BM_QUICKSORT/2048/1/iterations:1/repeats:50                    54.6 us         54.6 us            1 L1-dcache-loads=54.041k items_per_second=37.5277M/s
BM_QUICKSORT/2048/1/iterations:1/repeats:50                    58.5 us         58.4 us            1 L1-dcache-loads=47.472k items_per_second=35.0415M/s
BM_QUICKSORT/2048/1/iterations:1/repeats:50                    55.4 us         55.4 us            1 L1-dcache-loads=51.757k items_per_second=36.9455M/s
BM_QUICKSORT/2048/1/iterations:1/repeats:50                    54.9 us         54.9 us            1 L1-dcache-loads=47.591k items_per_second=37.3049M/s
BM_QUICKSORT/2048/1/iterations:1/repeats:50                    56.0 us         56.0 us            1 L1-dcache-loads=48.051k items_per_second=36.5865M/s
BM_QUICKSORT/2048/1/iterations:1/repeats:50                    54.8 us         54.8 us            1 L1-dcache-loads=46.159k items_per_second=37.3491M/s
BM_QUICKSORT/2048/1/iterations:1/repeats:50                    56.7 us         56.7 us            1 L1-dcache-loads=45.676k items_per_second=36.148M/s
BM_QUICKSORT/2048/1/iterations:1/repeats:50                    56.6 us         56.6 us            1 L1-dcache-loads=48.245k items_per_second=36.1914M/s
BM_QUICKSORT/2048/1/iterations:1/repeats:50                    57.0 us         57.0 us            1 L1-dcache-loads=44.298k items_per_second=35.9525M/s
BM_QUICKSORT/2048/1/iterations:1/repeats:50                    55.9 us         55.9 us            1 L1-dcache-loads=46.023k items_per_second=36.6631M/s
BM_QUICKSORT/2048/1/iterations:1/repeats:50                    56.8 us         56.8 us            1 L1-dcache-loads=44.428k items_per_second=36.0614M/s
BM_QUICKSORT/2048/1/iterations:1/repeats:50                    57.1 us         57.1 us            1 L1-dcache-loads=42.947k items_per_second=35.8518M/s
BM_QUICKSORT/2048/1/iterations:1/repeats:50                    55.1 us         55.1 us            1 L1-dcache-loads=49.135k items_per_second=37.1418M/s
BM_QUICKSORT/2048/1/iterations:1/repeats:50                    57.9 us         57.9 us            1 L1-dcache-loads=45.126k items_per_second=35.3952M/s
BM_QUICKSORT/2048/1/iterations:1/repeats:50                    57.2 us         57.2 us            1 L1-dcache-loads=48.368k items_per_second=35.7992M/s
BM_QUICKSORT/2048/1/iterations:1/repeats:50                    55.8 us         55.8 us            1 L1-dcache-loads=51.116k items_per_second=36.7104M/s
BM_QUICKSORT/2048/1/iterations:1/repeats:50                    56.8 us         56.8 us            1 L1-dcache-loads=44.667k items_per_second=36.0354M/s
BM_QUICKSORT/2048/1/iterations:1/repeats:50                    56.2 us         56.2 us            1 L1-dcache-loads=47.018k items_per_second=36.4484M/s
BM_QUICKSORT/2048/1/iterations:1/repeats:50                    56.6 us         56.6 us            1 L1-dcache-loads=44.753k items_per_second=36.1818M/s
BM_QUICKSORT/2048/1/iterations:1/repeats:50                    56.2 us         56.2 us            1 L1-dcache-loads=45.295k items_per_second=36.4594M/s
BM_QUICKSORT/2048/1/iterations:1/repeats:50                    56.2 us         56.2 us            1 L1-dcache-loads=44.978k items_per_second=36.4316M/s
BM_QUICKSORT/2048/1/iterations:1/repeats:50                    56.7 us         56.7 us            1 L1-dcache-loads=46.643k items_per_second=36.1257M/s
BM_QUICKSORT/2048/1/iterations:1/repeats:50                    56.6 us         56.6 us            1 L1-dcache-loads=49.732k items_per_second=36.1889M/s
BM_QUICKSORT/2048/1/iterations:1/repeats:50                    57.7 us         57.7 us            1 L1-dcache-loads=44.397k items_per_second=35.5032M/s
BM_QUICKSORT/2048/1/iterations:1/repeats:50                    58.4 us         58.3 us            1 L1-dcache-loads=44.023k items_per_second=35.0991M/s
BM_QUICKSORT/2048/1/iterations:1/repeats:50                    58.2 us         58.2 us            1 L1-dcache-loads=43.517k items_per_second=35.2078M/s
BM_QUICKSORT/2048/1/iterations:1/repeats:50                    59.1 us         59.1 us            1 L1-dcache-loads=45.367k items_per_second=34.6766M/s
BM_QUICKSORT/2048/1/iterations:1/repeats:50                    57.9 us         57.9 us            1 L1-dcache-loads=45.225k items_per_second=35.386M/s
BM_QUICKSORT/2048/1/iterations:1/repeats:50                    57.6 us         57.6 us            1 L1-dcache-loads=45.186k items_per_second=35.5401M/s
BM_QUICKSORT/2048/1/iterations:1/repeats:50                    57.7 us         57.7 us            1 L1-dcache-loads=45.388k items_per_second=35.4804M/s
BM_QUICKSORT/2048/1/iterations:1/repeats:50_mean               57.0 us         57.0 us           50 L1-dcache-loads=46.4115k items_per_second=35.9577M/s
BM_QUICKSORT/2048/1/iterations:1/repeats:50_median             56.9 us         56.9 us           50 L1-dcache-loads=45.7595k items_per_second=35.9756M/s
BM_QUICKSORT/2048/1/iterations:1/repeats:50_stddev             1.26 us         1.26 us           50 L1-dcache-loads=2.20794k items_per_second=773.979k/s
BM_QUICKSORT/2048/1/iterations:1/repeats:50_cv                 2.20 %          2.20 %            50 L1-dcache-loads=4.76% items_per_second=2.15%
BM_QUICKSORT/4096/1/iterations:1/repeats:50                     135 us          135 us            1 L1-dcache-loads=98.258k items_per_second=30.2701M/s
BM_QUICKSORT/4096/1/iterations:1/repeats:50                     122 us          122 us            1 L1-dcache-loads=97.563k items_per_second=33.5375M/s
BM_QUICKSORT/4096/1/iterations:1/repeats:50                     123 us          123 us            1 L1-dcache-loads=96.09k items_per_second=33.198M/s
BM_QUICKSORT/4096/1/iterations:1/repeats:50                     124 us          124 us            1 L1-dcache-loads=99.586k items_per_second=33.0104M/s
BM_QUICKSORT/4096/1/iterations:1/repeats:50                     123 us          123 us            1 L1-dcache-loads=102.057k items_per_second=33.2973M/s
BM_QUICKSORT/4096/1/iterations:1/repeats:50                     124 us          124 us            1 L1-dcache-loads=102.383k items_per_second=33.0995M/s
BM_QUICKSORT/4096/1/iterations:1/repeats:50                     121 us          121 us            1 L1-dcache-loads=106.043k items_per_second=33.7264M/s
BM_QUICKSORT/4096/1/iterations:1/repeats:50                     124 us          124 us            1 L1-dcache-loads=94.329k items_per_second=33.0096M/s
BM_QUICKSORT/4096/1/iterations:1/repeats:50                     124 us          124 us            1 L1-dcache-loads=94.866k items_per_second=32.9202M/s
BM_QUICKSORT/4096/1/iterations:1/repeats:50                     125 us          125 us            1 L1-dcache-loads=99.887k items_per_second=32.6466M/s
BM_QUICKSORT/4096/1/iterations:1/repeats:50                     122 us          122 us            1 L1-dcache-loads=98.922k items_per_second=33.5826M/s
BM_QUICKSORT/4096/1/iterations:1/repeats:50                     121 us          121 us            1 L1-dcache-loads=96.577k items_per_second=33.7394M/s
BM_QUICKSORT/4096/1/iterations:1/repeats:50                     119 us          119 us            1 L1-dcache-loads=108.487k items_per_second=34.3077M/s
BM_QUICKSORT/4096/1/iterations:1/repeats:50                     121 us          121 us            1 L1-dcache-loads=100.175k items_per_second=33.8252M/s
BM_QUICKSORT/4096/1/iterations:1/repeats:50                     126 us          126 us            1 L1-dcache-loads=104.6k items_per_second=32.4551M/s
BM_QUICKSORT/4096/1/iterations:1/repeats:50                     127 us          127 us            1 L1-dcache-loads=95.658k items_per_second=32.177M/s
BM_QUICKSORT/4096/1/iterations:1/repeats:50                     122 us          122 us            1 L1-dcache-loads=102.446k items_per_second=33.6485M/s
BM_QUICKSORT/4096/1/iterations:1/repeats:50                     123 us          123 us            1 L1-dcache-loads=96.281k items_per_second=33.2597M/s
BM_QUICKSORT/4096/1/iterations:1/repeats:50                     120 us          120 us            1 L1-dcache-loads=107.479k items_per_second=34.1234M/s
BM_QUICKSORT/4096/1/iterations:1/repeats:50                     121 us          121 us            1 L1-dcache-loads=97.894k items_per_second=33.8012M/s
BM_QUICKSORT/4096/1/iterations:1/repeats:50                     125 us          125 us            1 L1-dcache-loads=105.747k items_per_second=32.7418M/s
BM_QUICKSORT/4096/1/iterations:1/repeats:50                     122 us          122 us            1 L1-dcache-loads=103.568k items_per_second=33.5147M/s
BM_QUICKSORT/4096/1/iterations:1/repeats:50                     120 us          120 us            1 L1-dcache-loads=99.89k items_per_second=34.1197M/s
BM_QUICKSORT/4096/1/iterations:1/repeats:50                     124 us          124 us            1 L1-dcache-loads=94.757k items_per_second=32.9237M/s
BM_QUICKSORT/4096/1/iterations:1/repeats:50                     121 us          121 us            1 L1-dcache-loads=105.48k items_per_second=33.8731M/s
BM_QUICKSORT/4096/1/iterations:1/repeats:50                     127 us          127 us            1 L1-dcache-loads=98.638k items_per_second=32.3526M/s
BM_QUICKSORT/4096/1/iterations:1/repeats:50                     126 us          126 us            1 L1-dcache-loads=99.018k items_per_second=32.4356M/s
BM_QUICKSORT/4096/1/iterations:1/repeats:50                     124 us          124 us            1 L1-dcache-loads=102.476k items_per_second=32.9926M/s
BM_QUICKSORT/4096/1/iterations:1/repeats:50                     125 us          125 us            1 L1-dcache-loads=95.931k items_per_second=32.7083M/s
BM_QUICKSORT/4096/1/iterations:1/repeats:50                     123 us          123 us            1 L1-dcache-loads=96.567k items_per_second=33.3771M/s
BM_QUICKSORT/4096/1/iterations:1/repeats:50                     123 us          123 us            1 L1-dcache-loads=99.161k items_per_second=33.3409M/s
BM_QUICKSORT/4096/1/iterations:1/repeats:50                     123 us          123 us            1 L1-dcache-loads=98.347k items_per_second=33.2897M/s
BM_QUICKSORT/4096/1/iterations:1/repeats:50                     123 us          123 us            1 L1-dcache-loads=98.531k items_per_second=33.2427M/s
BM_QUICKSORT/4096/1/iterations:1/repeats:50                     123 us          123 us            1 L1-dcache-loads=98.318k items_per_second=33.4133M/s
BM_QUICKSORT/4096/1/iterations:1/repeats:50                     120 us          120 us            1 L1-dcache-loads=102.897k items_per_second=34.1106M/s
BM_QUICKSORT/4096/1/iterations:1/repeats:50                     123 us          123 us            1 L1-dcache-loads=96.836k items_per_second=33.4103M/s
BM_QUICKSORT/4096/1/iterations:1/repeats:50                     120 us          120 us            1 L1-dcache-loads=106.142k items_per_second=34.0754M/s
BM_QUICKSORT/4096/1/iterations:1/repeats:50                     125 us          125 us            1 L1-dcache-loads=106.292k items_per_second=32.8648M/s
BM_QUICKSORT/4096/1/iterations:1/repeats:50                     128 us          128 us            1 L1-dcache-loads=109.692k items_per_second=32.1149M/s
BM_QUICKSORT/4096/1/iterations:1/repeats:50                     123 us          123 us            1 L1-dcache-loads=106.131k items_per_second=33.2973M/s
BM_QUICKSORT/4096/1/iterations:1/repeats:50                     121 us          121 us            1 L1-dcache-loads=99.628k items_per_second=33.8605M/s
BM_QUICKSORT/4096/1/iterations:1/repeats:50                     122 us          122 us            1 L1-dcache-loads=104.566k items_per_second=33.5386M/s
BM_QUICKSORT/4096/1/iterations:1/repeats:50                     124 us          124 us            1 L1-dcache-loads=96.735k items_per_second=33.1062M/s
BM_QUICKSORT/4096/1/iterations:1/repeats:50                     122 us          122 us            1 L1-dcache-loads=98.472k items_per_second=33.466M/s
BM_QUICKSORT/4096/1/iterations:1/repeats:50                     120 us          120 us            1 L1-dcache-loads=102.889k items_per_second=34.0587M/s
BM_QUICKSORT/4096/1/iterations:1/repeats:50                     120 us          120 us            1 L1-dcache-loads=106.231k items_per_second=34.2295M/s
BM_QUICKSORT/4096/1/iterations:1/repeats:50                     122 us          122 us            1 L1-dcache-loads=104.975k items_per_second=33.6228M/s
BM_QUICKSORT/4096/1/iterations:1/repeats:50                     122 us          122 us            1 L1-dcache-loads=98.15k items_per_second=33.5518M/s
BM_QUICKSORT/4096/1/iterations:1/repeats:50                     124 us          124 us            1 L1-dcache-loads=94.902k items_per_second=33.1306M/s
BM_QUICKSORT/4096/1/iterations:1/repeats:50                     122 us          122 us            1 L1-dcache-loads=96.928k items_per_second=33.59M/s
BM_QUICKSORT/4096/1/iterations:1/repeats:50_mean                123 us          123 us           50 L1-dcache-loads=100.55k items_per_second=33.2798M/s
BM_QUICKSORT/4096/1/iterations:1/repeats:50_median              123 us          123 us           50 L1-dcache-loads=99.3735k items_per_second=33.359M/s
BM_QUICKSORT/4096/1/iterations:1/repeats:50_stddev             2.66 us         2.66 us           50 L1-dcache-loads=4.14145k items_per_second=691.239k/s
BM_QUICKSORT/4096/1/iterations:1/repeats:50_cv                 2.16 %          2.16 %            50 L1-dcache-loads=4.12% items_per_second=2.08%
BM_QUICKSORT/8192/1/iterations:1/repeats:50                     271 us          271 us            1 L1-dcache-loads=215.793k items_per_second=30.2208M/s
BM_QUICKSORT/8192/1/iterations:1/repeats:50                     268 us          268 us            1 L1-dcache-loads=212.707k items_per_second=30.5772M/s
BM_QUICKSORT/8192/1/iterations:1/repeats:50                     269 us          269 us            1 L1-dcache-loads=212.544k items_per_second=30.4876M/s
BM_QUICKSORT/8192/1/iterations:1/repeats:50                     268 us          268 us            1 L1-dcache-loads=221.67k items_per_second=30.574M/s
BM_QUICKSORT/8192/1/iterations:1/repeats:50                     262 us          262 us            1 L1-dcache-loads=225.026k items_per_second=31.2535M/s
BM_QUICKSORT/8192/1/iterations:1/repeats:50                     269 us          269 us            1 L1-dcache-loads=210.959k items_per_second=30.4747M/s
BM_QUICKSORT/8192/1/iterations:1/repeats:50                     267 us          267 us            1 L1-dcache-loads=213.945k items_per_second=30.7063M/s
BM_QUICKSORT/8192/1/iterations:1/repeats:50                     263 us          263 us            1 L1-dcache-loads=233.151k items_per_second=31.1491M/s
BM_QUICKSORT/8192/1/iterations:1/repeats:50                     267 us          267 us            1 L1-dcache-loads=213.58k items_per_second=30.6815M/s
BM_QUICKSORT/8192/1/iterations:1/repeats:50                     266 us          266 us            1 L1-dcache-loads=237.528k items_per_second=30.8065M/s
BM_QUICKSORT/8192/1/iterations:1/repeats:50                     271 us          271 us            1 L1-dcache-loads=214.71k items_per_second=30.2584M/s
BM_QUICKSORT/8192/1/iterations:1/repeats:50                     271 us          271 us            1 L1-dcache-loads=212.825k items_per_second=30.237M/s
BM_QUICKSORT/8192/1/iterations:1/repeats:50                     265 us          265 us            1 L1-dcache-loads=214.97k items_per_second=30.895M/s
BM_QUICKSORT/8192/1/iterations:1/repeats:50                     261 us          261 us            1 L1-dcache-loads=226.76k items_per_second=31.3831M/s
BM_QUICKSORT/8192/1/iterations:1/repeats:50                     271 us          271 us            1 L1-dcache-loads=220.412k items_per_second=30.1808M/s
BM_QUICKSORT/8192/1/iterations:1/repeats:50                     288 us          288 us            1 L1-dcache-loads=242.994k items_per_second=28.4835M/s
BM_QUICKSORT/8192/1/iterations:1/repeats:50                     261 us          261 us            1 L1-dcache-loads=238.691k items_per_second=31.3911M/s
BM_QUICKSORT/8192/1/iterations:1/repeats:50                     269 us          269 us            1 L1-dcache-loads=222.042k items_per_second=30.4593M/s
BM_QUICKSORT/8192/1/iterations:1/repeats:50                     267 us          267 us            1 L1-dcache-loads=242.074k items_per_second=30.6726M/s
BM_QUICKSORT/8192/1/iterations:1/repeats:50                     262 us          262 us            1 L1-dcache-loads=227.473k items_per_second=31.3107M/s
BM_QUICKSORT/8192/1/iterations:1/repeats:50                     266 us          266 us            1 L1-dcache-loads=221.148k items_per_second=30.8264M/s
BM_QUICKSORT/8192/1/iterations:1/repeats:50                     263 us          263 us            1 L1-dcache-loads=220.651k items_per_second=31.1068M/s
BM_QUICKSORT/8192/1/iterations:1/repeats:50                     265 us          265 us            1 L1-dcache-loads=220.522k items_per_second=30.9423M/s
BM_QUICKSORT/8192/1/iterations:1/repeats:50                     266 us          266 us            1 L1-dcache-loads=218.919k items_per_second=30.8021M/s
BM_QUICKSORT/8192/1/iterations:1/repeats:50                     267 us          267 us            1 L1-dcache-loads=223.191k items_per_second=30.6589M/s
BM_QUICKSORT/8192/1/iterations:1/repeats:50                     264 us          264 us            1 L1-dcache-loads=218.219k items_per_second=31.0767M/s
BM_QUICKSORT/8192/1/iterations:1/repeats:50                     268 us          268 us            1 L1-dcache-loads=206.217k items_per_second=30.6047M/s
BM_QUICKSORT/8192/1/iterations:1/repeats:50                     267 us          267 us            1 L1-dcache-loads=213.901k items_per_second=30.675M/s
BM_QUICKSORT/8192/1/iterations:1/repeats:50                     262 us          262 us            1 L1-dcache-loads=219.28k items_per_second=31.2211M/s
BM_QUICKSORT/8192/1/iterations:1/repeats:50                     268 us          268 us            1 L1-dcache-loads=212.706k items_per_second=30.6183M/s
BM_QUICKSORT/8192/1/iterations:1/repeats:50                     271 us          271 us            1 L1-dcache-loads=202.872k items_per_second=30.2123M/s
BM_QUICKSORT/8192/1/iterations:1/repeats:50                     264 us          264 us            1 L1-dcache-loads=218.91k items_per_second=31.0631M/s
BM_QUICKSORT/8192/1/iterations:1/repeats:50                     400 us          266 us            1 L1-dcache-loads=220.428k items_per_second=30.7919M/s
BM_QUICKSORT/8192/1/iterations:1/repeats:50                     265 us          265 us            1 L1-dcache-loads=213.304k items_per_second=30.9667M/s
BM_QUICKSORT/8192/1/iterations:1/repeats:50                     268 us          268 us            1 L1-dcache-loads=213.602k items_per_second=30.5725M/s
BM_QUICKSORT/8192/1/iterations:1/repeats:50                     264 us          264 us            1 L1-dcache-loads=216.657k items_per_second=31.0888M/s
BM_QUICKSORT/8192/1/iterations:1/repeats:50                     265 us          265 us            1 L1-dcache-loads=218.204k items_per_second=30.8632M/s
BM_QUICKSORT/8192/1/iterations:1/repeats:50                     261 us          261 us            1 L1-dcache-loads=231.796k items_per_second=31.4197M/s
BM_QUICKSORT/8192/1/iterations:1/repeats:50                     267 us          267 us            1 L1-dcache-loads=215.428k items_per_second=30.6536M/s
BM_QUICKSORT/8192/1/iterations:1/repeats:50                     267 us          267 us            1 L1-dcache-loads=213.805k items_per_second=30.6813M/s
BM_QUICKSORT/8192/1/iterations:1/repeats:50                     256 us          256 us            1 L1-dcache-loads=236.022k items_per_second=32.0113M/s
BM_QUICKSORT/8192/1/iterations:1/repeats:50                     268 us          268 us            1 L1-dcache-loads=205.224k items_per_second=30.5574M/s
BM_QUICKSORT/8192/1/iterations:1/repeats:50                     272 us          272 us            1 L1-dcache-loads=207.448k items_per_second=30.1236M/s
BM_QUICKSORT/8192/1/iterations:1/repeats:50                     293 us          293 us            1 L1-dcache-loads=234.324k items_per_second=27.9692M/s
BM_QUICKSORT/8192/1/iterations:1/repeats:50                     266 us          266 us            1 L1-dcache-loads=234.406k items_per_second=30.7422M/s
BM_QUICKSORT/8192/1/iterations:1/repeats:50                     261 us          261 us            1 L1-dcache-loads=225.17k items_per_second=31.3602M/s
BM_QUICKSORT/8192/1/iterations:1/repeats:50                     266 us          266 us            1 L1-dcache-loads=231.699k items_per_second=30.7759M/s
BM_QUICKSORT/8192/1/iterations:1/repeats:50                     259 us          259 us            1 L1-dcache-loads=231.11k items_per_second=31.6136M/s
BM_QUICKSORT/8192/1/iterations:1/repeats:50                     265 us          265 us            1 L1-dcache-loads=213.826k items_per_second=30.9643M/s
BM_QUICKSORT/8192/1/iterations:1/repeats:50                     263 us          263 us            1 L1-dcache-loads=215.995k items_per_second=31.1812M/s
BM_QUICKSORT/8192/1/iterations:1/repeats:50_mean                269 us          267 us           50 L1-dcache-loads=220.697k items_per_second=30.7269M/s
BM_QUICKSORT/8192/1/iterations:1/repeats:50_median              267 us          266 us           50 L1-dcache-loads=218.915k items_per_second=30.7591M/s
BM_QUICKSORT/8192/1/iterations:1/repeats:50_stddev             19.8 us         5.94 us           50 L1-dcache-loads=9.71354k items_per_second=651.535k/s
BM_QUICKSORT/8192/1/iterations:1/repeats:50_cv                 7.36 %          2.23 %            50 L1-dcache-loads=4.40% items_per_second=2.12%
BM_QUICKSORT/16384/1/iterations:1/repeats:50                    579 us          579 us            1 L1-dcache-loads=487.407k items_per_second=28.3181M/s
BM_QUICKSORT/16384/1/iterations:1/repeats:50                    582 us          582 us            1 L1-dcache-loads=462.544k items_per_second=28.1544M/s
BM_QUICKSORT/16384/1/iterations:1/repeats:50                    569 us          569 us            1 L1-dcache-loads=471.841k items_per_second=28.7792M/s
BM_QUICKSORT/16384/1/iterations:1/repeats:50                    581 us          581 us            1 L1-dcache-loads=471.23k items_per_second=28.206M/s
BM_QUICKSORT/16384/1/iterations:1/repeats:50                    578 us          578 us            1 L1-dcache-loads=455.732k items_per_second=28.3236M/s
BM_QUICKSORT/16384/1/iterations:1/repeats:50                    575 us          575 us            1 L1-dcache-loads=468.948k items_per_second=28.506M/s
BM_QUICKSORT/16384/1/iterations:1/repeats:50                    570 us          570 us            1 L1-dcache-loads=504.008k items_per_second=28.738M/s
BM_QUICKSORT/16384/1/iterations:1/repeats:50                    567 us          567 us            1 L1-dcache-loads=469.67k items_per_second=28.8871M/s
BM_QUICKSORT/16384/1/iterations:1/repeats:50                    606 us          606 us            1 L1-dcache-loads=499.683k items_per_second=27.0543M/s
BM_QUICKSORT/16384/1/iterations:1/repeats:50                    566 us          566 us            1 L1-dcache-loads=471.726k items_per_second=28.9261M/s
BM_QUICKSORT/16384/1/iterations:1/repeats:50                    573 us          573 us            1 L1-dcache-loads=482.961k items_per_second=28.5869M/s
BM_QUICKSORT/16384/1/iterations:1/repeats:50                    557 us          557 us            1 L1-dcache-loads=489.568k items_per_second=29.3922M/s
BM_QUICKSORT/16384/1/iterations:1/repeats:50                    610 us          610 us            1 L1-dcache-loads=491.117k items_per_second=26.8706M/s
BM_QUICKSORT/16384/1/iterations:1/repeats:50                    574 us          574 us            1 L1-dcache-loads=467.487k items_per_second=28.5467M/s
BM_QUICKSORT/16384/1/iterations:1/repeats:50                    575 us          575 us            1 L1-dcache-loads=450.717k items_per_second=28.477M/s
BM_QUICKSORT/16384/1/iterations:1/repeats:50                    563 us          563 us            1 L1-dcache-loads=500.631k items_per_second=29.1115M/s
BM_QUICKSORT/16384/1/iterations:1/repeats:50                    573 us          573 us            1 L1-dcache-loads=468.496k items_per_second=28.6137M/s
BM_QUICKSORT/16384/1/iterations:1/repeats:50                    575 us          575 us            1 L1-dcache-loads=479.56k items_per_second=28.4841M/s
BM_QUICKSORT/16384/1/iterations:1/repeats:50                    569 us          569 us            1 L1-dcache-loads=503.83k items_per_second=28.8038M/s
BM_QUICKSORT/16384/1/iterations:1/repeats:50                    561 us          561 us            1 L1-dcache-loads=481.262k items_per_second=29.1862M/s
BM_QUICKSORT/16384/1/iterations:1/repeats:50                    567 us          567 us            1 L1-dcache-loads=457.985k items_per_second=28.9059M/s
BM_QUICKSORT/16384/1/iterations:1/repeats:50                    567 us          567 us            1 L1-dcache-loads=486.658k items_per_second=28.9081M/s
BM_QUICKSORT/16384/1/iterations:1/repeats:50                    564 us          564 us            1 L1-dcache-loads=480.6k items_per_second=29.0292M/s
BM_QUICKSORT/16384/1/iterations:1/repeats:50                    577 us          577 us            1 L1-dcache-loads=474.788k items_per_second=28.3726M/s
BM_QUICKSORT/16384/1/iterations:1/repeats:50                    579 us          579 us            1 L1-dcache-loads=454.533k items_per_second=28.2919M/s
BM_QUICKSORT/16384/1/iterations:1/repeats:50                    566 us          566 us            1 L1-dcache-loads=468.547k items_per_second=28.9692M/s
BM_QUICKSORT/16384/1/iterations:1/repeats:50                    563 us          563 us            1 L1-dcache-loads=472.975k items_per_second=29.104M/s
BM_QUICKSORT/16384/1/iterations:1/repeats:50                    576 us          576 us            1 L1-dcache-loads=446.042k items_per_second=28.4323M/s
BM_QUICKSORT/16384/1/iterations:1/repeats:50                    574 us          574 us            1 L1-dcache-loads=477.061k items_per_second=28.5535M/s
BM_QUICKSORT/16384/1/iterations:1/repeats:50                    553 us          553 us            1 L1-dcache-loads=514.895k items_per_second=29.6062M/s
BM_QUICKSORT/16384/1/iterations:1/repeats:50                    606 us          606 us            1 L1-dcache-loads=497.103k items_per_second=27.0168M/s
BM_QUICKSORT/16384/1/iterations:1/repeats:50                    572 us          572 us            1 L1-dcache-loads=478.664k items_per_second=28.6407M/s
BM_QUICKSORT/16384/1/iterations:1/repeats:50                    573 us          573 us            1 L1-dcache-loads=462.382k items_per_second=28.5748M/s
BM_QUICKSORT/16384/1/iterations:1/repeats:50                    562 us          562 us            1 L1-dcache-loads=475.326k items_per_second=29.1558M/s
BM_QUICKSORT/16384/1/iterations:1/repeats:50                    576 us          576 us            1 L1-dcache-loads=485.514k items_per_second=28.4204M/s
BM_QUICKSORT/16384/1/iterations:1/repeats:50                    569 us          569 us            1 L1-dcache-loads=489.602k items_per_second=28.7746M/s
BM_QUICKSORT/16384/1/iterations:1/repeats:50                    575 us          575 us            1 L1-dcache-loads=455.008k items_per_second=28.4825M/s
BM_QUICKSORT/16384/1/iterations:1/repeats:50                    610 us          610 us            1 L1-dcache-loads=473.833k items_per_second=26.857M/s
BM_QUICKSORT/16384/1/iterations:1/repeats:50                    577 us          577 us            1 L1-dcache-loads=513.288k items_per_second=28.3873M/s
BM_QUICKSORT/16384/1/iterations:1/repeats:50                    580 us          580 us            1 L1-dcache-loads=467.052k items_per_second=28.2504M/s
BM_QUICKSORT/16384/1/iterations:1/repeats:50                    575 us          575 us            1 L1-dcache-loads=456.528k items_per_second=28.4992M/s
BM_QUICKSORT/16384/1/iterations:1/repeats:50                    579 us          579 us            1 L1-dcache-loads=458.893k items_per_second=28.2939M/s
BM_QUICKSORT/16384/1/iterations:1/repeats:50                    577 us          577 us            1 L1-dcache-loads=457.722k items_per_second=28.3883M/s
BM_QUICKSORT/16384/1/iterations:1/repeats:50                    565 us          565 us            1 L1-dcache-loads=487.348k items_per_second=28.9768M/s
BM_QUICKSORT/16384/1/iterations:1/repeats:50                    567 us          567 us            1 L1-dcache-loads=460.178k items_per_second=28.9145M/s
BM_QUICKSORT/16384/1/iterations:1/repeats:50                    581 us          581 us            1 L1-dcache-loads=496.433k items_per_second=28.204M/s
BM_QUICKSORT/16384/1/iterations:1/repeats:50                    567 us          567 us            1 L1-dcache-loads=475.174k items_per_second=28.8738M/s
BM_QUICKSORT/16384/1/iterations:1/repeats:50                    565 us          565 us            1 L1-dcache-loads=482.117k items_per_second=28.9766M/s
BM_QUICKSORT/16384/1/iterations:1/repeats:50                    571 us          571 us            1 L1-dcache-loads=471.124k items_per_second=28.6779M/s
BM_QUICKSORT/16384/1/iterations:1/repeats:50                    576 us          576 us            1 L1-dcache-loads=450.989k items_per_second=28.4256M/s
BM_QUICKSORT/16384/1/iterations:1/repeats:50_mean               574 us          574 us           50 L1-dcache-loads=476.136k items_per_second=28.5386M/s
BM_QUICKSORT/16384/1/iterations:1/repeats:50_median             574 us          574 us           50 L1-dcache-loads=474.31k items_per_second=28.5642M/s
BM_QUICKSORT/16384/1/iterations:1/repeats:50_stddev            11.9 us         11.9 us           50 L1-dcache-loads=16.6491k items_per_second=573.347k/s
BM_QUICKSORT/16384/1/iterations:1/repeats:50_cv                2.07 %          2.07 %            50 L1-dcache-loads=3.50% items_per_second=2.01%
BM_QUICKSORT/32768/1/iterations:1/repeats:50                   1233 us         1233 us            1 L1-dcache-loads=998.23k items_per_second=26.5803M/s
BM_QUICKSORT/32768/1/iterations:1/repeats:50                   1244 us         1244 us            1 L1-dcache-loads=985.444k items_per_second=26.3362M/s
BM_QUICKSORT/32768/1/iterations:1/repeats:50                   1238 us         1238 us            1 L1-dcache-loads=1.06302M items_per_second=26.466M/s
BM_QUICKSORT/32768/1/iterations:1/repeats:50                   1237 us         1237 us            1 L1-dcache-loads=1.05167M items_per_second=26.4794M/s
BM_QUICKSORT/32768/1/iterations:1/repeats:50                   1241 us         1241 us            1 L1-dcache-loads=966.548k items_per_second=26.414M/s
BM_QUICKSORT/32768/1/iterations:1/repeats:50                   1225 us         1225 us            1 L1-dcache-loads=973.686k items_per_second=26.7402M/s
BM_QUICKSORT/32768/1/iterations:1/repeats:50                   1238 us         1238 us            1 L1-dcache-loads=1.06537M items_per_second=26.4759M/s
BM_QUICKSORT/32768/1/iterations:1/repeats:50                   1240 us         1240 us            1 L1-dcache-loads=1.05692M items_per_second=26.4261M/s
BM_QUICKSORT/32768/1/iterations:1/repeats:50                   1230 us         1230 us            1 L1-dcache-loads=995.558k items_per_second=26.6462M/s
BM_QUICKSORT/32768/1/iterations:1/repeats:50                   1232 us         1232 us            1 L1-dcache-loads=980.631k items_per_second=26.6045M/s
BM_QUICKSORT/32768/1/iterations:1/repeats:50                   1200 us         1200 us            1 L1-dcache-loads=1.01872M items_per_second=27.2974M/s
BM_QUICKSORT/32768/1/iterations:1/repeats:50                   1212 us         1212 us            1 L1-dcache-loads=991.886k items_per_second=27.0293M/s
BM_QUICKSORT/32768/1/iterations:1/repeats:50                   1216 us         1216 us            1 L1-dcache-loads=983.997k items_per_second=26.9518M/s
BM_QUICKSORT/32768/1/iterations:1/repeats:50                   1228 us         1228 us            1 L1-dcache-loads=1.02627M items_per_second=26.6925M/s
BM_QUICKSORT/32768/1/iterations:1/repeats:50                   1215 us         1215 us            1 L1-dcache-loads=1.03673M items_per_second=26.966M/s
BM_QUICKSORT/32768/1/iterations:1/repeats:50                   1208 us         1208 us            1 L1-dcache-loads=1.01463M items_per_second=27.1235M/s
BM_QUICKSORT/32768/1/iterations:1/repeats:50                   1220 us         1220 us            1 L1-dcache-loads=978.463k items_per_second=26.8692M/s
BM_QUICKSORT/32768/1/iterations:1/repeats:50                   1203 us         1203 us            1 L1-dcache-loads=1.04285M items_per_second=27.2424M/s
BM_QUICKSORT/32768/1/iterations:1/repeats:50                   1207 us         1207 us            1 L1-dcache-loads=1.00882M items_per_second=27.1445M/s
BM_QUICKSORT/32768/1/iterations:1/repeats:50                   1228 us         1228 us            1 L1-dcache-loads=1.03845M items_per_second=26.6735M/s
BM_QUICKSORT/32768/1/iterations:1/repeats:50                   1287 us         1287 us            1 L1-dcache-loads=1.04561M items_per_second=25.4558M/s
BM_QUICKSORT/32768/1/iterations:1/repeats:50                   1238 us         1238 us            1 L1-dcache-loads=976.161k items_per_second=26.4667M/s
BM_QUICKSORT/32768/1/iterations:1/repeats:50                   1262 us         1262 us            1 L1-dcache-loads=1.03664M items_per_second=25.9583M/s
BM_QUICKSORT/32768/1/iterations:1/repeats:50                   1261 us         1261 us            1 L1-dcache-loads=983.202k items_per_second=25.9939M/s
BM_QUICKSORT/32768/1/iterations:1/repeats:50                   1205 us         1205 us            1 L1-dcache-loads=1.00308M items_per_second=27.1878M/s
BM_QUICKSORT/32768/1/iterations:1/repeats:50                   1209 us         1209 us            1 L1-dcache-loads=1.06115M items_per_second=27.102M/s
BM_QUICKSORT/32768/1/iterations:1/repeats:50                   1213 us         1213 us            1 L1-dcache-loads=1.01634M items_per_second=27.0134M/s
BM_QUICKSORT/32768/1/iterations:1/repeats:50                   1215 us         1215 us            1 L1-dcache-loads=1.03003M items_per_second=26.9614M/s
BM_QUICKSORT/32768/1/iterations:1/repeats:50                   1209 us         1209 us            1 L1-dcache-loads=1.02852M items_per_second=27.1035M/s
BM_QUICKSORT/32768/1/iterations:1/repeats:50                   1225 us         1225 us            1 L1-dcache-loads=980.331k items_per_second=26.7514M/s
BM_QUICKSORT/32768/1/iterations:1/repeats:50                   1277 us         1277 us            1 L1-dcache-loads=1.03258M items_per_second=25.6523M/s
BM_QUICKSORT/32768/1/iterations:1/repeats:50                   1256 us         1256 us            1 L1-dcache-loads=1.03783M items_per_second=26.0862M/s
BM_QUICKSORT/32768/1/iterations:1/repeats:50                   1199 us         1199 us            1 L1-dcache-loads=1.02145M items_per_second=27.3343M/s
BM_QUICKSORT/32768/1/iterations:1/repeats:50                   1211 us         1211 us            1 L1-dcache-loads=1.01638M items_per_second=27.0606M/s
BM_QUICKSORT/32768/1/iterations:1/repeats:50                   1209 us         1209 us            1 L1-dcache-loads=1.01063M items_per_second=27.11M/s
BM_QUICKSORT/32768/1/iterations:1/repeats:50                   1210 us         1210 us            1 L1-dcache-loads=0.999964M items_per_second=27.0828M/s
BM_QUICKSORT/32768/1/iterations:1/repeats:50                   1210 us         1210 us            1 L1-dcache-loads=1.03607M items_per_second=27.0819M/s
BM_QUICKSORT/32768/1/iterations:1/repeats:50                   1229 us         1229 us            1 L1-dcache-loads=971.406k items_per_second=26.6553M/s
BM_QUICKSORT/32768/1/iterations:1/repeats:50                   1223 us         1223 us            1 L1-dcache-loads=986.987k items_per_second=26.7849M/s
BM_QUICKSORT/32768/1/iterations:1/repeats:50                   1226 us         1226 us            1 L1-dcache-loads=1.0167M items_per_second=26.737M/s
BM_QUICKSORT/32768/1/iterations:1/repeats:50                   1216 us         1216 us            1 L1-dcache-loads=1.03396M items_per_second=26.9527M/s
BM_QUICKSORT/32768/1/iterations:1/repeats:50                   1230 us         1230 us            1 L1-dcache-loads=998.819k items_per_second=26.6311M/s
BM_QUICKSORT/32768/1/iterations:1/repeats:50                   1228 us         1228 us            1 L1-dcache-loads=965.768k items_per_second=26.6894M/s
BM_QUICKSORT/32768/1/iterations:1/repeats:50                   1271 us         1271 us            1 L1-dcache-loads=1.04722M items_per_second=25.7802M/s
BM_QUICKSORT/32768/1/iterations:1/repeats:50                   1246 us         1246 us            1 L1-dcache-loads=971.022k items_per_second=26.2994M/s
BM_QUICKSORT/32768/1/iterations:1/repeats:50                   1225 us         1225 us            1 L1-dcache-loads=974.268k items_per_second=26.7569M/s
BM_QUICKSORT/32768/1/iterations:1/repeats:50                   1228 us         1228 us            1 L1-dcache-loads=980.544k items_per_second=26.6847M/s
BM_QUICKSORT/32768/1/iterations:1/repeats:50                   1242 us         1242 us            1 L1-dcache-loads=958.743k items_per_second=26.3804M/s
BM_QUICKSORT/32768/1/iterations:1/repeats:50                   1235 us         1235 us            1 L1-dcache-loads=977.585k items_per_second=26.5387M/s
BM_QUICKSORT/32768/1/iterations:1/repeats:50                   1208 us         1208 us            1 L1-dcache-loads=1.02802M items_per_second=27.1294M/s
BM_QUICKSORT/32768/1/iterations:1/repeats:50_mean              1228 us         1228 us           50 L1-dcache-loads=1.0101M items_per_second=26.6916M/s
BM_QUICKSORT/32768/1/iterations:1/repeats:50_median            1227 us         1227 us           50 L1-dcache-loads=1.01263M items_per_second=26.7147M/s
BM_QUICKSORT/32768/1/iterations:1/repeats:50_stddev            20.0 us         20.0 us           50 L1-dcache-loads=29.9583k items_per_second=429.018k/s
BM_QUICKSORT/32768/1/iterations:1/repeats:50_cv                1.63 %          1.63 %            50 L1-dcache-loads=2.97% items_per_second=1.61%
BM_SELECTION_SORT/4/1/iterations:1/repeats:50                 0.586 us        0.569 us            1 L1-dcache-loads=177 items_per_second=7.02988M/s
BM_SELECTION_SORT/4/1/iterations:1/repeats:50                 0.421 us        0.427 us            1 L1-dcache-loads=177 items_per_second=9.36768M/s
BM_SELECTION_SORT/4/1/iterations:1/repeats:50                 0.421 us        0.417 us            1 L1-dcache-loads=177 items_per_second=9.59233M/s
BM_SELECTION_SORT/4/1/iterations:1/repeats:50                 0.425 us        0.421 us            1 L1-dcache-loads=177 items_per_second=9.50119M/s
BM_SELECTION_SORT/4/1/iterations:1/repeats:50                 0.440 us        0.439 us            1 L1-dcache-loads=177 items_per_second=9.11162M/s
BM_SELECTION_SORT/4/1/iterations:1/repeats:50                 0.392 us        0.390 us            1 L1-dcache-loads=177 items_per_second=10.2564M/s
BM_SELECTION_SORT/4/1/iterations:1/repeats:50                 0.382 us        0.390 us            1 L1-dcache-loads=177 items_per_second=10.2564M/s
BM_SELECTION_SORT/4/1/iterations:1/repeats:50                 0.388 us        0.403 us            1 L1-dcache-loads=177 items_per_second=9.92556M/s
BM_SELECTION_SORT/4/1/iterations:1/repeats:50                 0.407 us        0.415 us            1 L1-dcache-loads=177 items_per_second=9.63855M/s
BM_SELECTION_SORT/4/1/iterations:1/repeats:50                 0.381 us        0.379 us            1 L1-dcache-loads=177 items_per_second=10.5541M/s
BM_SELECTION_SORT/4/1/iterations:1/repeats:50                 0.410 us        0.411 us            1 L1-dcache-loads=177 items_per_second=9.73236M/s
BM_SELECTION_SORT/4/1/iterations:1/repeats:50                 0.410 us        0.411 us            1 L1-dcache-loads=177 items_per_second=9.73236M/s
BM_SELECTION_SORT/4/1/iterations:1/repeats:50                 0.383 us        0.381 us            1 L1-dcache-loads=177 items_per_second=10.4987M/s
BM_SELECTION_SORT/4/1/iterations:1/repeats:50                 0.391 us        0.388 us            1 L1-dcache-loads=177 items_per_second=10.3093M/s
BM_SELECTION_SORT/4/1/iterations:1/repeats:50                 0.376 us        0.374 us            1 L1-dcache-loads=177 items_per_second=10.6952M/s
BM_SELECTION_SORT/4/1/iterations:1/repeats:50                 0.367 us        0.368 us            1 L1-dcache-loads=177 items_per_second=10.8696M/s
BM_SELECTION_SORT/4/1/iterations:1/repeats:50                 0.384 us        0.387 us            1 L1-dcache-loads=177 items_per_second=10.3359M/s
BM_SELECTION_SORT/4/1/iterations:1/repeats:50                 0.392 us        0.390 us            1 L1-dcache-loads=177 items_per_second=10.2564M/s
BM_SELECTION_SORT/4/1/iterations:1/repeats:50                 0.415 us        0.414 us            1 L1-dcache-loads=177 items_per_second=9.66184M/s
BM_SELECTION_SORT/4/1/iterations:1/repeats:50                 0.396 us        0.397 us            1 L1-dcache-loads=177 items_per_second=10.0756M/s
BM_SELECTION_SORT/4/1/iterations:1/repeats:50                 0.405 us        0.404 us            1 L1-dcache-loads=177 items_per_second=9.90099M/s
BM_SELECTION_SORT/4/1/iterations:1/repeats:50                 0.391 us        0.390 us            1 L1-dcache-loads=177 items_per_second=10.2564M/s
BM_SELECTION_SORT/4/1/iterations:1/repeats:50                 0.378 us        0.376 us            1 L1-dcache-loads=177 items_per_second=10.6383M/s
BM_SELECTION_SORT/4/1/iterations:1/repeats:50                 0.368 us        0.367 us            1 L1-dcache-loads=177 items_per_second=10.8992M/s
BM_SELECTION_SORT/4/1/iterations:1/repeats:50                 0.386 us        0.387 us            1 L1-dcache-loads=177 items_per_second=10.3359M/s
BM_SELECTION_SORT/4/1/iterations:1/repeats:50                 0.407 us        0.407 us            1 L1-dcache-loads=177 items_per_second=9.82801M/s
BM_SELECTION_SORT/4/1/iterations:1/repeats:50                 0.395 us        0.396 us            1 L1-dcache-loads=177 items_per_second=10.101M/s
BM_SELECTION_SORT/4/1/iterations:1/repeats:50                 0.405 us        0.406 us            1 L1-dcache-loads=177 items_per_second=9.85222M/s
BM_SELECTION_SORT/4/1/iterations:1/repeats:50                 0.405 us        0.405 us            1 L1-dcache-loads=177 items_per_second=9.87654M/s
BM_SELECTION_SORT/4/1/iterations:1/repeats:50                 0.390 us        0.391 us            1 L1-dcache-loads=177 items_per_second=10.2302M/s
BM_SELECTION_SORT/4/1/iterations:1/repeats:50                 0.409 us        0.409 us            1 L1-dcache-loads=177 items_per_second=9.77995M/s
BM_SELECTION_SORT/4/1/iterations:1/repeats:50                 0.392 us        0.393 us            1 L1-dcache-loads=177 items_per_second=10.1781M/s
BM_SELECTION_SORT/4/1/iterations:1/repeats:50                 0.402 us        0.402 us            1 L1-dcache-loads=177 items_per_second=9.95025M/s
BM_SELECTION_SORT/4/1/iterations:1/repeats:50                 0.415 us        0.408 us            1 L1-dcache-loads=177 items_per_second=9.80392M/s
BM_SELECTION_SORT/4/1/iterations:1/repeats:50                 0.379 us        0.380 us            1 L1-dcache-loads=177 items_per_second=10.5263M/s
BM_SELECTION_SORT/4/1/iterations:1/repeats:50                 0.376 us        0.377 us            1 L1-dcache-loads=177 items_per_second=10.6101M/s
BM_SELECTION_SORT/4/1/iterations:1/repeats:50                 0.384 us        0.383 us            1 L1-dcache-loads=177 items_per_second=10.4439M/s
BM_SELECTION_SORT/4/1/iterations:1/repeats:50                 0.375 us        0.383 us            1 L1-dcache-loads=177 items_per_second=10.4439M/s
BM_SELECTION_SORT/4/1/iterations:1/repeats:50                 0.379 us        0.377 us            1 L1-dcache-loads=177 items_per_second=10.6101M/s
BM_SELECTION_SORT/4/1/iterations:1/repeats:50                 0.399 us        0.399 us            1 L1-dcache-loads=177 items_per_second=10.0251M/s
BM_SELECTION_SORT/4/1/iterations:1/repeats:50                 0.365 us        0.374 us            1 L1-dcache-loads=177 items_per_second=10.6952M/s
BM_SELECTION_SORT/4/1/iterations:1/repeats:50                 0.384 us        0.383 us            1 L1-dcache-loads=177 items_per_second=10.4439M/s
BM_SELECTION_SORT/4/1/iterations:1/repeats:50                 0.383 us        0.383 us            1 L1-dcache-loads=177 items_per_second=10.4439M/s
BM_SELECTION_SORT/4/1/iterations:1/repeats:50                 0.370 us        0.370 us            1 L1-dcache-loads=177 items_per_second=10.8108M/s
BM_SELECTION_SORT/4/1/iterations:1/repeats:50                 0.381 us        0.389 us            1 L1-dcache-loads=177 items_per_second=10.2828M/s
BM_SELECTION_SORT/4/1/iterations:1/repeats:50                 0.388 us        0.387 us            1 L1-dcache-loads=177 items_per_second=10.3359M/s
BM_SELECTION_SORT/4/1/iterations:1/repeats:50                 0.372 us        0.373 us            1 L1-dcache-loads=177 items_per_second=10.7239M/s
BM_SELECTION_SORT/4/1/iterations:1/repeats:50                 0.371 us        0.371 us            1 L1-dcache-loads=177 items_per_second=10.7817M/s
BM_SELECTION_SORT/4/1/iterations:1/repeats:50                 0.373 us        0.372 us            1 L1-dcache-loads=177 items_per_second=10.7527M/s
BM_SELECTION_SORT/4/1/iterations:1/repeats:50                 0.385 us        0.384 us            1 L1-dcache-loads=177 items_per_second=10.4167M/s
BM_SELECTION_SORT/4/1/iterations:1/repeats:50_mean            0.396 us        0.396 us           50 L1-dcache-loads=177 items_per_second=10.1476M/s
BM_SELECTION_SORT/4/1/iterations:1/repeats:50_median          0.389 us        0.390 us           50 L1-dcache-loads=177 items_per_second=10.2564M/s
BM_SELECTION_SORT/4/1/iterations:1/repeats:50_stddev          0.032 us        0.030 us           50 L1-dcache-loads=0 items_per_second=616.296k/s
BM_SELECTION_SORT/4/1/iterations:1/repeats:50_cv               8.15 %          7.56 %            50 L1-dcache-loads=0.00% items_per_second=6.07%
BM_SELECTION_SORT/8/1/iterations:1/repeats:50                 0.597 us        0.579 us            1 L1-dcache-loads=279 items_per_second=13.8169M/s
BM_SELECTION_SORT/8/1/iterations:1/repeats:50                 0.490 us        0.488 us            1 L1-dcache-loads=279 items_per_second=16.3934M/s
BM_SELECTION_SORT/8/1/iterations:1/repeats:50                 0.467 us        0.467 us            1 L1-dcache-loads=279 items_per_second=17.1306M/s
BM_SELECTION_SORT/8/1/iterations:1/repeats:50                 0.475 us        0.479 us            1 L1-dcache-loads=279 items_per_second=16.7015M/s
BM_SELECTION_SORT/8/1/iterations:1/repeats:50                 0.470 us        0.491 us            1 L1-dcache-loads=279 items_per_second=16.2933M/s
BM_SELECTION_SORT/8/1/iterations:1/repeats:50                 0.430 us        0.428 us            1 L1-dcache-loads=279 items_per_second=18.6916M/s
BM_SELECTION_SORT/8/1/iterations:1/repeats:50                 0.445 us        0.443 us            1 L1-dcache-loads=279 items_per_second=18.0587M/s
BM_SELECTION_SORT/8/1/iterations:1/repeats:50                 0.487 us        0.486 us            1 L1-dcache-loads=279 items_per_second=16.4609M/s
BM_SELECTION_SORT/8/1/iterations:1/repeats:50                 0.423 us        0.423 us            1 L1-dcache-loads=279 items_per_second=18.9125M/s
BM_SELECTION_SORT/8/1/iterations:1/repeats:50                 0.455 us        0.459 us            1 L1-dcache-loads=279 items_per_second=17.4292M/s
BM_SELECTION_SORT/8/1/iterations:1/repeats:50                 0.457 us        0.457 us            1 L1-dcache-loads=279 items_per_second=17.5055M/s
BM_SELECTION_SORT/8/1/iterations:1/repeats:50                 0.470 us        0.471 us            1 L1-dcache-loads=279 items_per_second=16.9851M/s
BM_SELECTION_SORT/8/1/iterations:1/repeats:50                 0.442 us        0.441 us            1 L1-dcache-loads=279 items_per_second=18.1406M/s
BM_SELECTION_SORT/8/1/iterations:1/repeats:50                 0.437 us        0.438 us            1 L1-dcache-loads=279 items_per_second=18.2648M/s
BM_SELECTION_SORT/8/1/iterations:1/repeats:50                 0.447 us        0.458 us            1 L1-dcache-loads=279 items_per_second=17.4672M/s
BM_SELECTION_SORT/8/1/iterations:1/repeats:50                 0.448 us        0.439 us            1 L1-dcache-loads=279 items_per_second=18.2232M/s
BM_SELECTION_SORT/8/1/iterations:1/repeats:50                 0.458 us        0.458 us            1 L1-dcache-loads=279 items_per_second=17.4672M/s
BM_SELECTION_SORT/8/1/iterations:1/repeats:50                 0.464 us        0.467 us            1 L1-dcache-loads=279 items_per_second=17.1306M/s
BM_SELECTION_SORT/8/1/iterations:1/repeats:50                 0.448 us        0.448 us            1 L1-dcache-loads=279 items_per_second=17.8571M/s
BM_SELECTION_SORT/8/1/iterations:1/repeats:50                 0.495 us        0.507 us            1 L1-dcache-loads=279 items_per_second=15.7791M/s
BM_SELECTION_SORT/8/1/iterations:1/repeats:50                 0.455 us        0.453 us            1 L1-dcache-loads=279 items_per_second=17.66M/s
BM_SELECTION_SORT/8/1/iterations:1/repeats:50                 0.433 us        0.432 us            1 L1-dcache-loads=279 items_per_second=18.5185M/s
BM_SELECTION_SORT/8/1/iterations:1/repeats:50                 0.474 us        0.472 us            1 L1-dcache-loads=279 items_per_second=16.9492M/s
BM_SELECTION_SORT/8/1/iterations:1/repeats:50                 0.439 us        0.436 us            1 L1-dcache-loads=279 items_per_second=18.3486M/s
BM_SELECTION_SORT/8/1/iterations:1/repeats:50                 0.445 us        0.439 us            1 L1-dcache-loads=279 items_per_second=18.2232M/s
BM_SELECTION_SORT/8/1/iterations:1/repeats:50                 0.438 us        0.437 us            1 L1-dcache-loads=279 items_per_second=18.3066M/s
BM_SELECTION_SORT/8/1/iterations:1/repeats:50                 0.489 us        0.489 us            1 L1-dcache-loads=279 items_per_second=16.3599M/s
BM_SELECTION_SORT/8/1/iterations:1/repeats:50                 0.469 us        0.469 us            1 L1-dcache-loads=279 items_per_second=17.0576M/s
BM_SELECTION_SORT/8/1/iterations:1/repeats:50                 0.446 us        0.449 us            1 L1-dcache-loads=279 items_per_second=17.8174M/s
BM_SELECTION_SORT/8/1/iterations:1/repeats:50                 0.410 us        0.408 us            1 L1-dcache-loads=279 items_per_second=19.6078M/s
BM_SELECTION_SORT/8/1/iterations:1/repeats:50                 0.452 us        0.451 us            1 L1-dcache-loads=279 items_per_second=17.7384M/s
BM_SELECTION_SORT/8/1/iterations:1/repeats:50                 0.435 us        0.439 us            1 L1-dcache-loads=279 items_per_second=18.2232M/s
BM_SELECTION_SORT/8/1/iterations:1/repeats:50                 0.426 us        0.427 us            1 L1-dcache-loads=279 items_per_second=18.7354M/s
BM_SELECTION_SORT/8/1/iterations:1/repeats:50                 0.474 us        0.462 us            1 L1-dcache-loads=279 items_per_second=17.316M/s
BM_SELECTION_SORT/8/1/iterations:1/repeats:50                 0.411 us        0.409 us            1 L1-dcache-loads=279 items_per_second=19.5599M/s
BM_SELECTION_SORT/8/1/iterations:1/repeats:50                 0.443 us        0.451 us            1 L1-dcache-loads=279 items_per_second=17.7384M/s
BM_SELECTION_SORT/8/1/iterations:1/repeats:50                 0.453 us        0.452 us            1 L1-dcache-loads=279 items_per_second=17.6991M/s
BM_SELECTION_SORT/8/1/iterations:1/repeats:50                 0.403 us        0.405 us            1 L1-dcache-loads=279 items_per_second=19.7531M/s
BM_SELECTION_SORT/8/1/iterations:1/repeats:50                 0.480 us        0.481 us            1 L1-dcache-loads=279 items_per_second=16.632M/s
BM_SELECTION_SORT/8/1/iterations:1/repeats:50                 0.468 us        0.468 us            1 L1-dcache-loads=279 items_per_second=17.094M/s
BM_SELECTION_SORT/8/1/iterations:1/repeats:50                 0.428 us        0.429 us            1 L1-dcache-loads=279 items_per_second=18.648M/s
BM_SELECTION_SORT/8/1/iterations:1/repeats:50                 0.452 us        0.454 us            1 L1-dcache-loads=279 items_per_second=17.6211M/s
BM_SELECTION_SORT/8/1/iterations:1/repeats:50                 0.453 us        0.453 us            1 L1-dcache-loads=279 items_per_second=17.66M/s
BM_SELECTION_SORT/8/1/iterations:1/repeats:50                 0.413 us        0.413 us            1 L1-dcache-loads=279 items_per_second=19.3705M/s
BM_SELECTION_SORT/8/1/iterations:1/repeats:50                 0.424 us        0.423 us            1 L1-dcache-loads=279 items_per_second=18.9125M/s
BM_SELECTION_SORT/8/1/iterations:1/repeats:50                 0.423 us        0.424 us            1 L1-dcache-loads=279 items_per_second=18.8679M/s
BM_SELECTION_SORT/8/1/iterations:1/repeats:50                 0.467 us        0.465 us            1 L1-dcache-loads=279 items_per_second=17.2043M/s
BM_SELECTION_SORT/8/1/iterations:1/repeats:50                 0.417 us        0.416 us            1 L1-dcache-loads=279 items_per_second=19.2308M/s
BM_SELECTION_SORT/8/1/iterations:1/repeats:50                 0.446 us        0.440 us            1 L1-dcache-loads=279 items_per_second=18.1818M/s
BM_SELECTION_SORT/8/1/iterations:1/repeats:50                 0.459 us        0.460 us            1 L1-dcache-loads=279 items_per_second=17.3913M/s
BM_SELECTION_SORT/8/1/iterations:1/repeats:50_mean            0.453 us        0.453 us           50 L1-dcache-loads=279 items_per_second=17.7427M/s
BM_SELECTION_SORT/8/1/iterations:1/repeats:50_median          0.450 us        0.452 us           50 L1-dcache-loads=279 items_per_second=17.7187M/s
BM_SELECTION_SORT/8/1/iterations:1/repeats:50_stddev          0.030 us        0.030 us           50 L1-dcache-loads=0 items_per_second=1.08754M/s
BM_SELECTION_SORT/8/1/iterations:1/repeats:50_cv               6.74 %          6.56 %            50 L1-dcache-loads=0.00% items_per_second=6.13%
BM_SELECTION_SORT/16/1/iterations:1/repeats:50                0.817 us        0.803 us            1 L1-dcache-loads=531 items_per_second=19.9253M/s
BM_SELECTION_SORT/16/1/iterations:1/repeats:50                0.727 us        0.727 us            1 L1-dcache-loads=531 items_per_second=22.0083M/s
BM_SELECTION_SORT/16/1/iterations:1/repeats:50                0.755 us        0.755 us            1 L1-dcache-loads=531 items_per_second=21.1921M/s
BM_SELECTION_SORT/16/1/iterations:1/repeats:50                0.703 us        0.700 us            1 L1-dcache-loads=531 items_per_second=22.8571M/s
BM_SELECTION_SORT/16/1/iterations:1/repeats:50                0.693 us        0.697 us            1 L1-dcache-loads=531 items_per_second=22.9555M/s
BM_SELECTION_SORT/16/1/iterations:1/repeats:50                0.689 us        0.686 us            1 L1-dcache-loads=531 items_per_second=23.3236M/s
BM_SELECTION_SORT/16/1/iterations:1/repeats:50                0.684 us        0.683 us            1 L1-dcache-loads=531 items_per_second=23.4261M/s
BM_SELECTION_SORT/16/1/iterations:1/repeats:50                0.698 us        0.698 us            1 L1-dcache-loads=531 items_per_second=22.9226M/s
BM_SELECTION_SORT/16/1/iterations:1/repeats:50                0.696 us        0.696 us            1 L1-dcache-loads=531 items_per_second=22.9885M/s
BM_SELECTION_SORT/16/1/iterations:1/repeats:50                0.726 us        0.721 us            1 L1-dcache-loads=531 items_per_second=22.1914M/s
BM_SELECTION_SORT/16/1/iterations:1/repeats:50                0.698 us        0.699 us            1 L1-dcache-loads=531 items_per_second=22.8898M/s
BM_SELECTION_SORT/16/1/iterations:1/repeats:50                0.661 us        0.665 us            1 L1-dcache-loads=531 items_per_second=24.0602M/s
BM_SELECTION_SORT/16/1/iterations:1/repeats:50                0.701 us        0.710 us            1 L1-dcache-loads=531 items_per_second=22.5352M/s
BM_SELECTION_SORT/16/1/iterations:1/repeats:50                0.685 us        0.684 us            1 L1-dcache-loads=531 items_per_second=23.3918M/s
BM_SELECTION_SORT/16/1/iterations:1/repeats:50                0.718 us        0.717 us            1 L1-dcache-loads=531 items_per_second=22.3152M/s
BM_SELECTION_SORT/16/1/iterations:1/repeats:50                0.698 us        0.682 us            1 L1-dcache-loads=531 items_per_second=23.4604M/s
BM_SELECTION_SORT/16/1/iterations:1/repeats:50                0.665 us        0.664 us            1 L1-dcache-loads=531 items_per_second=24.0964M/s
BM_SELECTION_SORT/16/1/iterations:1/repeats:50                0.752 us        0.747 us            1 L1-dcache-loads=531 items_per_second=21.419M/s
BM_SELECTION_SORT/16/1/iterations:1/repeats:50                0.690 us        0.689 us            1 L1-dcache-loads=531 items_per_second=23.2221M/s
BM_SELECTION_SORT/16/1/iterations:1/repeats:50                0.694 us        0.693 us            1 L1-dcache-loads=531 items_per_second=23.088M/s
BM_SELECTION_SORT/16/1/iterations:1/repeats:50                0.715 us        0.714 us            1 L1-dcache-loads=531 items_per_second=22.409M/s
BM_SELECTION_SORT/16/1/iterations:1/repeats:50                0.691 us        0.693 us            1 L1-dcache-loads=531 items_per_second=23.088M/s
BM_SELECTION_SORT/16/1/iterations:1/repeats:50                0.672 us        0.670 us            1 L1-dcache-loads=531 items_per_second=23.8806M/s
BM_SELECTION_SORT/16/1/iterations:1/repeats:50                0.691 us        0.689 us            1 L1-dcache-loads=531 items_per_second=23.2221M/s
BM_SELECTION_SORT/16/1/iterations:1/repeats:50                0.682 us        0.685 us            1 L1-dcache-loads=531 items_per_second=23.3577M/s
BM_SELECTION_SORT/16/1/iterations:1/repeats:50                0.683 us        0.684 us            1 L1-dcache-loads=531 items_per_second=23.3918M/s
BM_SELECTION_SORT/16/1/iterations:1/repeats:50                0.720 us        0.720 us            1 L1-dcache-loads=531 items_per_second=22.2222M/s
BM_SELECTION_SORT/16/1/iterations:1/repeats:50                0.672 us        0.674 us            1 L1-dcache-loads=531 items_per_second=23.7389M/s
BM_SELECTION_SORT/16/1/iterations:1/repeats:50                0.664 us        0.662 us            1 L1-dcache-loads=531 items_per_second=24.1692M/s
BM_SELECTION_SORT/16/1/iterations:1/repeats:50                0.694 us        0.700 us            1 L1-dcache-loads=531 items_per_second=22.8571M/s
BM_SELECTION_SORT/16/1/iterations:1/repeats:50                0.699 us        0.698 us            1 L1-dcache-loads=531 items_per_second=22.9226M/s
BM_SELECTION_SORT/16/1/iterations:1/repeats:50                0.697 us        0.699 us            1 L1-dcache-loads=531 items_per_second=22.8898M/s
BM_SELECTION_SORT/16/1/iterations:1/repeats:50                0.715 us        0.714 us            1 L1-dcache-loads=531 items_per_second=22.409M/s
BM_SELECTION_SORT/16/1/iterations:1/repeats:50                0.740 us        0.734 us            1 L1-dcache-loads=531 items_per_second=21.7984M/s
BM_SELECTION_SORT/16/1/iterations:1/repeats:50                0.683 us        0.677 us            1 L1-dcache-loads=531 items_per_second=23.6337M/s
BM_SELECTION_SORT/16/1/iterations:1/repeats:50                0.673 us        0.683 us            1 L1-dcache-loads=531 items_per_second=23.4261M/s
BM_SELECTION_SORT/16/1/iterations:1/repeats:50                0.715 us        0.716 us            1 L1-dcache-loads=531 items_per_second=22.3464M/s
BM_SELECTION_SORT/16/1/iterations:1/repeats:50                0.698 us        0.698 us            1 L1-dcache-loads=531 items_per_second=22.9226M/s
BM_SELECTION_SORT/16/1/iterations:1/repeats:50                0.657 us        0.659 us            1 L1-dcache-loads=531 items_per_second=24.2792M/s
BM_SELECTION_SORT/16/1/iterations:1/repeats:50                0.712 us        0.712 us            1 L1-dcache-loads=531 items_per_second=22.4719M/s
BM_SELECTION_SORT/16/1/iterations:1/repeats:50                0.675 us        0.675 us            1 L1-dcache-loads=531 items_per_second=23.7037M/s
BM_SELECTION_SORT/16/1/iterations:1/repeats:50                0.704 us        0.701 us            1 L1-dcache-loads=531 items_per_second=22.8245M/s
BM_SELECTION_SORT/16/1/iterations:1/repeats:50                0.672 us        0.671 us            1 L1-dcache-loads=531 items_per_second=23.845M/s
BM_SELECTION_SORT/16/1/iterations:1/repeats:50                0.696 us        0.695 us            1 L1-dcache-loads=531 items_per_second=23.0216M/s
BM_SELECTION_SORT/16/1/iterations:1/repeats:50                0.729 us        0.728 us            1 L1-dcache-loads=531 items_per_second=21.978M/s
BM_SELECTION_SORT/16/1/iterations:1/repeats:50                0.693 us        0.693 us            1 L1-dcache-loads=531 items_per_second=23.088M/s
BM_SELECTION_SORT/16/1/iterations:1/repeats:50                0.684 us        0.683 us            1 L1-dcache-loads=531 items_per_second=23.4261M/s
BM_SELECTION_SORT/16/1/iterations:1/repeats:50                0.714 us        0.714 us            1 L1-dcache-loads=531 items_per_second=22.409M/s
BM_SELECTION_SORT/16/1/iterations:1/repeats:50                0.704 us        0.702 us            1 L1-dcache-loads=531 items_per_second=22.792M/s
BM_SELECTION_SORT/16/1/iterations:1/repeats:50                0.728 us        0.720 us            1 L1-dcache-loads=531 items_per_second=22.2222M/s
BM_SELECTION_SORT/16/1/iterations:1/repeats:50_mean           0.700 us        0.700 us           50 L1-dcache-loads=531 items_per_second=22.9003M/s
BM_SELECTION_SORT/16/1/iterations:1/repeats:50_median         0.697 us        0.697 us           50 L1-dcache-loads=531 items_per_second=22.9391M/s
BM_SELECTION_SORT/16/1/iterations:1/repeats:50_stddev         0.028 us        0.026 us           50 L1-dcache-loads=0 items_per_second=812.392k/s
BM_SELECTION_SORT/16/1/iterations:1/repeats:50_cv              3.96 %          3.71 %            50 L1-dcache-loads=0.00% items_per_second=3.55%
BM_SELECTION_SORT/32/1/iterations:1/repeats:50                 1.43 us         1.42 us            1 L1-dcache-loads=1.227k items_per_second=22.5989M/s
BM_SELECTION_SORT/32/1/iterations:1/repeats:50                 1.39 us         1.39 us            1 L1-dcache-loads=1.227k items_per_second=22.9885M/s
BM_SELECTION_SORT/32/1/iterations:1/repeats:50                 1.46 us         1.46 us            1 L1-dcache-loads=1.227k items_per_second=21.8729M/s
BM_SELECTION_SORT/32/1/iterations:1/repeats:50                 1.42 us         1.42 us            1 L1-dcache-loads=1.227k items_per_second=22.5829M/s
BM_SELECTION_SORT/32/1/iterations:1/repeats:50                 1.36 us         1.38 us            1 L1-dcache-loads=1.227k items_per_second=23.2558M/s
BM_SELECTION_SORT/32/1/iterations:1/repeats:50                 1.36 us         1.36 us            1 L1-dcache-loads=1.227k items_per_second=23.5641M/s
BM_SELECTION_SORT/32/1/iterations:1/repeats:50                 1.40 us         1.40 us            1 L1-dcache-loads=1.227k items_per_second=22.9062M/s
BM_SELECTION_SORT/32/1/iterations:1/repeats:50                 1.38 us         1.38 us            1 L1-dcache-loads=1.227k items_per_second=23.2052M/s
BM_SELECTION_SORT/32/1/iterations:1/repeats:50                 1.36 us         1.36 us            1 L1-dcache-loads=1.227k items_per_second=23.5467M/s
BM_SELECTION_SORT/32/1/iterations:1/repeats:50                 1.37 us         1.36 us            1 L1-dcache-loads=1.227k items_per_second=23.4604M/s
BM_SELECTION_SORT/32/1/iterations:1/repeats:50                 1.31 us         1.31 us            1 L1-dcache-loads=1.227k items_per_second=24.3531M/s
BM_SELECTION_SORT/32/1/iterations:1/repeats:50                 1.36 us         1.37 us            1 L1-dcache-loads=1.227k items_per_second=23.4261M/s
BM_SELECTION_SORT/32/1/iterations:1/repeats:50                 1.34 us         1.34 us            1 L1-dcache-loads=1.227k items_per_second=23.8273M/s
BM_SELECTION_SORT/32/1/iterations:1/repeats:50                 1.37 us         1.37 us            1 L1-dcache-loads=1.227k items_per_second=23.3066M/s
BM_SELECTION_SORT/32/1/iterations:1/repeats:50                 1.40 us         1.40 us            1 L1-dcache-loads=1.227k items_per_second=22.8735M/s
BM_SELECTION_SORT/32/1/iterations:1/repeats:50                 1.35 us         1.34 us            1 L1-dcache-loads=1.227k items_per_second=23.7918M/s
BM_SELECTION_SORT/32/1/iterations:1/repeats:50                 1.36 us         1.36 us            1 L1-dcache-loads=1.227k items_per_second=23.4604M/s
BM_SELECTION_SORT/32/1/iterations:1/repeats:50                 1.33 us         1.33 us            1 L1-dcache-loads=1.227k items_per_second=24.024M/s
BM_SELECTION_SORT/32/1/iterations:1/repeats:50                 1.38 us         1.37 us            1 L1-dcache-loads=1.227k items_per_second=23.3577M/s
BM_SELECTION_SORT/32/1/iterations:1/repeats:50                 1.38 us         1.38 us            1 L1-dcache-loads=1.227k items_per_second=23.1884M/s
BM_SELECTION_SORT/32/1/iterations:1/repeats:50                 1.33 us         1.33 us            1 L1-dcache-loads=1.227k items_per_second=24.0783M/s
BM_SELECTION_SORT/32/1/iterations:1/repeats:50                 1.44 us         1.44 us            1 L1-dcache-loads=1.227k items_per_second=22.1607M/s
BM_SELECTION_SORT/32/1/iterations:1/repeats:50                 1.40 us         1.40 us            1 L1-dcache-loads=1.227k items_per_second=22.8083M/s
BM_SELECTION_SORT/32/1/iterations:1/repeats:50                 1.40 us         1.40 us            1 L1-dcache-loads=1.227k items_per_second=22.9062M/s
BM_SELECTION_SORT/32/1/iterations:1/repeats:50                 1.36 us         1.36 us            1 L1-dcache-loads=1.227k items_per_second=23.4604M/s
BM_SELECTION_SORT/32/1/iterations:1/repeats:50                 1.36 us         1.35 us            1 L1-dcache-loads=1.227k items_per_second=23.6162M/s
BM_SELECTION_SORT/32/1/iterations:1/repeats:50                 1.37 us         1.36 us            1 L1-dcache-loads=1.227k items_per_second=23.4432M/s
BM_SELECTION_SORT/32/1/iterations:1/repeats:50                 1.35 us         1.35 us            1 L1-dcache-loads=1.227k items_per_second=23.6862M/s
BM_SELECTION_SORT/32/1/iterations:1/repeats:50                 1.36 us         1.36 us            1 L1-dcache-loads=1.227k items_per_second=23.4949M/s
BM_SELECTION_SORT/32/1/iterations:1/repeats:50                 1.31 us         1.31 us            1 L1-dcache-loads=1.227k items_per_second=24.3531M/s
BM_SELECTION_SORT/32/1/iterations:1/repeats:50                 1.29 us         1.29 us            1 L1-dcache-loads=1.227k items_per_second=24.8062M/s
BM_SELECTION_SORT/32/1/iterations:1/repeats:50                 1.34 us         1.35 us            1 L1-dcache-loads=1.227k items_per_second=23.7918M/s
BM_SELECTION_SORT/32/1/iterations:1/repeats:50                 1.48 us         1.48 us            1 L1-dcache-loads=1.227k items_per_second=21.5779M/s
BM_SELECTION_SORT/32/1/iterations:1/repeats:50                 1.38 us         1.37 us            1 L1-dcache-loads=1.227k items_per_second=23.3236M/s
BM_SELECTION_SORT/32/1/iterations:1/repeats:50                 1.34 us         1.34 us            1 L1-dcache-loads=1.227k items_per_second=23.8806M/s
BM_SELECTION_SORT/32/1/iterations:1/repeats:50                 1.35 us         1.35 us            1 L1-dcache-loads=1.227k items_per_second=23.7213M/s
BM_SELECTION_SORT/32/1/iterations:1/repeats:50                 1.32 us         1.32 us            1 L1-dcache-loads=1.227k items_per_second=24.2057M/s
BM_SELECTION_SORT/32/1/iterations:1/repeats:50                 1.45 us         1.44 us            1 L1-dcache-loads=1.227k items_per_second=22.1914M/s
BM_SELECTION_SORT/32/1/iterations:1/repeats:50                 1.32 us         1.32 us            1 L1-dcache-loads=1.227k items_per_second=24.1692M/s
BM_SELECTION_SORT/32/1/iterations:1/repeats:50                 1.29 us         1.29 us            1 L1-dcache-loads=1.227k items_per_second=24.8447M/s
BM_SELECTION_SORT/32/1/iterations:1/repeats:50                 1.40 us         1.40 us            1 L1-dcache-loads=1.227k items_per_second=22.8571M/s
BM_SELECTION_SORT/32/1/iterations:1/repeats:50                 1.48 us         1.48 us            1 L1-dcache-loads=1.227k items_per_second=21.6362M/s
BM_SELECTION_SORT/32/1/iterations:1/repeats:50                 1.35 us         1.35 us            1 L1-dcache-loads=1.227k items_per_second=23.7565M/s
BM_SELECTION_SORT/32/1/iterations:1/repeats:50                 1.32 us         1.32 us            1 L1-dcache-loads=1.227k items_per_second=24.1875M/s
BM_SELECTION_SORT/32/1/iterations:1/repeats:50                 1.44 us         1.44 us            1 L1-dcache-loads=1.227k items_per_second=22.2222M/s
BM_SELECTION_SORT/32/1/iterations:1/repeats:50                 1.35 us         1.35 us            1 L1-dcache-loads=1.227k items_per_second=23.6686M/s
BM_SELECTION_SORT/32/1/iterations:1/repeats:50                 1.36 us         1.36 us            1 L1-dcache-loads=1.227k items_per_second=23.4949M/s
BM_SELECTION_SORT/32/1/iterations:1/repeats:50                 1.30 us         1.30 us            1 L1-dcache-loads=1.227k items_per_second=24.5399M/s
BM_SELECTION_SORT/32/1/iterations:1/repeats:50                 1.43 us         1.42 us            1 L1-dcache-loads=1.227k items_per_second=22.567M/s
BM_SELECTION_SORT/32/1/iterations:1/repeats:50                 1.39 us         1.39 us            1 L1-dcache-loads=1.227k items_per_second=22.972M/s
BM_SELECTION_SORT/32/1/iterations:1/repeats:50_mean            1.37 us         1.37 us           50 L1-dcache-loads=1.227k items_per_second=23.3602M/s
BM_SELECTION_SORT/32/1/iterations:1/repeats:50_median          1.36 us         1.36 us           50 L1-dcache-loads=1.227k items_per_second=23.4604M/s
BM_SELECTION_SORT/32/1/iterations:1/repeats:50_stddev         0.046 us        0.045 us           50 L1-dcache-loads=0 items_per_second=756.956k/s
BM_SELECTION_SORT/32/1/iterations:1/repeats:50_cv              3.36 %          3.29 %            50 L1-dcache-loads=0.00% items_per_second=3.24%
BM_SELECTION_SORT/64/1/iterations:1/repeats:50                 2.98 us         2.96 us            1 L1-dcache-loads=3.387k items_per_second=21.5924M/s
BM_SELECTION_SORT/64/1/iterations:1/repeats:50                 3.15 us         3.15 us            1 L1-dcache-loads=3.387k items_per_second=20.3239M/s
BM_SELECTION_SORT/64/1/iterations:1/repeats:50                 3.05 us         3.05 us            1 L1-dcache-loads=3.387k items_per_second=20.9836M/s
BM_SELECTION_SORT/64/1/iterations:1/repeats:50                 3.03 us         3.02 us            1 L1-dcache-loads=3.387k items_per_second=21.178M/s
BM_SELECTION_SORT/64/1/iterations:1/repeats:50                 3.01 us         3.01 us            1 L1-dcache-loads=3.387k items_per_second=21.2908M/s
BM_SELECTION_SORT/64/1/iterations:1/repeats:50                 3.02 us         3.02 us            1 L1-dcache-loads=3.387k items_per_second=21.185M/s
BM_SELECTION_SORT/64/1/iterations:1/repeats:50                 2.88 us         2.88 us            1 L1-dcache-loads=3.387k items_per_second=22.1914M/s
BM_SELECTION_SORT/64/1/iterations:1/repeats:50                 2.92 us         2.92 us            1 L1-dcache-loads=3.387k items_per_second=21.9178M/s
BM_SELECTION_SORT/64/1/iterations:1/repeats:50                 2.96 us         2.96 us            1 L1-dcache-loads=3.387k items_per_second=21.6509M/s
BM_SELECTION_SORT/64/1/iterations:1/repeats:50                 3.09 us         3.09 us            1 L1-dcache-loads=3.387k items_per_second=20.7388M/s
BM_SELECTION_SORT/64/1/iterations:1/repeats:50                 2.92 us         2.92 us            1 L1-dcache-loads=3.387k items_per_second=21.9178M/s
BM_SELECTION_SORT/64/1/iterations:1/repeats:50                 2.99 us         2.99 us            1 L1-dcache-loads=3.387k items_per_second=21.3975M/s
BM_SELECTION_SORT/64/1/iterations:1/repeats:50                 2.94 us         2.94 us            1 L1-dcache-loads=3.387k items_per_second=21.7391M/s
BM_SELECTION_SORT/64/1/iterations:1/repeats:50                 3.04 us         3.04 us            1 L1-dcache-loads=3.387k items_per_second=21.0596M/s
BM_SELECTION_SORT/64/1/iterations:1/repeats:50                 3.13 us         3.12 us            1 L1-dcache-loads=3.387k items_per_second=20.48M/s
BM_SELECTION_SORT/64/1/iterations:1/repeats:50                 3.01 us         3.02 us            1 L1-dcache-loads=3.387k items_per_second=21.1991M/s
BM_SELECTION_SORT/64/1/iterations:1/repeats:50                 3.17 us         3.17 us            1 L1-dcache-loads=3.387k items_per_second=20.1765M/s
BM_SELECTION_SORT/64/1/iterations:1/repeats:50                 3.10 us         3.10 us            1 L1-dcache-loads=3.387k items_per_second=20.6718M/s
BM_SELECTION_SORT/64/1/iterations:1/repeats:50                 3.12 us         3.12 us            1 L1-dcache-loads=3.387k items_per_second=20.48M/s
BM_SELECTION_SORT/64/1/iterations:1/repeats:50                 3.14 us         3.14 us            1 L1-dcache-loads=3.387k items_per_second=20.4147M/s
BM_SELECTION_SORT/64/1/iterations:1/repeats:50                 3.22 us         3.22 us            1 L1-dcache-loads=3.387k items_per_second=19.8573M/s
BM_SELECTION_SORT/64/1/iterations:1/repeats:50                 3.04 us         3.04 us            1 L1-dcache-loads=3.387k items_per_second=21.0665M/s
BM_SELECTION_SORT/64/1/iterations:1/repeats:50                 3.01 us         3.01 us            1 L1-dcache-loads=3.387k items_per_second=21.2483M/s
BM_SELECTION_SORT/64/1/iterations:1/repeats:50                 3.08 us         3.08 us            1 L1-dcache-loads=3.387k items_per_second=20.7657M/s
BM_SELECTION_SORT/64/1/iterations:1/repeats:50                 2.92 us         2.92 us            1 L1-dcache-loads=3.387k items_per_second=21.9479M/s
BM_SELECTION_SORT/64/1/iterations:1/repeats:50                 3.00 us         3.01 us            1 L1-dcache-loads=3.387k items_per_second=21.2908M/s
BM_SELECTION_SORT/64/1/iterations:1/repeats:50                 3.11 us         3.11 us            1 L1-dcache-loads=3.387k items_per_second=20.5523M/s
BM_SELECTION_SORT/64/1/iterations:1/repeats:50                 2.97 us         2.97 us            1 L1-dcache-loads=3.387k items_per_second=21.5633M/s
BM_SELECTION_SORT/64/1/iterations:1/repeats:50                 3.03 us         3.03 us            1 L1-dcache-loads=3.387k items_per_second=21.1082M/s
BM_SELECTION_SORT/64/1/iterations:1/repeats:50                 3.17 us         3.17 us            1 L1-dcache-loads=3.387k items_per_second=20.1702M/s
BM_SELECTION_SORT/64/1/iterations:1/repeats:50                 3.19 us         3.21 us            1 L1-dcache-loads=3.387k items_per_second=19.9253M/s
BM_SELECTION_SORT/64/1/iterations:1/repeats:50                 3.13 us         3.13 us            1 L1-dcache-loads=3.387k items_per_second=20.4538M/s
BM_SELECTION_SORT/64/1/iterations:1/repeats:50                 3.17 us         3.17 us            1 L1-dcache-loads=3.387k items_per_second=20.202M/s
BM_SELECTION_SORT/64/1/iterations:1/repeats:50                 3.08 us         3.08 us            1 L1-dcache-loads=3.387k items_per_second=20.7927M/s
BM_SELECTION_SORT/64/1/iterations:1/repeats:50                 3.14 us         3.14 us            1 L1-dcache-loads=3.387k items_per_second=20.4017M/s
BM_SELECTION_SORT/64/1/iterations:1/repeats:50                 3.07 us         3.07 us            1 L1-dcache-loads=3.387k items_per_second=20.8537M/s
BM_SELECTION_SORT/64/1/iterations:1/repeats:50                 3.18 us         3.18 us            1 L1-dcache-loads=3.387k items_per_second=20.1131M/s
BM_SELECTION_SORT/64/1/iterations:1/repeats:50                 3.09 us         3.09 us            1 L1-dcache-loads=3.387k items_per_second=20.6852M/s
BM_SELECTION_SORT/64/1/iterations:1/repeats:50                 2.98 us         2.98 us            1 L1-dcache-loads=3.387k items_per_second=21.5126M/s
BM_SELECTION_SORT/64/1/iterations:1/repeats:50                 3.03 us         3.04 us            1 L1-dcache-loads=3.387k items_per_second=21.0804M/s
BM_SELECTION_SORT/64/1/iterations:1/repeats:50                 2.92 us         2.92 us            1 L1-dcache-loads=3.387k items_per_second=21.8878M/s
BM_SELECTION_SORT/64/1/iterations:1/repeats:50                 3.01 us         3.01 us            1 L1-dcache-loads=3.387k items_per_second=21.2837M/s
BM_SELECTION_SORT/64/1/iterations:1/repeats:50                 3.22 us         3.22 us            1 L1-dcache-loads=3.387k items_per_second=19.845M/s
BM_SELECTION_SORT/64/1/iterations:1/repeats:50                 3.05 us         3.04 us            1 L1-dcache-loads=3.387k items_per_second=21.0319M/s
BM_SELECTION_SORT/64/1/iterations:1/repeats:50                 3.05 us         3.05 us            1 L1-dcache-loads=3.387k items_per_second=20.9561M/s
BM_SELECTION_SORT/64/1/iterations:1/repeats:50                 2.97 us         2.97 us            1 L1-dcache-loads=3.387k items_per_second=21.5271M/s
BM_SELECTION_SORT/64/1/iterations:1/repeats:50                 2.99 us         2.99 us            1 L1-dcache-loads=3.387k items_per_second=21.4047M/s
BM_SELECTION_SORT/64/1/iterations:1/repeats:50                 3.08 us         3.08 us            1 L1-dcache-loads=3.387k items_per_second=20.7725M/s
BM_SELECTION_SORT/64/1/iterations:1/repeats:50                 3.06 us         3.06 us            1 L1-dcache-loads=3.387k items_per_second=20.8945M/s
BM_SELECTION_SORT/64/1/iterations:1/repeats:50                 2.93 us         2.93 us            1 L1-dcache-loads=3.387k items_per_second=21.8058M/s
BM_SELECTION_SORT/64/1/iterations:1/repeats:50_mean            3.05 us         3.05 us           50 L1-dcache-loads=3.387k items_per_second=20.9918M/s
BM_SELECTION_SORT/64/1/iterations:1/repeats:50_median          3.04 us         3.04 us           50 L1-dcache-loads=3.387k items_per_second=21.0457M/s
BM_SELECTION_SORT/64/1/iterations:1/repeats:50_stddev         0.087 us        0.087 us           50 L1-dcache-loads=0 items_per_second=599.709k/s
BM_SELECTION_SORT/64/1/iterations:1/repeats:50_cv              2.84 %          2.87 %            50 L1-dcache-loads=0.00% items_per_second=2.86%
BM_SELECTION_SORT/128/1/iterations:1/repeats:50                7.19 us         7.17 us            1 L1-dcache-loads=10.779k items_per_second=17.8472M/s
BM_SELECTION_SORT/128/1/iterations:1/repeats:50                7.18 us         7.18 us            1 L1-dcache-loads=10.779k items_per_second=17.8347M/s
BM_SELECTION_SORT/128/1/iterations:1/repeats:50                7.81 us         7.80 us            1 L1-dcache-loads=10.779k items_per_second=16.4018M/s
BM_SELECTION_SORT/128/1/iterations:1/repeats:50                7.22 us         7.22 us            1 L1-dcache-loads=10.779k items_per_second=17.7261M/s
BM_SELECTION_SORT/128/1/iterations:1/repeats:50                7.33 us         7.33 us            1 L1-dcache-loads=10.779k items_per_second=17.4672M/s
BM_SELECTION_SORT/128/1/iterations:1/repeats:50                7.16 us         7.16 us            1 L1-dcache-loads=10.779k items_per_second=17.8846M/s
BM_SELECTION_SORT/128/1/iterations:1/repeats:50                7.63 us         7.63 us            1 L1-dcache-loads=10.779k items_per_second=16.7715M/s
BM_SELECTION_SORT/128/1/iterations:1/repeats:50                7.38 us         7.38 us            1 L1-dcache-loads=10.779k items_per_second=17.3442M/s
BM_SELECTION_SORT/128/1/iterations:1/repeats:50                7.03 us         7.03 us            1 L1-dcache-loads=10.779k items_per_second=18.2051M/s
BM_SELECTION_SORT/128/1/iterations:1/repeats:50                7.24 us         7.23 us            1 L1-dcache-loads=10.779k items_per_second=17.6942M/s
BM_SELECTION_SORT/128/1/iterations:1/repeats:50                7.01 us         7.01 us            1 L1-dcache-loads=10.779k items_per_second=18.2518M/s
BM_SELECTION_SORT/128/1/iterations:1/repeats:50                7.08 us         7.08 us            1 L1-dcache-loads=10.779k items_per_second=18.074M/s
BM_SELECTION_SORT/128/1/iterations:1/repeats:50                7.11 us         7.10 us            1 L1-dcache-loads=10.779k items_per_second=18.018M/s
BM_SELECTION_SORT/128/1/iterations:1/repeats:50                7.13 us         7.13 us            1 L1-dcache-loads=10.779k items_per_second=17.9574M/s
BM_SELECTION_SORT/128/1/iterations:1/repeats:50                6.77 us         6.77 us            1 L1-dcache-loads=10.779k items_per_second=18.9069M/s
BM_SELECTION_SORT/128/1/iterations:1/repeats:50                7.70 us         7.70 us            1 L1-dcache-loads=10.779k items_per_second=16.6255M/s
BM_SELECTION_SORT/128/1/iterations:1/repeats:50                7.32 us         7.32 us            1 L1-dcache-loads=10.779k items_per_second=17.4863M/s
BM_SELECTION_SORT/128/1/iterations:1/repeats:50                7.46 us         7.46 us            1 L1-dcache-loads=10.779k items_per_second=17.1674M/s
BM_SELECTION_SORT/128/1/iterations:1/repeats:50                7.10 us         7.10 us            1 L1-dcache-loads=10.779k items_per_second=18.0332M/s
BM_SELECTION_SORT/128/1/iterations:1/repeats:50                7.49 us         7.49 us            1 L1-dcache-loads=10.779k items_per_second=17.0872M/s
BM_SELECTION_SORT/128/1/iterations:1/repeats:50                7.52 us         7.53 us            1 L1-dcache-loads=10.779k items_per_second=16.9942M/s
BM_SELECTION_SORT/128/1/iterations:1/repeats:50                7.04 us         7.05 us            1 L1-dcache-loads=10.779k items_per_second=18.1689M/s
BM_SELECTION_SORT/128/1/iterations:1/repeats:50                7.47 us         7.47 us            1 L1-dcache-loads=10.779k items_per_second=17.1283M/s
BM_SELECTION_SORT/128/1/iterations:1/repeats:50                7.15 us         7.15 us            1 L1-dcache-loads=10.779k items_per_second=17.9021M/s
BM_SELECTION_SORT/128/1/iterations:1/repeats:50                7.19 us         7.19 us            1 L1-dcache-loads=10.779k items_per_second=17.8099M/s
BM_SELECTION_SORT/128/1/iterations:1/repeats:50                7.16 us         7.16 us            1 L1-dcache-loads=10.779k items_per_second=17.8671M/s
BM_SELECTION_SORT/128/1/iterations:1/repeats:50                7.12 us         7.13 us            1 L1-dcache-loads=10.779k items_per_second=17.9624M/s
BM_SELECTION_SORT/128/1/iterations:1/repeats:50                7.30 us         7.30 us            1 L1-dcache-loads=10.779k items_per_second=17.5391M/s
BM_SELECTION_SORT/128/1/iterations:1/repeats:50                7.33 us         7.33 us            1 L1-dcache-loads=10.779k items_per_second=17.4672M/s
BM_SELECTION_SORT/128/1/iterations:1/repeats:50                7.44 us         7.44 us            1 L1-dcache-loads=10.779k items_per_second=17.1951M/s
BM_SELECTION_SORT/128/1/iterations:1/repeats:50                7.26 us         7.26 us            1 L1-dcache-loads=10.779k items_per_second=17.6357M/s
BM_SELECTION_SORT/128/1/iterations:1/repeats:50                7.18 us         7.18 us            1 L1-dcache-loads=10.779k items_per_second=17.8223M/s
BM_SELECTION_SORT/128/1/iterations:1/repeats:50                7.03 us         7.03 us            1 L1-dcache-loads=10.779k items_per_second=18.2103M/s
BM_SELECTION_SORT/128/1/iterations:1/repeats:50                7.12 us         7.11 us            1 L1-dcache-loads=10.779k items_per_second=17.9927M/s
BM_SELECTION_SORT/128/1/iterations:1/repeats:50                7.15 us         7.15 us            1 L1-dcache-loads=10.779k items_per_second=17.9071M/s
BM_SELECTION_SORT/128/1/iterations:1/repeats:50                7.47 us         7.47 us            1 L1-dcache-loads=10.779k items_per_second=17.126M/s
BM_SELECTION_SORT/128/1/iterations:1/repeats:50                7.59 us         7.58 us            1 L1-dcache-loads=10.779k items_per_second=16.8754M/s
BM_SELECTION_SORT/128/1/iterations:1/repeats:50                7.23 us         7.22 us            1 L1-dcache-loads=10.779k items_per_second=17.7163M/s
BM_SELECTION_SORT/128/1/iterations:1/repeats:50                7.15 us         7.14 us            1 L1-dcache-loads=10.779k items_per_second=17.9297M/s
BM_SELECTION_SORT/128/1/iterations:1/repeats:50                7.39 us         7.40 us            1 L1-dcache-loads=10.779k items_per_second=17.2926M/s
BM_SELECTION_SORT/128/1/iterations:1/repeats:50                7.16 us         7.16 us            1 L1-dcache-loads=10.779k items_per_second=17.8796M/s
BM_SELECTION_SORT/128/1/iterations:1/repeats:50                7.14 us         7.14 us            1 L1-dcache-loads=10.779k items_per_second=17.9222M/s
BM_SELECTION_SORT/128/1/iterations:1/repeats:50                7.48 us         7.49 us            1 L1-dcache-loads=10.779k items_per_second=17.094M/s
BM_SELECTION_SORT/128/1/iterations:1/repeats:50                7.36 us         7.36 us            1 L1-dcache-loads=10.779k items_per_second=17.3984M/s
BM_SELECTION_SORT/128/1/iterations:1/repeats:50                7.21 us         7.21 us            1 L1-dcache-loads=10.779k items_per_second=17.7433M/s
BM_SELECTION_SORT/128/1/iterations:1/repeats:50                7.06 us         7.06 us            1 L1-dcache-loads=10.779k items_per_second=18.1252M/s
BM_SELECTION_SORT/128/1/iterations:1/repeats:50                7.31 us         7.31 us            1 L1-dcache-loads=10.779k items_per_second=17.5031M/s
BM_SELECTION_SORT/128/1/iterations:1/repeats:50                7.30 us         7.30 us            1 L1-dcache-loads=10.779k items_per_second=17.5342M/s
BM_SELECTION_SORT/128/1/iterations:1/repeats:50                7.25 us         7.27 us            1 L1-dcache-loads=10.779k items_per_second=17.6163M/s
BM_SELECTION_SORT/128/1/iterations:1/repeats:50                7.42 us         7.42 us            1 L1-dcache-loads=10.779k items_per_second=17.2577M/s
BM_SELECTION_SORT/128/1/iterations:1/repeats:50_mean           7.27 us         7.27 us           50 L1-dcache-loads=10.779k items_per_second=17.628M/s
BM_SELECTION_SORT/128/1/iterations:1/repeats:50_median         7.22 us         7.22 us           50 L1-dcache-loads=10.779k items_per_second=17.7212M/s
BM_SELECTION_SORT/128/1/iterations:1/repeats:50_stddev        0.197 us        0.197 us           50 L1-dcache-loads=0 items_per_second=473.697k/s
BM_SELECTION_SORT/128/1/iterations:1/repeats:50_cv             2.71 %          2.71 %            50 L1-dcache-loads=0.00% items_per_second=2.69%
BM_SELECTION_SORT/256/1/iterations:1/repeats:50                19.2 us         19.2 us            1 L1-dcache-loads=37.851k items_per_second=13.325M/s
BM_SELECTION_SORT/256/1/iterations:1/repeats:50                19.7 us         19.7 us            1 L1-dcache-loads=37.851k items_per_second=13.0167M/s
BM_SELECTION_SORT/256/1/iterations:1/repeats:50                18.9 us         18.9 us            1 L1-dcache-loads=37.851k items_per_second=13.5142M/s
BM_SELECTION_SORT/256/1/iterations:1/repeats:50                19.5 us         19.5 us            1 L1-dcache-loads=37.851k items_per_second=13.1586M/s
BM_SELECTION_SORT/256/1/iterations:1/repeats:50                19.4 us         19.4 us            1 L1-dcache-loads=37.851k items_per_second=13.1735M/s
BM_SELECTION_SORT/256/1/iterations:1/repeats:50                19.4 us         19.4 us            1 L1-dcache-loads=37.851k items_per_second=13.1674M/s
BM_SELECTION_SORT/256/1/iterations:1/repeats:50                18.9 us         18.9 us            1 L1-dcache-loads=37.851k items_per_second=13.5214M/s
BM_SELECTION_SORT/256/1/iterations:1/repeats:50                19.6 us         19.6 us            1 L1-dcache-loads=37.851k items_per_second=13.0873M/s
BM_SELECTION_SORT/256/1/iterations:1/repeats:50                18.9 us         18.9 us            1 L1-dcache-loads=37.851k items_per_second=13.5314M/s
BM_SELECTION_SORT/256/1/iterations:1/repeats:50                19.4 us         19.4 us            1 L1-dcache-loads=37.851k items_per_second=13.2054M/s
BM_SELECTION_SORT/256/1/iterations:1/repeats:50                19.4 us         19.4 us            1 L1-dcache-loads=37.851k items_per_second=13.2163M/s
BM_SELECTION_SORT/256/1/iterations:1/repeats:50                19.0 us         19.0 us            1 L1-dcache-loads=37.851k items_per_second=13.4524M/s
BM_SELECTION_SORT/256/1/iterations:1/repeats:50                19.0 us         19.0 us            1 L1-dcache-loads=37.851k items_per_second=13.4779M/s
BM_SELECTION_SORT/256/1/iterations:1/repeats:50                19.2 us         19.2 us            1 L1-dcache-loads=37.851k items_per_second=13.3091M/s
BM_SELECTION_SORT/256/1/iterations:1/repeats:50                19.3 us         19.3 us            1 L1-dcache-loads=37.851k items_per_second=13.2856M/s
BM_SELECTION_SORT/256/1/iterations:1/repeats:50                20.2 us         20.2 us            1 L1-dcache-loads=37.852k items_per_second=12.6959M/s
BM_SELECTION_SORT/256/1/iterations:1/repeats:50                19.0 us         19.0 us            1 L1-dcache-loads=37.851k items_per_second=13.4957M/s
BM_SELECTION_SORT/256/1/iterations:1/repeats:50                18.9 us         18.9 us            1 L1-dcache-loads=37.851k items_per_second=13.5142M/s
BM_SELECTION_SORT/256/1/iterations:1/repeats:50                19.0 us         19.0 us            1 L1-dcache-loads=37.851k items_per_second=13.4616M/s
BM_SELECTION_SORT/256/1/iterations:1/repeats:50                19.0 us         19.0 us            1 L1-dcache-loads=37.851k items_per_second=13.4517M/s
BM_SELECTION_SORT/256/1/iterations:1/repeats:50                19.7 us         19.7 us            1 L1-dcache-loads=37.851k items_per_second=13.0207M/s
BM_SELECTION_SORT/256/1/iterations:1/repeats:50                19.1 us         19.1 us            1 L1-dcache-loads=37.851k items_per_second=13.3961M/s
BM_SELECTION_SORT/256/1/iterations:1/repeats:50                19.0 us         19.0 us            1 L1-dcache-loads=37.851k items_per_second=13.5035M/s
BM_SELECTION_SORT/256/1/iterations:1/repeats:50                19.1 us         19.1 us            1 L1-dcache-loads=37.851k items_per_second=13.4038M/s
BM_SELECTION_SORT/256/1/iterations:1/repeats:50                19.3 us         19.3 us            1 L1-dcache-loads=37.851k items_per_second=13.2588M/s
BM_SELECTION_SORT/256/1/iterations:1/repeats:50                19.3 us         19.3 us            1 L1-dcache-loads=37.851k items_per_second=13.2718M/s
BM_SELECTION_SORT/256/1/iterations:1/repeats:50                19.1 us         19.1 us            1 L1-dcache-loads=37.851k items_per_second=13.3842M/s
BM_SELECTION_SORT/256/1/iterations:1/repeats:50                19.1 us         19.1 us            1 L1-dcache-loads=37.851k items_per_second=13.3933M/s
BM_SELECTION_SORT/256/1/iterations:1/repeats:50                19.2 us         19.2 us            1 L1-dcache-loads=37.851k items_per_second=13.3403M/s
BM_SELECTION_SORT/256/1/iterations:1/repeats:50                19.1 us         19.1 us            1 L1-dcache-loads=37.851k items_per_second=13.4109M/s
BM_SELECTION_SORT/256/1/iterations:1/repeats:50                18.6 us         18.6 us            1 L1-dcache-loads=37.851k items_per_second=13.7686M/s
BM_SELECTION_SORT/256/1/iterations:1/repeats:50                18.6 us         18.6 us            1 L1-dcache-loads=37.851k items_per_second=13.7361M/s
BM_SELECTION_SORT/256/1/iterations:1/repeats:50                18.8 us         18.8 us            1 L1-dcache-loads=37.851k items_per_second=13.5997M/s
BM_SELECTION_SORT/256/1/iterations:1/repeats:50                19.1 us         19.1 us            1 L1-dcache-loads=37.851k items_per_second=13.3765M/s
BM_SELECTION_SORT/256/1/iterations:1/repeats:50                19.4 us         19.4 us            1 L1-dcache-loads=37.851k items_per_second=13.2027M/s
BM_SELECTION_SORT/256/1/iterations:1/repeats:50                19.3 us         19.3 us            1 L1-dcache-loads=37.851k items_per_second=13.2973M/s
BM_SELECTION_SORT/256/1/iterations:1/repeats:50                19.3 us         19.3 us            1 L1-dcache-loads=37.851k items_per_second=13.2594M/s
BM_SELECTION_SORT/256/1/iterations:1/repeats:50                19.0 us         19.0 us            1 L1-dcache-loads=37.851k items_per_second=13.4638M/s
BM_SELECTION_SORT/256/1/iterations:1/repeats:50                19.3 us         19.3 us            1 L1-dcache-loads=37.851k items_per_second=13.2753M/s
BM_SELECTION_SORT/256/1/iterations:1/repeats:50                18.7 us         18.7 us            1 L1-dcache-loads=37.851k items_per_second=13.717M/s
BM_SELECTION_SORT/256/1/iterations:1/repeats:50                18.9 us         18.9 us            1 L1-dcache-loads=37.851k items_per_second=13.5228M/s
BM_SELECTION_SORT/256/1/iterations:1/repeats:50                18.8 us         18.8 us            1 L1-dcache-loads=37.851k items_per_second=13.6177M/s
BM_SELECTION_SORT/256/1/iterations:1/repeats:50                18.7 us         18.7 us            1 L1-dcache-loads=37.851k items_per_second=13.6541M/s
BM_SELECTION_SORT/256/1/iterations:1/repeats:50                18.8 us         18.8 us            1 L1-dcache-loads=37.851k items_per_second=13.6076M/s
BM_SELECTION_SORT/256/1/iterations:1/repeats:50                19.6 us         19.6 us            1 L1-dcache-loads=37.851k items_per_second=13.0719M/s
BM_SELECTION_SORT/256/1/iterations:1/repeats:50                19.6 us         19.6 us            1 L1-dcache-loads=37.851k items_per_second=13.034M/s
BM_SELECTION_SORT/256/1/iterations:1/repeats:50                19.2 us         19.2 us            1 L1-dcache-loads=37.851k items_per_second=13.3493M/s
BM_SELECTION_SORT/256/1/iterations:1/repeats:50                19.5 us         19.5 us            1 L1-dcache-loads=37.851k items_per_second=13.1007M/s
BM_SELECTION_SORT/256/1/iterations:1/repeats:50                19.9 us         19.9 us            1 L1-dcache-loads=37.851k items_per_second=12.854M/s
BM_SELECTION_SORT/256/1/iterations:1/repeats:50                19.6 us         19.6 us            1 L1-dcache-loads=37.851k items_per_second=13.0766M/s
BM_SELECTION_SORT/256/1/iterations:1/repeats:50_mean           19.2 us         19.2 us           50 L1-dcache-loads=37.851k items_per_second=13.3406M/s
BM_SELECTION_SORT/256/1/iterations:1/repeats:50_median         19.2 us         19.2 us           50 L1-dcache-loads=37.851k items_per_second=13.3629M/s
BM_SELECTION_SORT/256/1/iterations:1/repeats:50_stddev        0.326 us        0.327 us           50 L1-dcache-loads=0.14142 items_per_second=225.386k/s
BM_SELECTION_SORT/256/1/iterations:1/repeats:50_cv             1.70 %          1.70 %            50 L1-dcache-loads=0.00% items_per_second=1.69%
BM_SELECTION_SORT/512/1/iterations:1/repeats:50                62.3 us         62.3 us            1 L1-dcache-loads=141.148k items_per_second=8.21474M/s
BM_SELECTION_SORT/512/1/iterations:1/repeats:50                57.3 us         57.3 us            1 L1-dcache-loads=141.147k items_per_second=8.94292M/s
BM_SELECTION_SORT/512/1/iterations:1/repeats:50                57.3 us         57.3 us            1 L1-dcache-loads=141.147k items_per_second=8.93948M/s
BM_SELECTION_SORT/512/1/iterations:1/repeats:50                56.7 us         56.7 us            1 L1-dcache-loads=141.147k items_per_second=9.02871M/s
BM_SELECTION_SORT/512/1/iterations:1/repeats:50                56.3 us         56.3 us            1 L1-dcache-loads=141.147k items_per_second=9.09511M/s
BM_SELECTION_SORT/512/1/iterations:1/repeats:50                57.4 us         57.4 us            1 L1-dcache-loads=141.147k items_per_second=8.9152M/s
BM_SELECTION_SORT/512/1/iterations:1/repeats:50                56.8 us         56.8 us            1 L1-dcache-loads=141.147k items_per_second=9.0198M/s
BM_SELECTION_SORT/512/1/iterations:1/repeats:50                57.2 us         57.2 us            1 L1-dcache-loads=141.147k items_per_second=8.95841M/s
BM_SELECTION_SORT/512/1/iterations:1/repeats:50                56.8 us         56.8 us            1 L1-dcache-loads=141.147k items_per_second=9.00695M/s
BM_SELECTION_SORT/512/1/iterations:1/repeats:50                56.2 us         56.2 us            1 L1-dcache-loads=141.147k items_per_second=9.10951M/s
BM_SELECTION_SORT/512/1/iterations:1/repeats:50                57.0 us         57.0 us            1 L1-dcache-loads=141.147k items_per_second=8.98167M/s
BM_SELECTION_SORT/512/1/iterations:1/repeats:50                57.2 us         57.2 us            1 L1-dcache-loads=141.147k items_per_second=8.9487M/s
BM_SELECTION_SORT/512/1/iterations:1/repeats:50                57.0 us         57.0 us            1 L1-dcache-loads=141.147k items_per_second=8.98829M/s
BM_SELECTION_SORT/512/1/iterations:1/repeats:50                56.2 us         56.2 us            1 L1-dcache-loads=141.147k items_per_second=9.10902M/s
BM_SELECTION_SORT/512/1/iterations:1/repeats:50                56.0 us         56.0 us            1 L1-dcache-loads=141.147k items_per_second=9.14563M/s
BM_SELECTION_SORT/512/1/iterations:1/repeats:50                56.1 us         56.1 us            1 L1-dcache-loads=141.147k items_per_second=9.13144M/s
BM_SELECTION_SORT/512/1/iterations:1/repeats:50                57.0 us         57.0 us            1 L1-dcache-loads=141.147k items_per_second=8.97915M/s
BM_SELECTION_SORT/512/1/iterations:1/repeats:50                56.3 us         56.3 us            1 L1-dcache-loads=141.147k items_per_second=9.09866M/s
BM_SELECTION_SORT/512/1/iterations:1/repeats:50                56.8 us         56.8 us            1 L1-dcache-loads=141.147k items_per_second=9.01901M/s
BM_SELECTION_SORT/512/1/iterations:1/repeats:50                57.1 us         57.1 us            1 L1-dcache-loads=141.147k items_per_second=8.97081M/s
BM_SELECTION_SORT/512/1/iterations:1/repeats:50                56.3 us         56.3 us            1 L1-dcache-loads=141.147k items_per_second=9.08655M/s
BM_SELECTION_SORT/512/1/iterations:1/repeats:50                55.9 us         55.9 us            1 L1-dcache-loads=141.147k items_per_second=9.16347M/s
BM_SELECTION_SORT/512/1/iterations:1/repeats:50                57.2 us         57.2 us            1 L1-dcache-loads=141.147k items_per_second=8.95794M/s
BM_SELECTION_SORT/512/1/iterations:1/repeats:50                56.5 us         56.5 us            1 L1-dcache-loads=141.147k items_per_second=9.0557M/s
BM_SELECTION_SORT/512/1/iterations:1/repeats:50                56.0 us         56.0 us            1 L1-dcache-loads=141.147k items_per_second=9.14825M/s
BM_SELECTION_SORT/512/1/iterations:1/repeats:50                56.8 us         56.8 us            1 L1-dcache-loads=141.147k items_per_second=9.00996M/s
BM_SELECTION_SORT/512/1/iterations:1/repeats:50                56.0 us         56.0 us            1 L1-dcache-loads=141.147k items_per_second=9.14449M/s
BM_SELECTION_SORT/512/1/iterations:1/repeats:50                55.7 us         55.7 us            1 L1-dcache-loads=141.147k items_per_second=9.19293M/s
BM_SELECTION_SORT/512/1/iterations:1/repeats:50                56.8 us         56.8 us            1 L1-dcache-loads=141.147k items_per_second=9.01869M/s
BM_SELECTION_SORT/512/1/iterations:1/repeats:50                56.3 us         56.3 us            1 L1-dcache-loads=141.147k items_per_second=9.0872M/s
BM_SELECTION_SORT/512/1/iterations:1/repeats:50                56.5 us         56.5 us            1 L1-dcache-loads=141.147k items_per_second=9.06131M/s
BM_SELECTION_SORT/512/1/iterations:1/repeats:50                56.8 us         56.8 us            1 L1-dcache-loads=141.147k items_per_second=9.01123M/s
BM_SELECTION_SORT/512/1/iterations:1/repeats:50                56.9 us         56.9 us            1 L1-dcache-loads=141.147k items_per_second=8.99303M/s
BM_SELECTION_SORT/512/1/iterations:1/repeats:50                56.0 us         56.0 us            1 L1-dcache-loads=141.147k items_per_second=9.14057M/s
BM_SELECTION_SORT/512/1/iterations:1/repeats:50                57.3 us         57.3 us            1 L1-dcache-loads=141.147k items_per_second=8.93278M/s
BM_SELECTION_SORT/512/1/iterations:1/repeats:50                58.3 us         58.4 us            1 L1-dcache-loads=141.148k items_per_second=8.76998M/s
BM_SELECTION_SORT/512/1/iterations:1/repeats:50                57.2 us         57.2 us            1 L1-dcache-loads=141.147k items_per_second=8.95402M/s
BM_SELECTION_SORT/512/1/iterations:1/repeats:50                55.8 us         55.8 us            1 L1-dcache-loads=141.147k items_per_second=9.17398M/s
BM_SELECTION_SORT/512/1/iterations:1/repeats:50                56.3 us         56.3 us            1 L1-dcache-loads=141.147k items_per_second=9.08704M/s
BM_SELECTION_SORT/512/1/iterations:1/repeats:50                57.2 us         57.2 us            1 L1-dcache-loads=141.147k items_per_second=8.94933M/s
BM_SELECTION_SORT/512/1/iterations:1/repeats:50                56.6 us         56.6 us            1 L1-dcache-loads=141.147k items_per_second=9.05281M/s
BM_SELECTION_SORT/512/1/iterations:1/repeats:50                56.6 us         56.6 us            1 L1-dcache-loads=141.147k items_per_second=9.05329M/s
BM_SELECTION_SORT/512/1/iterations:1/repeats:50                56.2 us         56.2 us            1 L1-dcache-loads=141.147k items_per_second=9.11437M/s
BM_SELECTION_SORT/512/1/iterations:1/repeats:50                56.7 us         56.6 us            1 L1-dcache-loads=141.147k items_per_second=9.03859M/s
BM_SELECTION_SORT/512/1/iterations:1/repeats:50                56.7 us         56.7 us            1 L1-dcache-loads=141.147k items_per_second=9.02887M/s
BM_SELECTION_SORT/512/1/iterations:1/repeats:50                57.2 us         57.2 us            1 L1-dcache-loads=141.147k items_per_second=8.94558M/s
BM_SELECTION_SORT/512/1/iterations:1/repeats:50                57.6 us         57.6 us            1 L1-dcache-loads=141.147k items_per_second=8.88457M/s
BM_SELECTION_SORT/512/1/iterations:1/repeats:50                56.3 us         56.3 us            1 L1-dcache-loads=141.147k items_per_second=9.08833M/s
BM_SELECTION_SORT/512/1/iterations:1/repeats:50                57.1 us         57.1 us            1 L1-dcache-loads=141.147k items_per_second=8.96767M/s
BM_SELECTION_SORT/512/1/iterations:1/repeats:50                56.9 us         56.9 us            1 L1-dcache-loads=141.147k items_per_second=8.99698M/s
BM_SELECTION_SORT/512/1/iterations:1/repeats:50_mean           56.8 us         56.8 us           50 L1-dcache-loads=141.147k items_per_second=9.01425M/s
BM_SELECTION_SORT/512/1/iterations:1/repeats:50_median         56.8 us         56.8 us           50 L1-dcache-loads=141.147k items_per_second=9.0194M/s
BM_SELECTION_SORT/512/1/iterations:1/repeats:50_stddev        0.960 us        0.959 us           50 L1-dcache-loads=0.197945 items_per_second=143.322k/s
BM_SELECTION_SORT/512/1/iterations:1/repeats:50_cv             1.69 %          1.69 %            50 L1-dcache-loads=0.00% items_per_second=1.59%
BM_SELECTION_SORT/1024/1/iterations:1/repeats:50                184 us          184 us            1 L1-dcache-loads=544.347k items_per_second=5.55712M/s
BM_SELECTION_SORT/1024/1/iterations:1/repeats:50                184 us          184 us            1 L1-dcache-loads=544.347k items_per_second=5.55559M/s
BM_SELECTION_SORT/1024/1/iterations:1/repeats:50                183 us          183 us            1 L1-dcache-loads=544.347k items_per_second=5.5934M/s
BM_SELECTION_SORT/1024/1/iterations:1/repeats:50                184 us          184 us            1 L1-dcache-loads=544.347k items_per_second=5.55908M/s
BM_SELECTION_SORT/1024/1/iterations:1/repeats:50                185 us          185 us            1 L1-dcache-loads=544.348k items_per_second=5.52653M/s
BM_SELECTION_SORT/1024/1/iterations:1/repeats:50                184 us          184 us            1 L1-dcache-loads=544.347k items_per_second=5.57061M/s
BM_SELECTION_SORT/1024/1/iterations:1/repeats:50                184 us          184 us            1 L1-dcache-loads=544.347k items_per_second=5.57816M/s
BM_SELECTION_SORT/1024/1/iterations:1/repeats:50                183 us          183 us            1 L1-dcache-loads=544.347k items_per_second=5.60276M/s
BM_SELECTION_SORT/1024/1/iterations:1/repeats:50                183 us          183 us            1 L1-dcache-loads=544.347k items_per_second=5.61028M/s
BM_SELECTION_SORT/1024/1/iterations:1/repeats:50                185 us          185 us            1 L1-dcache-loads=544.347k items_per_second=5.54182M/s
BM_SELECTION_SORT/1024/1/iterations:1/repeats:50                185 us          185 us            1 L1-dcache-loads=544.348k items_per_second=5.53047M/s
BM_SELECTION_SORT/1024/1/iterations:1/repeats:50                183 us          183 us            1 L1-dcache-loads=544.347k items_per_second=5.6065M/s
BM_SELECTION_SORT/1024/1/iterations:1/repeats:50                184 us          184 us            1 L1-dcache-loads=544.347k items_per_second=5.5638M/s
BM_SELECTION_SORT/1024/1/iterations:1/repeats:50                183 us          183 us            1 L1-dcache-loads=544.347k items_per_second=5.58358M/s
BM_SELECTION_SORT/1024/1/iterations:1/repeats:50                184 us          184 us            1 L1-dcache-loads=544.347k items_per_second=5.55625M/s
BM_SELECTION_SORT/1024/1/iterations:1/repeats:50                184 us          184 us            1 L1-dcache-loads=544.348k items_per_second=5.56413M/s
BM_SELECTION_SORT/1024/1/iterations:1/repeats:50                183 us          183 us            1 L1-dcache-loads=544.347k items_per_second=5.59147M/s
BM_SELECTION_SORT/1024/1/iterations:1/repeats:50                184 us          184 us            1 L1-dcache-loads=544.347k items_per_second=5.57303M/s
BM_SELECTION_SORT/1024/1/iterations:1/repeats:50                183 us          183 us            1 L1-dcache-loads=544.347k items_per_second=5.60004M/s
BM_SELECTION_SORT/1024/1/iterations:1/repeats:50                182 us          182 us            1 L1-dcache-loads=544.347k items_per_second=5.6145M/s
BM_SELECTION_SORT/1024/1/iterations:1/repeats:50                184 us          184 us            1 L1-dcache-loads=544.347k items_per_second=5.56422M/s
BM_SELECTION_SORT/1024/1/iterations:1/repeats:50                184 us          184 us            1 L1-dcache-loads=544.348k items_per_second=5.57552M/s
BM_SELECTION_SORT/1024/1/iterations:1/repeats:50                184 us          184 us            1 L1-dcache-loads=544.347k items_per_second=5.57152M/s
BM_SELECTION_SORT/1024/1/iterations:1/repeats:50                183 us          183 us            1 L1-dcache-loads=544.347k items_per_second=5.60393M/s
BM_SELECTION_SORT/1024/1/iterations:1/repeats:50                184 us          184 us            1 L1-dcache-loads=544.347k items_per_second=5.5785M/s
BM_SELECTION_SORT/1024/1/iterations:1/repeats:50                183 us          183 us            1 L1-dcache-loads=544.347k items_per_second=5.59798M/s
BM_SELECTION_SORT/1024/1/iterations:1/repeats:50                184 us          184 us            1 L1-dcache-loads=544.348k items_per_second=5.57534M/s
BM_SELECTION_SORT/1024/1/iterations:1/repeats:50                183 us          183 us            1 L1-dcache-loads=544.347k items_per_second=5.58434M/s
BM_SELECTION_SORT/1024/1/iterations:1/repeats:50                183 us          183 us            1 L1-dcache-loads=544.347k items_per_second=5.5993M/s
BM_SELECTION_SORT/1024/1/iterations:1/repeats:50                183 us          183 us            1 L1-dcache-loads=544.347k items_per_second=5.5883M/s
BM_SELECTION_SORT/1024/1/iterations:1/repeats:50                182 us          182 us            1 L1-dcache-loads=544.347k items_per_second=5.62217M/s
BM_SELECTION_SORT/1024/1/iterations:1/repeats:50                184 us          184 us            1 L1-dcache-loads=544.347k items_per_second=5.5548M/s
BM_SELECTION_SORT/1024/1/iterations:1/repeats:50                183 us          183 us            1 L1-dcache-loads=544.348k items_per_second=5.60654M/s
BM_SELECTION_SORT/1024/1/iterations:1/repeats:50                184 us          184 us            1 L1-dcache-loads=544.347k items_per_second=5.55646M/s
BM_SELECTION_SORT/1024/1/iterations:1/repeats:50                184 us          184 us            1 L1-dcache-loads=544.347k items_per_second=5.55071M/s
BM_SELECTION_SORT/1024/1/iterations:1/repeats:50                184 us          184 us            1 L1-dcache-loads=544.347k items_per_second=5.57403M/s
BM_SELECTION_SORT/1024/1/iterations:1/repeats:50                182 us          182 us            1 L1-dcache-loads=544.347k items_per_second=5.61154M/s
BM_SELECTION_SORT/1024/1/iterations:1/repeats:50                185 us          185 us            1 L1-dcache-loads=544.348k items_per_second=5.54101M/s
BM_SELECTION_SORT/1024/1/iterations:1/repeats:50                184 us          184 us            1 L1-dcache-loads=544.347k items_per_second=5.55628M/s
BM_SELECTION_SORT/1024/1/iterations:1/repeats:50                183 us          183 us            1 L1-dcache-loads=544.347k items_per_second=5.58105M/s
BM_SELECTION_SORT/1024/1/iterations:1/repeats:50                183 us          183 us            1 L1-dcache-loads=544.347k items_per_second=5.59059M/s
BM_SELECTION_SORT/1024/1/iterations:1/repeats:50                184 us          184 us            1 L1-dcache-loads=544.347k items_per_second=5.56528M/s
BM_SELECTION_SORT/1024/1/iterations:1/repeats:50                185 us          185 us            1 L1-dcache-loads=544.348k items_per_second=5.54977M/s
BM_SELECTION_SORT/1024/1/iterations:1/repeats:50                184 us          184 us            1 L1-dcache-loads=544.347k items_per_second=5.57573M/s
BM_SELECTION_SORT/1024/1/iterations:1/repeats:50                182 us          182 us            1 L1-dcache-loads=544.347k items_per_second=5.6157M/s
BM_SELECTION_SORT/1024/1/iterations:1/repeats:50                182 us          182 us            1 L1-dcache-loads=544.347k items_per_second=5.62335M/s
BM_SELECTION_SORT/1024/1/iterations:1/repeats:50                182 us          182 us            1 L1-dcache-loads=544.347k items_per_second=5.63235M/s
BM_SELECTION_SORT/1024/1/iterations:1/repeats:50                183 us          183 us            1 L1-dcache-loads=544.347k items_per_second=5.59511M/s
BM_SELECTION_SORT/1024/1/iterations:1/repeats:50                183 us          183 us            1 L1-dcache-loads=544.348k items_per_second=5.58102M/s
BM_SELECTION_SORT/1024/1/iterations:1/repeats:50                183 us          183 us            1 L1-dcache-loads=544.347k items_per_second=5.59031M/s
BM_SELECTION_SORT/1024/1/iterations:1/repeats:50_mean           184 us          184 us           50 L1-dcache-loads=544.347k items_per_second=5.57984M/s
BM_SELECTION_SORT/1024/1/iterations:1/repeats:50_median         184 us          184 us           50 L1-dcache-loads=544.347k items_per_second=5.57833M/s
BM_SELECTION_SORT/1024/1/iterations:1/repeats:50_stddev       0.820 us        0.820 us           50 L1-dcache-loads=0.388066 items_per_second=24.9296k/s
BM_SELECTION_SORT/1024/1/iterations:1/repeats:50_cv            0.45 %          0.45 %            50 L1-dcache-loads=0.00% items_per_second=0.45%
BM_SELECTION_SORT/2048/1/iterations:1/repeats:50                665 us          665 us            1 L1-dcache-loads=2.13718M items_per_second=3.07764M/s
BM_SELECTION_SORT/2048/1/iterations:1/repeats:50                642 us          642 us            1 L1-dcache-loads=2.13718M items_per_second=3.18758M/s
BM_SELECTION_SORT/2048/1/iterations:1/repeats:50                643 us          643 us            1 L1-dcache-loads=2.13718M items_per_second=3.18423M/s
BM_SELECTION_SORT/2048/1/iterations:1/repeats:50                644 us          644 us            1 L1-dcache-loads=2.13718M items_per_second=3.17924M/s
BM_SELECTION_SORT/2048/1/iterations:1/repeats:50                643 us          643 us            1 L1-dcache-loads=2.13718M items_per_second=3.18587M/s
BM_SELECTION_SORT/2048/1/iterations:1/repeats:50                644 us          644 us            1 L1-dcache-loads=2.13718M items_per_second=3.17796M/s
BM_SELECTION_SORT/2048/1/iterations:1/repeats:50                641 us          641 us            1 L1-dcache-loads=2.13718M items_per_second=3.19511M/s
BM_SELECTION_SORT/2048/1/iterations:1/repeats:50                639 us          639 us            1 L1-dcache-loads=2.13718M items_per_second=3.20476M/s
BM_SELECTION_SORT/2048/1/iterations:1/repeats:50                641 us          641 us            1 L1-dcache-loads=2.13718M items_per_second=3.19373M/s
BM_SELECTION_SORT/2048/1/iterations:1/repeats:50                643 us          643 us            1 L1-dcache-loads=2.13718M items_per_second=3.18704M/s
BM_SELECTION_SORT/2048/1/iterations:1/repeats:50                642 us          642 us            1 L1-dcache-loads=2.13718M items_per_second=3.19191M/s
BM_SELECTION_SORT/2048/1/iterations:1/repeats:50                645 us          645 us            1 L1-dcache-loads=2.13718M items_per_second=3.17633M/s
BM_SELECTION_SORT/2048/1/iterations:1/repeats:50                641 us          641 us            1 L1-dcache-loads=2.13718M items_per_second=3.19343M/s
BM_SELECTION_SORT/2048/1/iterations:1/repeats:50                644 us          644 us            1 L1-dcache-loads=2.13718M items_per_second=3.18049M/s
BM_SELECTION_SORT/2048/1/iterations:1/repeats:50                642 us          642 us            1 L1-dcache-loads=2.13718M items_per_second=3.18958M/s
BM_SELECTION_SORT/2048/1/iterations:1/repeats:50                642 us          642 us            1 L1-dcache-loads=2.13718M items_per_second=3.19045M/s
BM_SELECTION_SORT/2048/1/iterations:1/repeats:50                644 us          644 us            1 L1-dcache-loads=2.13718M items_per_second=3.18194M/s
BM_SELECTION_SORT/2048/1/iterations:1/repeats:50                642 us          642 us            1 L1-dcache-loads=2.13718M items_per_second=3.19065M/s
BM_SELECTION_SORT/2048/1/iterations:1/repeats:50                642 us          642 us            1 L1-dcache-loads=2.13718M items_per_second=3.18972M/s
BM_SELECTION_SORT/2048/1/iterations:1/repeats:50                642 us          642 us            1 L1-dcache-loads=2.13718M items_per_second=3.18954M/s
BM_SELECTION_SORT/2048/1/iterations:1/repeats:50                644 us          644 us            1 L1-dcache-loads=2.13718M items_per_second=3.18062M/s
BM_SELECTION_SORT/2048/1/iterations:1/repeats:50                643 us          643 us            1 L1-dcache-loads=2.13718M items_per_second=3.18529M/s
BM_SELECTION_SORT/2048/1/iterations:1/repeats:50                644 us          644 us            1 L1-dcache-loads=2.13718M items_per_second=3.17801M/s
BM_SELECTION_SORT/2048/1/iterations:1/repeats:50                640 us          640 us            1 L1-dcache-loads=2.13718M items_per_second=3.19973M/s
BM_SELECTION_SORT/2048/1/iterations:1/repeats:50                639 us          639 us            1 L1-dcache-loads=2.13718M items_per_second=3.20383M/s
BM_SELECTION_SORT/2048/1/iterations:1/repeats:50                650 us          650 us            1 L1-dcache-loads=2.13718M items_per_second=3.15258M/s
BM_SELECTION_SORT/2048/1/iterations:1/repeats:50                651 us          651 us            1 L1-dcache-loads=2.13718M items_per_second=3.14722M/s
BM_SELECTION_SORT/2048/1/iterations:1/repeats:50                650 us          650 us            1 L1-dcache-loads=2.13718M items_per_second=3.15096M/s
BM_SELECTION_SORT/2048/1/iterations:1/repeats:50                648 us          648 us            1 L1-dcache-loads=2.13718M items_per_second=3.15824M/s
BM_SELECTION_SORT/2048/1/iterations:1/repeats:50                645 us          645 us            1 L1-dcache-loads=2.13718M items_per_second=3.17562M/s
BM_SELECTION_SORT/2048/1/iterations:1/repeats:50                649 us          649 us            1 L1-dcache-loads=2.13718M items_per_second=3.15522M/s
BM_SELECTION_SORT/2048/1/iterations:1/repeats:50                651 us          651 us            1 L1-dcache-loads=2.13718M items_per_second=3.14764M/s
BM_SELECTION_SORT/2048/1/iterations:1/repeats:50                647 us          647 us            1 L1-dcache-loads=2.13718M items_per_second=3.16508M/s
BM_SELECTION_SORT/2048/1/iterations:1/repeats:50                644 us          644 us            1 L1-dcache-loads=2.13718M items_per_second=3.17884M/s
BM_SELECTION_SORT/2048/1/iterations:1/repeats:50                645 us          645 us            1 L1-dcache-loads=2.13718M items_per_second=3.17509M/s
BM_SELECTION_SORT/2048/1/iterations:1/repeats:50                639 us          639 us            1 L1-dcache-loads=2.13718M items_per_second=3.2068M/s
BM_SELECTION_SORT/2048/1/iterations:1/repeats:50                638 us          638 us            1 L1-dcache-loads=2.13718M items_per_second=3.20877M/s
BM_SELECTION_SORT/2048/1/iterations:1/repeats:50                649 us          649 us            1 L1-dcache-loads=2.13718M items_per_second=3.15747M/s
BM_SELECTION_SORT/2048/1/iterations:1/repeats:50                647 us          647 us            1 L1-dcache-loads=2.13718M items_per_second=3.16753M/s
BM_SELECTION_SORT/2048/1/iterations:1/repeats:50                648 us          648 us            1 L1-dcache-loads=2.13718M items_per_second=3.16007M/s
BM_SELECTION_SORT/2048/1/iterations:1/repeats:50                641 us          641 us            1 L1-dcache-loads=2.13718M items_per_second=3.19644M/s
BM_SELECTION_SORT/2048/1/iterations:1/repeats:50                640 us          640 us            1 L1-dcache-loads=2.13718M items_per_second=3.19807M/s
BM_SELECTION_SORT/2048/1/iterations:1/repeats:50                641 us          641 us            1 L1-dcache-loads=2.13718M items_per_second=3.19622M/s
BM_SELECTION_SORT/2048/1/iterations:1/repeats:50                649 us          649 us            1 L1-dcache-loads=2.13718M items_per_second=3.1571M/s
BM_SELECTION_SORT/2048/1/iterations:1/repeats:50                648 us          648 us            1 L1-dcache-loads=2.13718M items_per_second=3.16186M/s
BM_SELECTION_SORT/2048/1/iterations:1/repeats:50                651 us          651 us            1 L1-dcache-loads=2.13718M items_per_second=3.14684M/s
BM_SELECTION_SORT/2048/1/iterations:1/repeats:50                652 us          652 us            1 L1-dcache-loads=2.13718M items_per_second=3.14001M/s
BM_SELECTION_SORT/2048/1/iterations:1/repeats:50                643 us          643 us            1 L1-dcache-loads=2.13718M items_per_second=3.18384M/s
BM_SELECTION_SORT/2048/1/iterations:1/repeats:50                647 us          647 us            1 L1-dcache-loads=2.13718M items_per_second=3.16409M/s
BM_SELECTION_SORT/2048/1/iterations:1/repeats:50                648 us          648 us            1 L1-dcache-loads=2.13718M items_per_second=3.16068M/s
BM_SELECTION_SORT/2048/1/iterations:1/repeats:50_mean           645 us          645 us           50 L1-dcache-loads=2.13718M items_per_second=3.17614M/s
BM_SELECTION_SORT/2048/1/iterations:1/repeats:50_median         644 us          644 us           50 L1-dcache-loads=2.13718M items_per_second=3.18056M/s
BM_SELECTION_SORT/2048/1/iterations:1/repeats:50_stddev        4.69 us         4.69 us           50 L1-dcache-loads=0.483917 items_per_second=22.807k/s
BM_SELECTION_SORT/2048/1/iterations:1/repeats:50_cv            0.73 %          0.73 %            50 L1-dcache-loads=0.00% items_per_second=0.72%
BM_SELECTION_SORT/4096/1/iterations:1/repeats:50               2365 us         2365 us            1 L1-dcache-loads=8.46857M items_per_second=1.7317M/s
BM_SELECTION_SORT/4096/1/iterations:1/repeats:50               2363 us         2363 us            1 L1-dcache-loads=8.46857M items_per_second=1.73329M/s
BM_SELECTION_SORT/4096/1/iterations:1/repeats:50               2366 us         2366 us            1 L1-dcache-loads=8.46857M items_per_second=1.73109M/s
BM_SELECTION_SORT/4096/1/iterations:1/repeats:50               2362 us         2362 us            1 L1-dcache-loads=8.46857M items_per_second=1.73435M/s
BM_SELECTION_SORT/4096/1/iterations:1/repeats:50               2366 us         2366 us            1 L1-dcache-loads=8.46857M items_per_second=1.73109M/s
BM_SELECTION_SORT/4096/1/iterations:1/repeats:50               2369 us         2369 us            1 L1-dcache-loads=8.46857M items_per_second=1.72925M/s
BM_SELECTION_SORT/4096/1/iterations:1/repeats:50               2364 us         2364 us            1 L1-dcache-loads=8.46857M items_per_second=1.73285M/s
BM_SELECTION_SORT/4096/1/iterations:1/repeats:50               2378 us         2366 us            1 L1-dcache-loads=8.46857M items_per_second=1.73097M/s
BM_SELECTION_SORT/4096/1/iterations:1/repeats:50               2366 us         2366 us            1 L1-dcache-loads=8.46857M items_per_second=1.73143M/s
BM_SELECTION_SORT/4096/1/iterations:1/repeats:50               2365 us         2366 us            1 L1-dcache-loads=8.46857M items_per_second=1.73154M/s
BM_SELECTION_SORT/4096/1/iterations:1/repeats:50               2370 us         2370 us            1 L1-dcache-loads=8.46857M items_per_second=1.72851M/s
BM_SELECTION_SORT/4096/1/iterations:1/repeats:50               2359 us         2359 us            1 L1-dcache-loads=8.46857M items_per_second=1.73621M/s
BM_SELECTION_SORT/4096/1/iterations:1/repeats:50               2386 us         2386 us            1 L1-dcache-loads=8.46857M items_per_second=1.71677M/s
BM_SELECTION_SORT/4096/1/iterations:1/repeats:50               2367 us         2367 us            1 L1-dcache-loads=8.46857M items_per_second=1.7305M/s
BM_SELECTION_SORT/4096/1/iterations:1/repeats:50               2369 us         2369 us            1 L1-dcache-loads=8.46857M items_per_second=1.72933M/s
BM_SELECTION_SORT/4096/1/iterations:1/repeats:50               2368 us         2368 us            1 L1-dcache-loads=8.46857M items_per_second=1.72981M/s
BM_SELECTION_SORT/4096/1/iterations:1/repeats:50               2365 us         2365 us            1 L1-dcache-loads=8.46857M items_per_second=1.732M/s
BM_SELECTION_SORT/4096/1/iterations:1/repeats:50               2366 us         2366 us            1 L1-dcache-loads=8.46857M items_per_second=1.73121M/s
BM_SELECTION_SORT/4096/1/iterations:1/repeats:50               2369 us         2369 us            1 L1-dcache-loads=8.46857M items_per_second=1.72867M/s
BM_SELECTION_SORT/4096/1/iterations:1/repeats:50               2362 us         2362 us            1 L1-dcache-loads=8.46857M items_per_second=1.73411M/s
BM_SELECTION_SORT/4096/1/iterations:1/repeats:50               2364 us         2364 us            1 L1-dcache-loads=8.46857M items_per_second=1.73283M/s
BM_SELECTION_SORT/4096/1/iterations:1/repeats:50               2365 us         2365 us            1 L1-dcache-loads=8.46857M items_per_second=1.73197M/s
BM_SELECTION_SORT/4096/1/iterations:1/repeats:50               2365 us         2365 us            1 L1-dcache-loads=8.46857M items_per_second=1.73197M/s
BM_SELECTION_SORT/4096/1/iterations:1/repeats:50               2363 us         2363 us            1 L1-dcache-loads=8.46857M items_per_second=1.73321M/s
BM_SELECTION_SORT/4096/1/iterations:1/repeats:50               2363 us         2363 us            1 L1-dcache-loads=8.46857M items_per_second=1.73353M/s
BM_SELECTION_SORT/4096/1/iterations:1/repeats:50               2364 us         2364 us            1 L1-dcache-loads=8.46857M items_per_second=1.73234M/s
BM_SELECTION_SORT/4096/1/iterations:1/repeats:50               2368 us         2368 us            1 L1-dcache-loads=8.46857M items_per_second=1.72993M/s
BM_SELECTION_SORT/4096/1/iterations:1/repeats:50               2368 us         2368 us            1 L1-dcache-loads=8.46857M items_per_second=1.72996M/s
BM_SELECTION_SORT/4096/1/iterations:1/repeats:50               2364 us         2364 us            1 L1-dcache-loads=8.46857M items_per_second=1.73275M/s
BM_SELECTION_SORT/4096/1/iterations:1/repeats:50               2364 us         2364 us            1 L1-dcache-loads=8.46857M items_per_second=1.73261M/s
BM_SELECTION_SORT/4096/1/iterations:1/repeats:50               2366 us         2366 us            1 L1-dcache-loads=8.46857M items_per_second=1.73146M/s
BM_SELECTION_SORT/4096/1/iterations:1/repeats:50               2362 us         2362 us            1 L1-dcache-loads=8.46857M items_per_second=1.73406M/s
BM_SELECTION_SORT/4096/1/iterations:1/repeats:50               2362 us         2362 us            1 L1-dcache-loads=8.46857M items_per_second=1.73424M/s
BM_SELECTION_SORT/4096/1/iterations:1/repeats:50               2364 us         2364 us            1 L1-dcache-loads=8.46857M items_per_second=1.73266M/s
BM_SELECTION_SORT/4096/1/iterations:1/repeats:50               2528 us         2371 us            1 L1-dcache-loads=8.46857M items_per_second=1.72748M/s
BM_SELECTION_SORT/4096/1/iterations:1/repeats:50               2373 us         2373 us            1 L1-dcache-loads=8.46857M items_per_second=1.72641M/s
BM_SELECTION_SORT/4096/1/iterations:1/repeats:50               2374 us         2374 us            1 L1-dcache-loads=8.46857M items_per_second=1.72541M/s
BM_SELECTION_SORT/4096/1/iterations:1/repeats:50               2381 us         2381 us            1 L1-dcache-loads=8.46857M items_per_second=1.72039M/s
BM_SELECTION_SORT/4096/1/iterations:1/repeats:50               2369 us         2369 us            1 L1-dcache-loads=8.46857M items_per_second=1.72878M/s
BM_SELECTION_SORT/4096/1/iterations:1/repeats:50               2371 us         2371 us            1 L1-dcache-loads=8.46857M items_per_second=1.72784M/s
BM_SELECTION_SORT/4096/1/iterations:1/repeats:50               2374 us         2374 us            1 L1-dcache-loads=8.46857M items_per_second=1.72558M/s
BM_SELECTION_SORT/4096/1/iterations:1/repeats:50               2371 us         2371 us            1 L1-dcache-loads=8.46857M items_per_second=1.72746M/s
BM_SELECTION_SORT/4096/1/iterations:1/repeats:50               2374 us         2374 us            1 L1-dcache-loads=8.46857M items_per_second=1.72569M/s
BM_SELECTION_SORT/4096/1/iterations:1/repeats:50               2373 us         2373 us            1 L1-dcache-loads=8.46857M items_per_second=1.72613M/s
BM_SELECTION_SORT/4096/1/iterations:1/repeats:50               2368 us         2368 us            1 L1-dcache-loads=8.46857M items_per_second=1.72951M/s
BM_SELECTION_SORT/4096/1/iterations:1/repeats:50               2363 us         2363 us            1 L1-dcache-loads=8.46857M items_per_second=1.73354M/s
BM_SELECTION_SORT/4096/1/iterations:1/repeats:50               2364 us         2364 us            1 L1-dcache-loads=8.46857M items_per_second=1.73283M/s
BM_SELECTION_SORT/4096/1/iterations:1/repeats:50               2363 us         2363 us            1 L1-dcache-loads=8.46857M items_per_second=1.73364M/s
BM_SELECTION_SORT/4096/1/iterations:1/repeats:50               2367 us         2367 us            1 L1-dcache-loads=8.46857M items_per_second=1.73037M/s
BM_SELECTION_SORT/4096/1/iterations:1/repeats:50               2364 us         2364 us            1 L1-dcache-loads=8.46857M items_per_second=1.7324M/s
BM_SELECTION_SORT/4096/1/iterations:1/repeats:50_mean          2370 us         2367 us           50 L1-dcache-loads=8.46857M items_per_second=1.73043M/s
BM_SELECTION_SORT/4096/1/iterations:1/repeats:50_median        2366 us         2366 us           50 L1-dcache-loads=8.46857M items_per_second=1.73132M/s
BM_SELECTION_SORT/4096/1/iterations:1/repeats:50_stddev        23.3 us         4.88 us           50 L1-dcache-loads=0.505076 items_per_second=3.55859k/s
BM_SELECTION_SORT/4096/1/iterations:1/repeats:50_cv            0.98 %          0.21 %            50 L1-dcache-loads=0.00% items_per_second=0.21%
BM_SELECTION_SORT/8192/1/iterations:1/repeats:50               9063 us         9063 us            1 L1-dcache-loads=33.7143M items_per_second=903.88k/s
BM_SELECTION_SORT/8192/1/iterations:1/repeats:50               9119 us         9119 us            1 L1-dcache-loads=33.7143M items_per_second=898.358k/s
BM_SELECTION_SORT/8192/1/iterations:1/repeats:50               9134 us         9134 us            1 L1-dcache-loads=33.7143M items_per_second=896.855k/s
BM_SELECTION_SORT/8192/1/iterations:1/repeats:50               9149 us         9149 us            1 L1-dcache-loads=33.7143M items_per_second=895.431k/s
BM_SELECTION_SORT/8192/1/iterations:1/repeats:50               9115 us         9115 us            1 L1-dcache-loads=33.7143M items_per_second=898.722k/s
BM_SELECTION_SORT/8192/1/iterations:1/repeats:50               9105 us         9105 us            1 L1-dcache-loads=33.7143M items_per_second=899.748k/s
BM_SELECTION_SORT/8192/1/iterations:1/repeats:50               9064 us         9064 us            1 L1-dcache-loads=33.7143M items_per_second=903.842k/s
BM_SELECTION_SORT/8192/1/iterations:1/repeats:50               9058 us         9058 us            1 L1-dcache-loads=33.7143M items_per_second=904.428k/s
BM_SELECTION_SORT/8192/1/iterations:1/repeats:50               9055 us         9055 us            1 L1-dcache-loads=33.7143M items_per_second=904.717k/s
BM_SELECTION_SORT/8192/1/iterations:1/repeats:50               9054 us         9054 us            1 L1-dcache-loads=33.7143M items_per_second=904.789k/s
BM_SELECTION_SORT/8192/1/iterations:1/repeats:50               9056 us         9056 us            1 L1-dcache-loads=33.7143M items_per_second=904.585k/s
BM_SELECTION_SORT/8192/1/iterations:1/repeats:50               9060 us         9060 us            1 L1-dcache-loads=33.7143M items_per_second=904.195k/s
BM_SELECTION_SORT/8192/1/iterations:1/repeats:50               9055 us         9055 us            1 L1-dcache-loads=33.7143M items_per_second=904.714k/s
BM_SELECTION_SORT/8192/1/iterations:1/repeats:50               9061 us         9061 us            1 L1-dcache-loads=33.7143M items_per_second=904.102k/s
BM_SELECTION_SORT/8192/1/iterations:1/repeats:50               9062 us         9062 us            1 L1-dcache-loads=33.7143M items_per_second=903.997k/s
BM_SELECTION_SORT/8192/1/iterations:1/repeats:50               9061 us         9061 us            1 L1-dcache-loads=33.7143M items_per_second=904.075k/s
BM_SELECTION_SORT/8192/1/iterations:1/repeats:50               9052 us         9052 us            1 L1-dcache-loads=33.7143M items_per_second=904.999k/s
BM_SELECTION_SORT/8192/1/iterations:1/repeats:50               9064 us         9064 us            1 L1-dcache-loads=33.7143M items_per_second=903.781k/s
BM_SELECTION_SORT/8192/1/iterations:1/repeats:50               9059 us         9059 us            1 L1-dcache-loads=33.7143M items_per_second=904.3k/s
BM_SELECTION_SORT/8192/1/iterations:1/repeats:50               9052 us         9052 us            1 L1-dcache-loads=33.7143M items_per_second=905k/s
BM_SELECTION_SORT/8192/1/iterations:1/repeats:50               9050 us         9049 us            1 L1-dcache-loads=33.7143M items_per_second=905.246k/s
BM_SELECTION_SORT/8192/1/iterations:1/repeats:50              10553 us         9107 us            1 L1-dcache-loads=33.7143M items_per_second=899.484k/s
BM_SELECTION_SORT/8192/1/iterations:1/repeats:50               9070 us         9070 us            1 L1-dcache-loads=33.7143M items_per_second=903.162k/s
BM_SELECTION_SORT/8192/1/iterations:1/repeats:50               9064 us         9058 us            1 L1-dcache-loads=33.7143M items_per_second=904.421k/s
BM_SELECTION_SORT/8192/1/iterations:1/repeats:50               9065 us         9065 us            1 L1-dcache-loads=33.7143M items_per_second=903.699k/s
BM_SELECTION_SORT/8192/1/iterations:1/repeats:50               9056 us         9056 us            1 L1-dcache-loads=33.7143M items_per_second=904.599k/s
BM_SELECTION_SORT/8192/1/iterations:1/repeats:50               9063 us         9063 us            1 L1-dcache-loads=33.7143M items_per_second=903.863k/s
BM_SELECTION_SORT/8192/1/iterations:1/repeats:50               9054 us         9054 us            1 L1-dcache-loads=33.7143M items_per_second=904.747k/s
BM_SELECTION_SORT/8192/1/iterations:1/repeats:50               9053 us         9053 us            1 L1-dcache-loads=33.7143M items_per_second=904.863k/s
BM_SELECTION_SORT/8192/1/iterations:1/repeats:50               9060 us         9060 us            1 L1-dcache-loads=33.7143M items_per_second=904.226k/s
BM_SELECTION_SORT/8192/1/iterations:1/repeats:50               9057 us         9057 us            1 L1-dcache-loads=33.7143M items_per_second=904.498k/s
BM_SELECTION_SORT/8192/1/iterations:1/repeats:50               9061 us         9061 us            1 L1-dcache-loads=33.7143M items_per_second=904.07k/s
BM_SELECTION_SORT/8192/1/iterations:1/repeats:50               9059 us         9059 us            1 L1-dcache-loads=33.7143M items_per_second=904.259k/s
BM_SELECTION_SORT/8192/1/iterations:1/repeats:50               9050 us         9050 us            1 L1-dcache-loads=33.7143M items_per_second=905.242k/s
BM_SELECTION_SORT/8192/1/iterations:1/repeats:50               9059 us         9059 us            1 L1-dcache-loads=33.7143M items_per_second=904.328k/s
BM_SELECTION_SORT/8192/1/iterations:1/repeats:50               9063 us         9063 us            1 L1-dcache-loads=33.7143M items_per_second=903.915k/s
BM_SELECTION_SORT/8192/1/iterations:1/repeats:50               9057 us         9057 us            1 L1-dcache-loads=33.7143M items_per_second=904.477k/s
BM_SELECTION_SORT/8192/1/iterations:1/repeats:50               9064 us         9064 us            1 L1-dcache-loads=33.7143M items_per_second=903.832k/s
BM_SELECTION_SORT/8192/1/iterations:1/repeats:50               9053 us         9053 us            1 L1-dcache-loads=33.7143M items_per_second=904.938k/s
BM_SELECTION_SORT/8192/1/iterations:1/repeats:50               9054 us         9054 us            1 L1-dcache-loads=33.7143M items_per_second=904.841k/s
BM_SELECTION_SORT/8192/1/iterations:1/repeats:50               9057 us         9057 us            1 L1-dcache-loads=33.7143M items_per_second=904.499k/s
BM_SELECTION_SORT/8192/1/iterations:1/repeats:50               9059 us         9059 us            1 L1-dcache-loads=33.7143M items_per_second=904.312k/s
BM_SELECTION_SORT/8192/1/iterations:1/repeats:50               9061 us         9061 us            1 L1-dcache-loads=33.7143M items_per_second=904.126k/s
BM_SELECTION_SORT/8192/1/iterations:1/repeats:50               9053 us         9053 us            1 L1-dcache-loads=33.7143M items_per_second=904.929k/s
BM_SELECTION_SORT/8192/1/iterations:1/repeats:50               9056 us         9056 us            1 L1-dcache-loads=33.7143M items_per_second=904.622k/s
BM_SELECTION_SORT/8192/1/iterations:1/repeats:50               9059 us         9059 us            1 L1-dcache-loads=33.7143M items_per_second=904.339k/s
BM_SELECTION_SORT/8192/1/iterations:1/repeats:50               9056 us         9056 us            1 L1-dcache-loads=33.7143M items_per_second=904.551k/s
BM_SELECTION_SORT/8192/1/iterations:1/repeats:50               9058 us         9058 us            1 L1-dcache-loads=33.7143M items_per_second=904.378k/s
BM_SELECTION_SORT/8192/1/iterations:1/repeats:50               9061 us         9061 us            1 L1-dcache-loads=33.7143M items_per_second=904.119k/s
BM_SELECTION_SORT/8192/1/iterations:1/repeats:50               9056 us         9056 us            1 L1-dcache-loads=33.7143M items_per_second=904.554k/s
BM_SELECTION_SORT/8192/1/iterations:1/repeats:50_mean          9095 us         9066 us           50 L1-dcache-loads=33.7143M items_per_second=903.633k/s
BM_SELECTION_SORT/8192/1/iterations:1/repeats:50_median        9059 us         9059 us           50 L1-dcache-loads=33.7143M items_per_second=904.32k/s
BM_SELECTION_SORT/8192/1/iterations:1/repeats:50_stddev         212 us         21.9 us           50 L1-dcache-loads=0.714286 items_per_second=2.17073k/s
BM_SELECTION_SORT/8192/1/iterations:1/repeats:50_cv            2.33 %          0.24 %            50 L1-dcache-loads=0.00% items_per_second=0.24%
BM_SELECTION_SORT/16384/1/iterations:1/repeats:50             38550 us        35507 us            1 L1-dcache-loads=134.537M items_per_second=461.436k/s
BM_SELECTION_SORT/16384/1/iterations:1/repeats:50             52729 us        35807 us            1 L1-dcache-loads=134.538M items_per_second=457.566k/s
BM_SELECTION_SORT/16384/1/iterations:1/repeats:50             40597 us        35614 us            1 L1-dcache-loads=134.538M items_per_second=460.041k/s
BM_SELECTION_SORT/16384/1/iterations:1/repeats:50             35413 us        35412 us            1 L1-dcache-loads=134.537M items_per_second=462.664k/s
BM_SELECTION_SORT/16384/1/iterations:1/repeats:50             35385 us        35384 us            1 L1-dcache-loads=134.537M items_per_second=463.028k/s
BM_SELECTION_SORT/16384/1/iterations:1/repeats:50             35386 us        35382 us            1 L1-dcache-loads=134.537M items_per_second=463.063k/s
BM_SELECTION_SORT/16384/1/iterations:1/repeats:50             35462 us        35462 us            1 L1-dcache-loads=134.537M items_per_second=462.015k/s
BM_SELECTION_SORT/16384/1/iterations:1/repeats:50             35499 us        35368 us            1 L1-dcache-loads=134.537M items_per_second=463.241k/s
BM_SELECTION_SORT/16384/1/iterations:1/repeats:50             35403 us        35393 us            1 L1-dcache-loads=134.537M items_per_second=462.917k/s
BM_SELECTION_SORT/16384/1/iterations:1/repeats:50             35376 us        35376 us            1 L1-dcache-loads=134.537M items_per_second=463.143k/s
BM_SELECTION_SORT/16384/1/iterations:1/repeats:50             35378 us        35374 us            1 L1-dcache-loads=134.537M items_per_second=463.169k/s
BM_SELECTION_SORT/16384/1/iterations:1/repeats:50             35372 us        35372 us            1 L1-dcache-loads=134.537M items_per_second=463.198k/s
BM_SELECTION_SORT/16384/1/iterations:1/repeats:50             35381 us        35377 us            1 L1-dcache-loads=134.537M items_per_second=463.129k/s
BM_SELECTION_SORT/16384/1/iterations:1/repeats:50             35380 us        35380 us            1 L1-dcache-loads=134.537M items_per_second=463.083k/s
BM_SELECTION_SORT/16384/1/iterations:1/repeats:50             35396 us        35396 us            1 L1-dcache-loads=134.537M items_per_second=462.878k/s
BM_SELECTION_SORT/16384/1/iterations:1/repeats:50             35369 us        35369 us            1 L1-dcache-loads=134.537M items_per_second=463.234k/s
BM_SELECTION_SORT/16384/1/iterations:1/repeats:50             35378 us        35378 us            1 L1-dcache-loads=134.537M items_per_second=463.119k/s
BM_SELECTION_SORT/16384/1/iterations:1/repeats:50             35378 us        35375 us            1 L1-dcache-loads=134.537M items_per_second=463.147k/s
BM_SELECTION_SORT/16384/1/iterations:1/repeats:50             35380 us        35380 us            1 L1-dcache-loads=134.537M items_per_second=463.089k/s
BM_SELECTION_SORT/16384/1/iterations:1/repeats:50             35372 us        35372 us            1 L1-dcache-loads=134.537M items_per_second=463.196k/s
BM_SELECTION_SORT/16384/1/iterations:1/repeats:50             35383 us        35383 us            1 L1-dcache-loads=134.537M items_per_second=463.048k/s
BM_SELECTION_SORT/16384/1/iterations:1/repeats:50             35369 us        35369 us            1 L1-dcache-loads=134.537M items_per_second=463.227k/s
BM_SELECTION_SORT/16384/1/iterations:1/repeats:50             35382 us        35382 us            1 L1-dcache-loads=134.537M items_per_second=463.066k/s
BM_SELECTION_SORT/16384/1/iterations:1/repeats:50             35371 us        35371 us            1 L1-dcache-loads=134.537M items_per_second=463.209k/s
BM_SELECTION_SORT/16384/1/iterations:1/repeats:50             35362 us        35362 us            1 L1-dcache-loads=134.537M items_per_second=463.328k/s
BM_SELECTION_SORT/16384/1/iterations:1/repeats:50             35381 us        35381 us            1 L1-dcache-loads=134.537M items_per_second=463.072k/s
BM_SELECTION_SORT/16384/1/iterations:1/repeats:50             35371 us        35371 us            1 L1-dcache-loads=134.537M items_per_second=463.209k/s
BM_SELECTION_SORT/16384/1/iterations:1/repeats:50             35377 us        35377 us            1 L1-dcache-loads=134.537M items_per_second=463.131k/s
BM_SELECTION_SORT/16384/1/iterations:1/repeats:50             35379 us        35379 us            1 L1-dcache-loads=134.537M items_per_second=463.103k/s
BM_SELECTION_SORT/16384/1/iterations:1/repeats:50             35386 us        35386 us            1 L1-dcache-loads=134.537M items_per_second=463.007k/s
BM_SELECTION_SORT/16384/1/iterations:1/repeats:50             35365 us        35364 us            1 L1-dcache-loads=134.537M items_per_second=463.29k/s
BM_SELECTION_SORT/16384/1/iterations:1/repeats:50             35364 us        35363 us            1 L1-dcache-loads=134.537M items_per_second=463.304k/s
BM_SELECTION_SORT/16384/1/iterations:1/repeats:50             35387 us        35372 us            1 L1-dcache-loads=134.537M items_per_second=463.188k/s
BM_SELECTION_SORT/16384/1/iterations:1/repeats:50             35376 us        35376 us            1 L1-dcache-loads=134.537M items_per_second=463.143k/s
BM_SELECTION_SORT/16384/1/iterations:1/repeats:50             35374 us        35374 us            1 L1-dcache-loads=134.537M items_per_second=463.167k/s
BM_SELECTION_SORT/16384/1/iterations:1/repeats:50             35377 us        35377 us            1 L1-dcache-loads=134.537M items_per_second=463.122k/s
BM_SELECTION_SORT/16384/1/iterations:1/repeats:50             35499 us        35365 us            1 L1-dcache-loads=134.537M items_per_second=463.283k/s
BM_SELECTION_SORT/16384/1/iterations:1/repeats:50             35371 us        35371 us            1 L1-dcache-loads=134.537M items_per_second=463.204k/s
BM_SELECTION_SORT/16384/1/iterations:1/repeats:50             35384 us        35384 us            1 L1-dcache-loads=134.537M items_per_second=463.037k/s
BM_SELECTION_SORT/16384/1/iterations:1/repeats:50             35390 us        35383 us            1 L1-dcache-loads=134.537M items_per_second=463.047k/s
BM_SELECTION_SORT/16384/1/iterations:1/repeats:50             35374 us        35374 us            1 L1-dcache-loads=134.537M items_per_second=463.168k/s
BM_SELECTION_SORT/16384/1/iterations:1/repeats:50             35526 us        35374 us            1 L1-dcache-loads=134.537M items_per_second=463.166k/s
BM_SELECTION_SORT/16384/1/iterations:1/repeats:50             35373 us        35373 us            1 L1-dcache-loads=134.537M items_per_second=463.176k/s
BM_SELECTION_SORT/16384/1/iterations:1/repeats:50             35415 us        35412 us            1 L1-dcache-loads=134.537M items_per_second=462.672k/s
BM_SELECTION_SORT/16384/1/iterations:1/repeats:50             35370 us        35370 us            1 L1-dcache-loads=134.537M items_per_second=463.219k/s
BM_SELECTION_SORT/16384/1/iterations:1/repeats:50             35373 us        35373 us            1 L1-dcache-loads=134.537M items_per_second=463.175k/s
BM_SELECTION_SORT/16384/1/iterations:1/repeats:50             35424 us        35411 us            1 L1-dcache-loads=134.537M items_per_second=462.68k/s
BM_SELECTION_SORT/16384/1/iterations:1/repeats:50             35381 us        35380 us            1 L1-dcache-loads=134.537M items_per_second=463.08k/s
BM_SELECTION_SORT/16384/1/iterations:1/repeats:50             35392 us        35386 us            1 L1-dcache-loads=134.537M items_per_second=463.014k/s
BM_SELECTION_SORT/16384/1/iterations:1/repeats:50             35373 us        35373 us            1 L1-dcache-loads=134.537M items_per_second=463.175k/s
BM_SELECTION_SORT/16384/1/iterations:1/repeats:50_mean        35905 us        35396 us           50 L1-dcache-loads=134.537M items_per_second=462.881k/s
BM_SELECTION_SORT/16384/1/iterations:1/repeats:50_median      35380 us        35377 us           50 L1-dcache-loads=134.537M items_per_second=463.13k/s
BM_SELECTION_SORT/16384/1/iterations:1/repeats:50_stddev       2574 us         71.9 us           50 L1-dcache-loads=69.1641 items_per_second=931.809/s
BM_SELECTION_SORT/16384/1/iterations:1/repeats:50_cv           7.17 %          0.20 %            50 L1-dcache-loads=0.00% items_per_second=0.20%
BM_SELECTION_SORT/32768/1/iterations:1/repeats:50            139722 us       139721 us            1 L1-dcache-loads=537.51M items_per_second=234.525k/s
BM_SELECTION_SORT/32768/1/iterations:1/repeats:50            139690 us       139689 us            1 L1-dcache-loads=537.51M items_per_second=234.577k/s
BM_SELECTION_SORT/32768/1/iterations:1/repeats:50            139699 us       139681 us            1 L1-dcache-loads=537.51M items_per_second=234.591k/s
BM_SELECTION_SORT/32768/1/iterations:1/repeats:50            139889 us       139748 us            1 L1-dcache-loads=537.51M items_per_second=234.479k/s
BM_SELECTION_SORT/32768/1/iterations:1/repeats:50            139712 us       139705 us            1 L1-dcache-loads=537.51M items_per_second=234.552k/s
BM_SELECTION_SORT/32768/1/iterations:1/repeats:50            139703 us       139698 us            1 L1-dcache-loads=537.51M items_per_second=234.563k/s
BM_SELECTION_SORT/32768/1/iterations:1/repeats:50            139670 us       139667 us            1 L1-dcache-loads=537.51M items_per_second=234.615k/s
BM_SELECTION_SORT/32768/1/iterations:1/repeats:50            139680 us       139679 us            1 L1-dcache-loads=537.51M items_per_second=234.594k/s
BM_SELECTION_SORT/32768/1/iterations:1/repeats:50            139824 us       139823 us            1 L1-dcache-loads=537.51M items_per_second=234.353k/s
BM_SELECTION_SORT/32768/1/iterations:1/repeats:50            139843 us       139842 us            1 L1-dcache-loads=537.51M items_per_second=234.322k/s
BM_SELECTION_SORT/32768/1/iterations:1/repeats:50            139962 us       139672 us            1 L1-dcache-loads=537.51M items_per_second=234.607k/s
BM_SELECTION_SORT/32768/1/iterations:1/repeats:50            139979 us       139849 us            1 L1-dcache-loads=537.51M items_per_second=234.31k/s
BM_SELECTION_SORT/32768/1/iterations:1/repeats:50            139898 us       139744 us            1 L1-dcache-loads=537.51M items_per_second=234.486k/s
BM_SELECTION_SORT/32768/1/iterations:1/repeats:50            141158 us       139732 us            1 L1-dcache-loads=537.51M items_per_second=234.506k/s
BM_SELECTION_SORT/32768/1/iterations:1/repeats:50            139701 us       139697 us            1 L1-dcache-loads=537.51M items_per_second=234.565k/s
BM_SELECTION_SORT/32768/1/iterations:1/repeats:50            139681 us       139680 us            1 L1-dcache-loads=537.51M items_per_second=234.593k/s
BM_SELECTION_SORT/32768/1/iterations:1/repeats:50            139688 us       139686 us            1 L1-dcache-loads=537.51M items_per_second=234.584k/s
BM_SELECTION_SORT/32768/1/iterations:1/repeats:50            139817 us       139794 us            1 L1-dcache-loads=537.51M items_per_second=234.402k/s
BM_SELECTION_SORT/32768/1/iterations:1/repeats:50            139823 us       139690 us            1 L1-dcache-loads=537.51M items_per_second=234.577k/s
BM_SELECTION_SORT/32768/1/iterations:1/repeats:50            139697 us       139694 us            1 L1-dcache-loads=537.51M items_per_second=234.57k/s
BM_SELECTION_SORT/32768/1/iterations:1/repeats:50            139684 us       139681 us            1 L1-dcache-loads=537.51M items_per_second=234.591k/s
BM_SELECTION_SORT/32768/1/iterations:1/repeats:50            139687 us       139686 us            1 L1-dcache-loads=537.51M items_per_second=234.583k/s
BM_SELECTION_SORT/32768/1/iterations:1/repeats:50            139678 us       139677 us            1 L1-dcache-loads=537.51M items_per_second=234.599k/s
BM_SELECTION_SORT/32768/1/iterations:1/repeats:50            139684 us       139684 us            1 L1-dcache-loads=537.51M items_per_second=234.587k/s
BM_SELECTION_SORT/32768/1/iterations:1/repeats:50            139694 us       139678 us            1 L1-dcache-loads=537.51M items_per_second=234.597k/s
BM_SELECTION_SORT/32768/1/iterations:1/repeats:50            139850 us       139690 us            1 L1-dcache-loads=537.51M items_per_second=234.576k/s
BM_SELECTION_SORT/32768/1/iterations:1/repeats:50            139860 us       139708 us            1 L1-dcache-loads=537.51M items_per_second=234.547k/s
BM_SELECTION_SORT/32768/1/iterations:1/repeats:50            139689 us       139686 us            1 L1-dcache-loads=537.51M items_per_second=234.584k/s
BM_SELECTION_SORT/32768/1/iterations:1/repeats:50            139722 us       139713 us            1 L1-dcache-loads=537.51M items_per_second=234.538k/s
BM_SELECTION_SORT/32768/1/iterations:1/repeats:50            139668 us       139667 us            1 L1-dcache-loads=537.51M items_per_second=234.616k/s
BM_SELECTION_SORT/32768/1/iterations:1/repeats:50            139662 us       139659 us            1 L1-dcache-loads=537.51M items_per_second=234.628k/s
BM_SELECTION_SORT/32768/1/iterations:1/repeats:50            139679 us       139675 us            1 L1-dcache-loads=537.51M items_per_second=234.601k/s
BM_SELECTION_SORT/32768/1/iterations:1/repeats:50            139670 us       139654 us            1 L1-dcache-loads=537.51M items_per_second=234.638k/s
BM_SELECTION_SORT/32768/1/iterations:1/repeats:50            139806 us       139670 us            1 L1-dcache-loads=537.51M items_per_second=234.61k/s
BM_SELECTION_SORT/32768/1/iterations:1/repeats:50            139697 us       139687 us            1 L1-dcache-loads=537.51M items_per_second=234.581k/s
BM_SELECTION_SORT/32768/1/iterations:1/repeats:50            139646 us       139645 us            1 L1-dcache-loads=537.51M items_per_second=234.652k/s
BM_SELECTION_SORT/32768/1/iterations:1/repeats:50            139691 us       139690 us            1 L1-dcache-loads=537.51M items_per_second=234.576k/s
BM_SELECTION_SORT/32768/1/iterations:1/repeats:50            139679 us       139678 us            1 L1-dcache-loads=537.51M items_per_second=234.597k/s
BM_SELECTION_SORT/32768/1/iterations:1/repeats:50            139720 us       139717 us            1 L1-dcache-loads=537.51M items_per_second=234.531k/s
BM_SELECTION_SORT/32768/1/iterations:1/repeats:50            139710 us       139709 us            1 L1-dcache-loads=537.51M items_per_second=234.544k/s
BM_SELECTION_SORT/32768/1/iterations:1/repeats:50            140008 us       139724 us            1 L1-dcache-loads=537.51M items_per_second=234.519k/s
BM_SELECTION_SORT/32768/1/iterations:1/repeats:50            139694 us       139693 us            1 L1-dcache-loads=537.51M items_per_second=234.571k/s
BM_SELECTION_SORT/32768/1/iterations:1/repeats:50            141196 us       139764 us            1 L1-dcache-loads=537.51M items_per_second=234.452k/s
BM_SELECTION_SORT/32768/1/iterations:1/repeats:50            139722 us       139722 us            1 L1-dcache-loads=537.51M items_per_second=234.524k/s
BM_SELECTION_SORT/32768/1/iterations:1/repeats:50            139683 us       139680 us            1 L1-dcache-loads=537.51M items_per_second=234.593k/s
BM_SELECTION_SORT/32768/1/iterations:1/repeats:50            139773 us       139769 us            1 L1-dcache-loads=537.51M items_per_second=234.445k/s
BM_SELECTION_SORT/32768/1/iterations:1/repeats:50            139762 us       139746 us            1 L1-dcache-loads=537.51M items_per_second=234.483k/s
BM_SELECTION_SORT/32768/1/iterations:1/repeats:50            139880 us       139719 us            1 L1-dcache-loads=537.51M items_per_second=234.528k/s
BM_SELECTION_SORT/32768/1/iterations:1/repeats:50            139683 us       139682 us            1 L1-dcache-loads=537.51M items_per_second=234.59k/s
BM_SELECTION_SORT/32768/1/iterations:1/repeats:50            139681 us       139679 us            1 L1-dcache-loads=537.51M items_per_second=234.596k/s
BM_SELECTION_SORT/32768/1/iterations:1/repeats:50_mean       139802 us       139706 us           50 L1-dcache-loads=537.51M items_per_second=234.549k/s
BM_SELECTION_SORT/32768/1/iterations:1/repeats:50_median     139700 us       139690 us           50 L1-dcache-loads=537.51M items_per_second=234.577k/s
BM_SELECTION_SORT/32768/1/iterations:1/repeats:50_stddev        298 us         45.2 us           50 L1-dcache-loads=0 items_per_second=75.8121/s
BM_SELECTION_SORT/32768/1/iterations:1/repeats:50_cv           0.21 %          0.03 %            50 L1-dcache-loads=0.00% items_per_second=0.03%
BM_BUBBLE_SORT/4/1/iterations:1/repeats:50                     2.52 us         2.19 us            1 L1-dcache-loads=169 items_per_second=1.82899M/s
BM_BUBBLE_SORT/4/1/iterations:1/repeats:50                    0.484 us        0.464 us            1 L1-dcache-loads=170 items_per_second=8.62069M/s
BM_BUBBLE_SORT/4/1/iterations:1/repeats:50                    0.420 us        0.411 us            1 L1-dcache-loads=169 items_per_second=9.73236M/s
BM_BUBBLE_SORT/4/1/iterations:1/repeats:50                    0.430 us        0.427 us            1 L1-dcache-loads=170 items_per_second=9.36768M/s
BM_BUBBLE_SORT/4/1/iterations:1/repeats:50                    0.444 us        0.445 us            1 L1-dcache-loads=170 items_per_second=8.98876M/s
BM_BUBBLE_SORT/4/1/iterations:1/repeats:50                    0.441 us        0.437 us            1 L1-dcache-loads=170 items_per_second=9.15332M/s
BM_BUBBLE_SORT/4/1/iterations:1/repeats:50                    0.425 us        0.424 us            1 L1-dcache-loads=170 items_per_second=9.43396M/s
BM_BUBBLE_SORT/4/1/iterations:1/repeats:50                    0.398 us        0.406 us            1 L1-dcache-loads=170 items_per_second=9.85222M/s
BM_BUBBLE_SORT/4/1/iterations:1/repeats:50                    0.429 us        0.428 us            1 L1-dcache-loads=169 items_per_second=9.34579M/s
BM_BUBBLE_SORT/4/1/iterations:1/repeats:50                    0.418 us        0.413 us            1 L1-dcache-loads=170 items_per_second=9.68523M/s
BM_BUBBLE_SORT/4/1/iterations:1/repeats:50                    0.384 us        0.384 us            1 L1-dcache-loads=169 items_per_second=10.4167M/s
BM_BUBBLE_SORT/4/1/iterations:1/repeats:50                    0.415 us        0.414 us            1 L1-dcache-loads=170 items_per_second=9.66184M/s
BM_BUBBLE_SORT/4/1/iterations:1/repeats:50                    0.420 us        0.419 us            1 L1-dcache-loads=170 items_per_second=9.54654M/s
BM_BUBBLE_SORT/4/1/iterations:1/repeats:50                    0.404 us        0.403 us            1 L1-dcache-loads=169 items_per_second=9.92556M/s
BM_BUBBLE_SORT/4/1/iterations:1/repeats:50                    0.415 us        0.426 us            1 L1-dcache-loads=169 items_per_second=9.38967M/s
BM_BUBBLE_SORT/4/1/iterations:1/repeats:50                    0.408 us        0.407 us            1 L1-dcache-loads=170 items_per_second=9.82801M/s
BM_BUBBLE_SORT/4/1/iterations:1/repeats:50                    0.405 us        0.404 us            1 L1-dcache-loads=170 items_per_second=9.90099M/s
BM_BUBBLE_SORT/4/1/iterations:1/repeats:50                    0.406 us        0.404 us            1 L1-dcache-loads=170 items_per_second=9.90099M/s
BM_BUBBLE_SORT/4/1/iterations:1/repeats:50                    0.391 us        0.390 us            1 L1-dcache-loads=169 items_per_second=10.2564M/s
BM_BUBBLE_SORT/4/1/iterations:1/repeats:50                    0.391 us        0.390 us            1 L1-dcache-loads=170 items_per_second=10.2564M/s
BM_BUBBLE_SORT/4/1/iterations:1/repeats:50                    0.391 us        0.390 us            1 L1-dcache-loads=170 items_per_second=10.2564M/s
BM_BUBBLE_SORT/4/1/iterations:1/repeats:50                    0.416 us        0.420 us            1 L1-dcache-loads=170 items_per_second=9.52381M/s
BM_BUBBLE_SORT/4/1/iterations:1/repeats:50                    0.398 us        0.397 us            1 L1-dcache-loads=170 items_per_second=10.0756M/s
BM_BUBBLE_SORT/4/1/iterations:1/repeats:50                    0.434 us        0.442 us            1 L1-dcache-loads=170 items_per_second=9.04977M/s
BM_BUBBLE_SORT/4/1/iterations:1/repeats:50                    0.397 us        0.398 us            1 L1-dcache-loads=167 items_per_second=10.0503M/s
BM_BUBBLE_SORT/4/1/iterations:1/repeats:50                    0.393 us        0.393 us            1 L1-dcache-loads=170 items_per_second=10.1781M/s
BM_BUBBLE_SORT/4/1/iterations:1/repeats:50                    0.406 us        0.406 us            1 L1-dcache-loads=170 items_per_second=9.85222M/s
BM_BUBBLE_SORT/4/1/iterations:1/repeats:50                    0.406 us        0.403 us            1 L1-dcache-loads=169 items_per_second=9.92556M/s
BM_BUBBLE_SORT/4/1/iterations:1/repeats:50                    0.389 us        0.390 us            1 L1-dcache-loads=169 items_per_second=10.2564M/s
BM_BUBBLE_SORT/4/1/iterations:1/repeats:50                    0.388 us        0.385 us            1 L1-dcache-loads=169 items_per_second=10.3896M/s
BM_BUBBLE_SORT/4/1/iterations:1/repeats:50                    0.384 us        0.384 us            1 L1-dcache-loads=167 items_per_second=10.4167M/s
BM_BUBBLE_SORT/4/1/iterations:1/repeats:50                    0.414 us        0.413 us            1 L1-dcache-loads=170 items_per_second=9.68523M/s
BM_BUBBLE_SORT/4/1/iterations:1/repeats:50                    0.405 us        0.427 us            1 L1-dcache-loads=169 items_per_second=9.36768M/s
BM_BUBBLE_SORT/4/1/iterations:1/repeats:50                    0.436 us        0.424 us            1 L1-dcache-loads=170 items_per_second=9.43396M/s
BM_BUBBLE_SORT/4/1/iterations:1/repeats:50                    0.408 us        0.406 us            1 L1-dcache-loads=170 items_per_second=9.85222M/s
BM_BUBBLE_SORT/4/1/iterations:1/repeats:50                    0.409 us        0.409 us            1 L1-dcache-loads=169 items_per_second=9.77995M/s
BM_BUBBLE_SORT/4/1/iterations:1/repeats:50                    0.410 us        0.408 us            1 L1-dcache-loads=170 items_per_second=9.80392M/s
BM_BUBBLE_SORT/4/1/iterations:1/repeats:50                    0.407 us        0.407 us            1 L1-dcache-loads=170 items_per_second=9.82801M/s
BM_BUBBLE_SORT/4/1/iterations:1/repeats:50                    0.381 us        0.381 us            1 L1-dcache-loads=170 items_per_second=10.4987M/s
BM_BUBBLE_SORT/4/1/iterations:1/repeats:50                    0.398 us        0.398 us            1 L1-dcache-loads=170 items_per_second=10.0503M/s
BM_BUBBLE_SORT/4/1/iterations:1/repeats:50                    0.409 us        0.410 us            1 L1-dcache-loads=170 items_per_second=9.7561M/s
BM_BUBBLE_SORT/4/1/iterations:1/repeats:50                    0.387 us        0.387 us            1 L1-dcache-loads=170 items_per_second=10.3359M/s
BM_BUBBLE_SORT/4/1/iterations:1/repeats:50                    0.392 us        0.392 us            1 L1-dcache-loads=170 items_per_second=10.2041M/s
BM_BUBBLE_SORT/4/1/iterations:1/repeats:50                    0.399 us        0.399 us            1 L1-dcache-loads=167 items_per_second=10.0251M/s
BM_BUBBLE_SORT/4/1/iterations:1/repeats:50                    0.403 us        0.403 us            1 L1-dcache-loads=170 items_per_second=9.92556M/s
BM_BUBBLE_SORT/4/1/iterations:1/repeats:50                    0.413 us        0.411 us            1 L1-dcache-loads=170 items_per_second=9.73236M/s
BM_BUBBLE_SORT/4/1/iterations:1/repeats:50                    0.410 us        0.408 us            1 L1-dcache-loads=170 items_per_second=9.80392M/s
BM_BUBBLE_SORT/4/1/iterations:1/repeats:50                    0.394 us        0.393 us            1 L1-dcache-loads=170 items_per_second=10.1781M/s
BM_BUBBLE_SORT/4/1/iterations:1/repeats:50                    0.401 us        0.403 us            1 L1-dcache-loads=169 items_per_second=9.92556M/s
BM_BUBBLE_SORT/4/1/iterations:1/repeats:50                    0.432 us        0.429 us            1 L1-dcache-loads=170 items_per_second=9.32401M/s
BM_BUBBLE_SORT/4/1/iterations:1/repeats:50_mean               0.451 us        0.444 us           50 L1-dcache-loads=169.56 items_per_second=9.65154M/s
BM_BUBBLE_SORT/4/1/iterations:1/repeats:50_median             0.407 us        0.406 us           50 L1-dcache-loads=170 items_per_second=9.84011M/s
BM_BUBBLE_SORT/4/1/iterations:1/repeats:50_stddev             0.300 us        0.252 us           50 L1-dcache-loads=0.786623 items_per_second=1.19878M/s
BM_BUBBLE_SORT/4/1/iterations:1/repeats:50_cv                 66.45 %         56.79 %            50 L1-dcache-loads=0.46% items_per_second=12.42%
BM_BUBBLE_SORT/8/1/iterations:1/repeats:50                    0.661 us        0.633 us            1 L1-dcache-loads=267 items_per_second=12.6382M/s
BM_BUBBLE_SORT/8/1/iterations:1/repeats:50                    0.588 us        0.583 us            1 L1-dcache-loads=268 items_per_second=13.7221M/s
BM_BUBBLE_SORT/8/1/iterations:1/repeats:50                    0.505 us        0.502 us            1 L1-dcache-loads=268 items_per_second=15.9363M/s
BM_BUBBLE_SORT/8/1/iterations:1/repeats:50                    0.462 us        0.467 us            1 L1-dcache-loads=262 items_per_second=17.1306M/s
BM_BUBBLE_SORT/8/1/iterations:1/repeats:50                    0.475 us        0.474 us            1 L1-dcache-loads=265 items_per_second=16.8776M/s
BM_BUBBLE_SORT/8/1/iterations:1/repeats:50                    0.475 us        0.474 us            1 L1-dcache-loads=265 items_per_second=16.8776M/s
BM_BUBBLE_SORT/8/1/iterations:1/repeats:50                    0.525 us        0.526 us            1 L1-dcache-loads=265 items_per_second=15.2091M/s
BM_BUBBLE_SORT/8/1/iterations:1/repeats:50                    0.580 us        0.584 us            1 L1-dcache-loads=267 items_per_second=13.6986M/s
BM_BUBBLE_SORT/8/1/iterations:1/repeats:50                    0.516 us        0.530 us            1 L1-dcache-loads=267 items_per_second=15.0943M/s
BM_BUBBLE_SORT/8/1/iterations:1/repeats:50                    0.508 us        0.507 us            1 L1-dcache-loads=268 items_per_second=15.7791M/s
BM_BUBBLE_SORT/8/1/iterations:1/repeats:50                    0.533 us        0.531 us            1 L1-dcache-loads=265 items_per_second=15.0659M/s
BM_BUBBLE_SORT/8/1/iterations:1/repeats:50                    0.575 us        0.573 us            1 L1-dcache-loads=268 items_per_second=13.9616M/s
BM_BUBBLE_SORT/8/1/iterations:1/repeats:50                    0.492 us        0.491 us            1 L1-dcache-loads=267 items_per_second=16.2933M/s
BM_BUBBLE_SORT/8/1/iterations:1/repeats:50                    0.544 us        0.539 us            1 L1-dcache-loads=268 items_per_second=14.8423M/s
BM_BUBBLE_SORT/8/1/iterations:1/repeats:50                    0.493 us        0.506 us            1 L1-dcache-loads=268 items_per_second=15.8103M/s
BM_BUBBLE_SORT/8/1/iterations:1/repeats:50                    0.527 us        0.528 us            1 L1-dcache-loads=265 items_per_second=15.1515M/s
BM_BUBBLE_SORT/8/1/iterations:1/repeats:50                    0.497 us        0.502 us            1 L1-dcache-loads=268 items_per_second=15.9363M/s
BM_BUBBLE_SORT/8/1/iterations:1/repeats:50                    0.537 us        0.526 us            1 L1-dcache-loads=262 items_per_second=15.2091M/s
BM_BUBBLE_SORT/8/1/iterations:1/repeats:50                    0.543 us        0.541 us            1 L1-dcache-loads=262 items_per_second=14.7874M/s
BM_BUBBLE_SORT/8/1/iterations:1/repeats:50                    0.548 us        0.553 us            1 L1-dcache-loads=268 items_per_second=14.4665M/s
BM_BUBBLE_SORT/8/1/iterations:1/repeats:50                    0.471 us        0.471 us            1 L1-dcache-loads=258 items_per_second=16.9851M/s
BM_BUBBLE_SORT/8/1/iterations:1/repeats:50                    0.544 us        0.543 us            1 L1-dcache-loads=268 items_per_second=14.733M/s
BM_BUBBLE_SORT/8/1/iterations:1/repeats:50                    0.496 us        0.499 us            1 L1-dcache-loads=268 items_per_second=16.0321M/s
BM_BUBBLE_SORT/8/1/iterations:1/repeats:50                    0.477 us        0.477 us            1 L1-dcache-loads=262 items_per_second=16.7715M/s
BM_BUBBLE_SORT/8/1/iterations:1/repeats:50                    0.459 us        0.459 us            1 L1-dcache-loads=262 items_per_second=17.4292M/s
BM_BUBBLE_SORT/8/1/iterations:1/repeats:50                    0.518 us        0.518 us            1 L1-dcache-loads=268 items_per_second=15.444M/s
BM_BUBBLE_SORT/8/1/iterations:1/repeats:50                    0.495 us        0.496 us            1 L1-dcache-loads=262 items_per_second=16.129M/s
BM_BUBBLE_SORT/8/1/iterations:1/repeats:50                    0.511 us        0.512 us            1 L1-dcache-loads=268 items_per_second=15.625M/s
BM_BUBBLE_SORT/8/1/iterations:1/repeats:50                    0.571 us        0.571 us            1 L1-dcache-loads=267 items_per_second=14.0105M/s
BM_BUBBLE_SORT/8/1/iterations:1/repeats:50                    0.492 us        0.493 us            1 L1-dcache-loads=268 items_per_second=16.2272M/s
BM_BUBBLE_SORT/8/1/iterations:1/repeats:50                    0.504 us        0.503 us            1 L1-dcache-loads=265 items_per_second=15.9046M/s
BM_BUBBLE_SORT/8/1/iterations:1/repeats:50                    0.526 us        0.526 us            1 L1-dcache-loads=267 items_per_second=15.2091M/s
BM_BUBBLE_SORT/8/1/iterations:1/repeats:50                    0.519 us        0.519 us            1 L1-dcache-loads=268 items_per_second=15.4143M/s
BM_BUBBLE_SORT/8/1/iterations:1/repeats:50                    0.534 us        0.524 us            1 L1-dcache-loads=262 items_per_second=15.2672M/s
BM_BUBBLE_SORT/8/1/iterations:1/repeats:50                    0.487 us        0.485 us            1 L1-dcache-loads=268 items_per_second=16.4948M/s
BM_BUBBLE_SORT/8/1/iterations:1/repeats:50                    0.499 us        0.520 us            1 L1-dcache-loads=268 items_per_second=15.3846M/s
BM_BUBBLE_SORT/8/1/iterations:1/repeats:50                    0.512 us        0.511 us            1 L1-dcache-loads=268 items_per_second=15.6556M/s
BM_BUBBLE_SORT/8/1/iterations:1/repeats:50                    0.536 us        0.534 us            1 L1-dcache-loads=265 items_per_second=14.9813M/s
BM_BUBBLE_SORT/8/1/iterations:1/repeats:50                    0.498 us        0.487 us            1 L1-dcache-loads=267 items_per_second=16.4271M/s
BM_BUBBLE_SORT/8/1/iterations:1/repeats:50                    0.505 us        0.501 us            1 L1-dcache-loads=267 items_per_second=15.9681M/s
BM_BUBBLE_SORT/8/1/iterations:1/repeats:50                    0.496 us        0.496 us            1 L1-dcache-loads=268 items_per_second=16.129M/s
BM_BUBBLE_SORT/8/1/iterations:1/repeats:50                    0.562 us        0.560 us            1 L1-dcache-loads=268 items_per_second=14.2857M/s
BM_BUBBLE_SORT/8/1/iterations:1/repeats:50                    0.515 us        0.514 us            1 L1-dcache-loads=268 items_per_second=15.5642M/s
BM_BUBBLE_SORT/8/1/iterations:1/repeats:50                    0.480 us        0.481 us            1 L1-dcache-loads=262 items_per_second=16.632M/s
BM_BUBBLE_SORT/8/1/iterations:1/repeats:50                    0.497 us        0.495 us            1 L1-dcache-loads=262 items_per_second=16.1616M/s
BM_BUBBLE_SORT/8/1/iterations:1/repeats:50                    0.522 us        0.521 us            1 L1-dcache-loads=267 items_per_second=15.3551M/s
BM_BUBBLE_SORT/8/1/iterations:1/repeats:50                    0.507 us        0.513 us            1 L1-dcache-loads=268 items_per_second=15.5945M/s
BM_BUBBLE_SORT/8/1/iterations:1/repeats:50                    0.479 us        0.478 us            1 L1-dcache-loads=265 items_per_second=16.7364M/s
BM_BUBBLE_SORT/8/1/iterations:1/repeats:50                    0.478 us        0.477 us            1 L1-dcache-loads=268 items_per_second=16.7715M/s
BM_BUBBLE_SORT/8/1/iterations:1/repeats:50                    0.483 us        0.483 us            1 L1-dcache-loads=265 items_per_second=16.5631M/s
BM_BUBBLE_SORT/8/1/iterations:1/repeats:50_mean               0.515 us        0.515 us           50 L1-dcache-loads=266 items_per_second=15.6075M/s
BM_BUBBLE_SORT/8/1/iterations:1/repeats:50_median             0.507 us        0.511 us           50 L1-dcache-loads=267 items_per_second=15.6403M/s
BM_BUBBLE_SORT/8/1/iterations:1/repeats:50_stddev             0.037 us        0.035 us           50 L1-dcache-loads=2.53144 items_per_second=998.33k/s
BM_BUBBLE_SORT/8/1/iterations:1/repeats:50_cv                  7.23 %          6.74 %            50 L1-dcache-loads=0.95% items_per_second=6.40%
BM_BUBBLE_SORT/16/1/iterations:1/repeats:50                    1.05 us         1.04 us            1 L1-dcache-loads=512 items_per_second=15.3846M/s
BM_BUBBLE_SORT/16/1/iterations:1/repeats:50                    1.06 us         1.06 us            1 L1-dcache-loads=506 items_per_second=15.1086M/s
BM_BUBBLE_SORT/16/1/iterations:1/repeats:50                   0.998 us        0.996 us            1 L1-dcache-loads=511 items_per_second=16.0643M/s
BM_BUBBLE_SORT/16/1/iterations:1/repeats:50                   0.928 us        0.928 us            1 L1-dcache-loads=502 items_per_second=17.2414M/s
BM_BUBBLE_SORT/16/1/iterations:1/repeats:50                   0.943 us        0.943 us            1 L1-dcache-loads=511 items_per_second=16.9671M/s
BM_BUBBLE_SORT/16/1/iterations:1/repeats:50                    1.01 us         1.01 us            1 L1-dcache-loads=512 items_per_second=15.8416M/s
BM_BUBBLE_SORT/16/1/iterations:1/repeats:50                   0.855 us        0.853 us            1 L1-dcache-loads=467 items_per_second=18.7573M/s
BM_BUBBLE_SORT/16/1/iterations:1/repeats:50                    1.10 us         1.10 us            1 L1-dcache-loads=509 items_per_second=14.5852M/s
BM_BUBBLE_SORT/16/1/iterations:1/repeats:50                    1.01 us         1.01 us            1 L1-dcache-loads=509 items_per_second=15.8103M/s
BM_BUBBLE_SORT/16/1/iterations:1/repeats:50                    1.01 us         1.01 us            1 L1-dcache-loads=512 items_per_second=15.8103M/s
BM_BUBBLE_SORT/16/1/iterations:1/repeats:50                   0.963 us        0.963 us            1 L1-dcache-loads=506 items_per_second=16.6147M/s
BM_BUBBLE_SORT/16/1/iterations:1/repeats:50                    1.01 us         1.01 us            1 L1-dcache-loads=502 items_per_second=15.9204M/s
BM_BUBBLE_SORT/16/1/iterations:1/repeats:50                   0.954 us        0.955 us            1 L1-dcache-loads=506 items_per_second=16.7539M/s
BM_BUBBLE_SORT/16/1/iterations:1/repeats:50                   0.960 us        0.962 us            1 L1-dcache-loads=509 items_per_second=16.632M/s
BM_BUBBLE_SORT/16/1/iterations:1/repeats:50                   0.794 us        0.793 us            1 L1-dcache-loads=509 items_per_second=20.1765M/s
BM_BUBBLE_SORT/16/1/iterations:1/repeats:50                   0.982 us        0.981 us            1 L1-dcache-loads=509 items_per_second=16.3099M/s
BM_BUBBLE_SORT/16/1/iterations:1/repeats:50                    1.05 us         1.05 us            1 L1-dcache-loads=511 items_per_second=15.2964M/s
BM_BUBBLE_SORT/16/1/iterations:1/repeats:50                    1.11 us         1.11 us            1 L1-dcache-loads=511 items_per_second=14.4796M/s
BM_BUBBLE_SORT/16/1/iterations:1/repeats:50                   0.976 us        0.974 us            1 L1-dcache-loads=502 items_per_second=16.4271M/s
BM_BUBBLE_SORT/16/1/iterations:1/repeats:50                   0.843 us        0.843 us            1 L1-dcache-loads=491 items_per_second=18.9798M/s
BM_BUBBLE_SORT/16/1/iterations:1/repeats:50                   0.962 us        0.963 us            1 L1-dcache-loads=511 items_per_second=16.6147M/s
BM_BUBBLE_SORT/16/1/iterations:1/repeats:50                   0.993 us        0.996 us            1 L1-dcache-loads=511 items_per_second=16.0643M/s
BM_BUBBLE_SORT/16/1/iterations:1/repeats:50                   0.891 us        0.889 us            1 L1-dcache-loads=502 items_per_second=17.9978M/s
BM_BUBBLE_SORT/16/1/iterations:1/repeats:50                    1.00 us         1.00 us            1 L1-dcache-loads=511 items_per_second=16M/s
BM_BUBBLE_SORT/16/1/iterations:1/repeats:50                    1.01 us         1.01 us            1 L1-dcache-loads=511 items_per_second=15.8259M/s
BM_BUBBLE_SORT/16/1/iterations:1/repeats:50                   0.906 us        0.906 us            1 L1-dcache-loads=512 items_per_second=17.66M/s
BM_BUBBLE_SORT/16/1/iterations:1/repeats:50                   0.970 us        0.969 us            1 L1-dcache-loads=511 items_per_second=16.5119M/s
BM_BUBBLE_SORT/16/1/iterations:1/repeats:50                   0.958 us        0.958 us            1 L1-dcache-loads=506 items_per_second=16.7015M/s
BM_BUBBLE_SORT/16/1/iterations:1/repeats:50                    1.01 us         1.01 us            1 L1-dcache-loads=509 items_per_second=15.7947M/s
BM_BUBBLE_SORT/16/1/iterations:1/repeats:50                   0.950 us        0.950 us            1 L1-dcache-loads=512 items_per_second=16.8421M/s
BM_BUBBLE_SORT/16/1/iterations:1/repeats:50                   0.924 us        0.922 us            1 L1-dcache-loads=512 items_per_second=17.3536M/s
BM_BUBBLE_SORT/16/1/iterations:1/repeats:50                    1.06 us         1.06 us            1 L1-dcache-loads=506 items_per_second=15.1086M/s
BM_BUBBLE_SORT/16/1/iterations:1/repeats:50                    1.02 us         1.02 us            1 L1-dcache-loads=506 items_per_second=15.6403M/s
BM_BUBBLE_SORT/16/1/iterations:1/repeats:50                    1.02 us         1.02 us            1 L1-dcache-loads=506 items_per_second=15.7325M/s
BM_BUBBLE_SORT/16/1/iterations:1/repeats:50                    1.06 us         1.06 us            1 L1-dcache-loads=512 items_per_second=15.0659M/s
BM_BUBBLE_SORT/16/1/iterations:1/repeats:50                    1.07 us         1.06 us            1 L1-dcache-loads=509 items_per_second=15.1229M/s
BM_BUBBLE_SORT/16/1/iterations:1/repeats:50                   0.953 us        0.949 us            1 L1-dcache-loads=512 items_per_second=16.8599M/s
BM_BUBBLE_SORT/16/1/iterations:1/repeats:50                    1.00 us         1.00 us            1 L1-dcache-loads=509 items_per_second=15.9204M/s
BM_BUBBLE_SORT/16/1/iterations:1/repeats:50                    1.10 us         1.10 us            1 L1-dcache-loads=509 items_per_second=14.5852M/s
BM_BUBBLE_SORT/16/1/iterations:1/repeats:50                   0.925 us        0.925 us            1 L1-dcache-loads=506 items_per_second=17.2973M/s
BM_BUBBLE_SORT/16/1/iterations:1/repeats:50                   0.965 us        0.971 us            1 L1-dcache-loads=512 items_per_second=16.4779M/s
BM_BUBBLE_SORT/16/1/iterations:1/repeats:50                   0.910 us        0.909 us            1 L1-dcache-loads=497 items_per_second=17.6018M/s
BM_BUBBLE_SORT/16/1/iterations:1/repeats:50                   0.968 us        0.969 us            1 L1-dcache-loads=502 items_per_second=16.5119M/s
BM_BUBBLE_SORT/16/1/iterations:1/repeats:50                    1.02 us         1.02 us            1 L1-dcache-loads=511 items_per_second=15.625M/s
BM_BUBBLE_SORT/16/1/iterations:1/repeats:50                   0.823 us        0.822 us            1 L1-dcache-loads=491 items_per_second=19.4647M/s
BM_BUBBLE_SORT/16/1/iterations:1/repeats:50                   0.799 us        0.799 us            1 L1-dcache-loads=491 items_per_second=20.025M/s
BM_BUBBLE_SORT/16/1/iterations:1/repeats:50                   0.971 us        0.969 us            1 L1-dcache-loads=491 items_per_second=16.5119M/s
BM_BUBBLE_SORT/16/1/iterations:1/repeats:50                   0.922 us        0.921 us            1 L1-dcache-loads=511 items_per_second=17.3724M/s
BM_BUBBLE_SORT/16/1/iterations:1/repeats:50                   0.952 us        0.951 us            1 L1-dcache-loads=506 items_per_second=16.8244M/s
BM_BUBBLE_SORT/16/1/iterations:1/repeats:50                   0.891 us        0.890 us            1 L1-dcache-loads=502 items_per_second=17.9775M/s
BM_BUBBLE_SORT/16/1/iterations:1/repeats:50_mean              0.972 us        0.971 us           50 L1-dcache-loads=506.08 items_per_second=16.5651M/s
BM_BUBBLE_SORT/16/1/iterations:1/repeats:50_median            0.970 us        0.970 us           50 L1-dcache-loads=509 items_per_second=16.4949M/s
BM_BUBBLE_SORT/16/1/iterations:1/repeats:50_stddev            0.073 us        0.073 us           50 L1-dcache-loads=8.17872 items_per_second=1.30816M/s
BM_BUBBLE_SORT/16/1/iterations:1/repeats:50_cv                 7.49 %          7.48 %            50 L1-dcache-loads=1.62% items_per_second=7.90%
BM_BUBBLE_SORT/32/1/iterations:1/repeats:50                    2.54 us         2.52 us            1 L1-dcache-loads=1.177k items_per_second=12.6984M/s
BM_BUBBLE_SORT/32/1/iterations:1/repeats:50                    2.47 us         2.45 us            1 L1-dcache-loads=1.192k items_per_second=13.0559M/s
BM_BUBBLE_SORT/32/1/iterations:1/repeats:50                    2.73 us         2.73 us            1 L1-dcache-loads=1.186k items_per_second=11.7345M/s
BM_BUBBLE_SORT/32/1/iterations:1/repeats:50                    2.46 us         2.46 us            1 L1-dcache-loads=1.189k items_per_second=12.9817M/s
BM_BUBBLE_SORT/32/1/iterations:1/repeats:50                    2.34 us         2.34 us            1 L1-dcache-loads=1.192k items_per_second=13.6635M/s
BM_BUBBLE_SORT/32/1/iterations:1/repeats:50                    2.54 us         2.53 us            1 L1-dcache-loads=1.164k items_per_second=12.6582M/s
BM_BUBBLE_SORT/32/1/iterations:1/repeats:50                    2.38 us         2.37 us            1 L1-dcache-loads=1.171k items_per_second=13.4794M/s
BM_BUBBLE_SORT/32/1/iterations:1/repeats:50                    2.59 us         2.58 us            1 L1-dcache-loads=1.192k items_per_second=12.3983M/s
BM_BUBBLE_SORT/32/1/iterations:1/repeats:50                    2.19 us         2.19 us            1 L1-dcache-loads=1.147k items_per_second=14.6319M/s
BM_BUBBLE_SORT/32/1/iterations:1/repeats:50                    2.19 us         2.19 us            1 L1-dcache-loads=1.171k items_per_second=14.6185M/s
BM_BUBBLE_SORT/32/1/iterations:1/repeats:50                    2.46 us         2.47 us            1 L1-dcache-loads=1.186k items_per_second=12.9345M/s
BM_BUBBLE_SORT/32/1/iterations:1/repeats:50                    2.63 us         2.63 us            1 L1-dcache-loads=1.164k items_per_second=12.1905M/s
BM_BUBBLE_SORT/32/1/iterations:1/repeats:50                    2.72 us         2.72 us            1 L1-dcache-loads=1.171k items_per_second=11.7604M/s
BM_BUBBLE_SORT/32/1/iterations:1/repeats:50                    2.64 us         2.64 us            1 L1-dcache-loads=1.171k items_per_second=12.112M/s
BM_BUBBLE_SORT/32/1/iterations:1/repeats:50                    2.31 us         2.31 us            1 L1-dcache-loads=1.126k items_per_second=13.8289M/s
BM_BUBBLE_SORT/32/1/iterations:1/repeats:50                    2.47 us         2.47 us            1 L1-dcache-loads=1.171k items_per_second=12.945M/s
BM_BUBBLE_SORT/32/1/iterations:1/repeats:50                    2.80 us         2.80 us            1 L1-dcache-loads=1.177k items_per_second=11.4204M/s
BM_BUBBLE_SORT/32/1/iterations:1/repeats:50                    2.66 us         2.66 us            1 L1-dcache-loads=1.156k items_per_second=12.0301M/s
BM_BUBBLE_SORT/32/1/iterations:1/repeats:50                    2.61 us         2.61 us            1 L1-dcache-loads=1.182k items_per_second=12.2746M/s
BM_BUBBLE_SORT/32/1/iterations:1/repeats:50                    2.50 us         2.50 us            1 L1-dcache-loads=1.182k items_per_second=12.7796M/s
BM_BUBBLE_SORT/32/1/iterations:1/repeats:50                    2.57 us         2.57 us            1 L1-dcache-loads=1.171k items_per_second=12.4465M/s
BM_BUBBLE_SORT/32/1/iterations:1/repeats:50                    2.57 us         2.57 us            1 L1-dcache-loads=1.182k items_per_second=12.4611M/s
BM_BUBBLE_SORT/32/1/iterations:1/repeats:50                    2.39 us         2.38 us            1 L1-dcache-loads=1.177k items_per_second=13.4341M/s
BM_BUBBLE_SORT/32/1/iterations:1/repeats:50                    2.49 us         2.49 us            1 L1-dcache-loads=1.171k items_per_second=12.8411M/s
BM_BUBBLE_SORT/32/1/iterations:1/repeats:50                    2.56 us         2.57 us            1 L1-dcache-loads=1.186k items_per_second=12.4659M/s
BM_BUBBLE_SORT/32/1/iterations:1/repeats:50                    2.40 us         2.41 us            1 L1-dcache-loads=1.189k items_per_second=13.3056M/s
BM_BUBBLE_SORT/32/1/iterations:1/repeats:50                    2.65 us         2.66 us            1 L1-dcache-loads=1.192k items_per_second=12.0482M/s
BM_BUBBLE_SORT/32/1/iterations:1/repeats:50                    2.66 us         2.66 us            1 L1-dcache-loads=1.177k items_per_second=12.0256M/s
BM_BUBBLE_SORT/32/1/iterations:1/repeats:50                    2.47 us         2.47 us            1 L1-dcache-loads=1.186k items_per_second=12.9607M/s
BM_BUBBLE_SORT/32/1/iterations:1/repeats:50                    2.28 us         2.28 us            1 L1-dcache-loads=1.164k items_per_second=14.0166M/s
BM_BUBBLE_SORT/32/1/iterations:1/repeats:50                    2.33 us         2.33 us            1 L1-dcache-loads=1.186k items_per_second=13.7339M/s
BM_BUBBLE_SORT/32/1/iterations:1/repeats:50                    2.33 us         2.33 us            1 L1-dcache-loads=1.171k items_per_second=13.7162M/s
BM_BUBBLE_SORT/32/1/iterations:1/repeats:50                    2.70 us         2.70 us            1 L1-dcache-loads=1.182k items_per_second=11.8562M/s
BM_BUBBLE_SORT/32/1/iterations:1/repeats:50                    2.44 us         2.44 us            1 L1-dcache-loads=1.177k items_per_second=13.1363M/s
BM_BUBBLE_SORT/32/1/iterations:1/repeats:50                    2.77 us         2.77 us            1 L1-dcache-loads=1.192k items_per_second=11.5523M/s
BM_BUBBLE_SORT/32/1/iterations:1/repeats:50                    2.93 us         2.93 us            1 L1-dcache-loads=1.191k items_per_second=10.9029M/s
BM_BUBBLE_SORT/32/1/iterations:1/repeats:50                    2.55 us         2.55 us            1 L1-dcache-loads=1.171k items_per_second=12.5589M/s
BM_BUBBLE_SORT/32/1/iterations:1/repeats:50                    2.30 us         2.30 us            1 L1-dcache-loads=1.192k items_per_second=13.9191M/s
BM_BUBBLE_SORT/32/1/iterations:1/repeats:50                    2.44 us         2.44 us            1 L1-dcache-loads=1.186k items_per_second=13.1363M/s
BM_BUBBLE_SORT/32/1/iterations:1/repeats:50                    2.30 us         2.30 us            1 L1-dcache-loads=1.171k items_per_second=13.8889M/s
BM_BUBBLE_SORT/32/1/iterations:1/repeats:50                    2.40 us         2.40 us            1 L1-dcache-loads=1.137k items_per_second=13.3389M/s
BM_BUBBLE_SORT/32/1/iterations:1/repeats:50                    2.27 us         2.27 us            1 L1-dcache-loads=1.164k items_per_second=14.1031M/s
BM_BUBBLE_SORT/32/1/iterations:1/repeats:50                    2.64 us         2.64 us            1 L1-dcache-loads=1.189k items_per_second=12.112M/s
BM_BUBBLE_SORT/32/1/iterations:1/repeats:50                    2.18 us         2.19 us            1 L1-dcache-loads=1.137k items_per_second=14.6252M/s
BM_BUBBLE_SORT/32/1/iterations:1/repeats:50                    2.38 us         2.37 us            1 L1-dcache-loads=1.186k items_per_second=13.5135M/s
BM_BUBBLE_SORT/32/1/iterations:1/repeats:50                    2.59 us         2.59 us            1 L1-dcache-loads=1.191k items_per_second=12.3743M/s
BM_BUBBLE_SORT/32/1/iterations:1/repeats:50                    2.47 us         2.48 us            1 L1-dcache-loads=1.186k items_per_second=12.9241M/s
BM_BUBBLE_SORT/32/1/iterations:1/repeats:50                    2.04 us         2.07 us            1 L1-dcache-loads=1.182k items_per_second=15.4814M/s
BM_BUBBLE_SORT/32/1/iterations:1/repeats:50                    2.59 us         2.60 us            1 L1-dcache-loads=1.186k items_per_second=12.2935M/s
BM_BUBBLE_SORT/32/1/iterations:1/repeats:50                    2.43 us         2.43 us            1 L1-dcache-loads=1.156k items_per_second=13.1579M/s
BM_BUBBLE_SORT/32/1/iterations:1/repeats:50_mean               2.49 us         2.49 us           50 L1-dcache-loads=1.1759k items_per_second=12.9305M/s
BM_BUBBLE_SORT/32/1/iterations:1/repeats:50_median             2.47 us         2.47 us           50 L1-dcache-loads=1.1795k items_per_second=12.9293M/s
BM_BUBBLE_SORT/32/1/iterations:1/repeats:50_stddev            0.178 us        0.177 us           50 L1-dcache-loads=15.3772 items_per_second=931.043k/s
BM_BUBBLE_SORT/32/1/iterations:1/repeats:50_cv                 7.16 %          7.11 %            50 L1-dcache-loads=1.31% items_per_second=7.20%
BM_BUBBLE_SORT/64/1/iterations:1/repeats:50                    7.63 us         7.61 us            1 L1-dcache-loads=3.184k items_per_second=8.40667M/s
BM_BUBBLE_SORT/64/1/iterations:1/repeats:50                    7.70 us         7.70 us            1 L1-dcache-loads=3.292k items_per_second=8.31169M/s
BM_BUBBLE_SORT/64/1/iterations:1/repeats:50                    8.31 us         8.31 us            1 L1-dcache-loads=3.32k items_per_second=7.69879M/s
BM_BUBBLE_SORT/64/1/iterations:1/repeats:50                    7.61 us         7.61 us            1 L1-dcache-loads=3.305k items_per_second=8.4133M/s
BM_BUBBLE_SORT/64/1/iterations:1/repeats:50                    7.73 us         7.73 us            1 L1-dcache-loads=3.319k items_per_second=8.28265M/s
BM_BUBBLE_SORT/64/1/iterations:1/repeats:50                    8.01 us         8.01 us            1 L1-dcache-loads=3.299k items_per_second=7.98602M/s
BM_BUBBLE_SORT/64/1/iterations:1/repeats:50                    7.78 us         7.78 us            1 L1-dcache-loads=3.265k items_per_second=8.22834M/s
BM_BUBBLE_SORT/64/1/iterations:1/repeats:50                    7.07 us         7.06 us            1 L1-dcache-loads=3.254k items_per_second=9.05874M/s
BM_BUBBLE_SORT/64/1/iterations:1/repeats:50                    7.72 us         7.72 us            1 L1-dcache-loads=3.265k items_per_second=8.28586M/s
BM_BUBBLE_SORT/64/1/iterations:1/repeats:50                    7.89 us         7.89 us            1 L1-dcache-loads=3.215k items_per_second=8.11256M/s
BM_BUBBLE_SORT/64/1/iterations:1/repeats:50                    7.50 us         7.50 us            1 L1-dcache-loads=3.265k items_per_second=8.52992M/s
BM_BUBBLE_SORT/64/1/iterations:1/repeats:50                    7.28 us         7.28 us            1 L1-dcache-loads=3.299k items_per_second=8.78879M/s
BM_BUBBLE_SORT/64/1/iterations:1/repeats:50                    6.92 us         6.92 us            1 L1-dcache-loads=3.254k items_per_second=9.24855M/s
BM_BUBBLE_SORT/64/1/iterations:1/repeats:50                    6.78 us         6.78 us            1 L1-dcache-loads=3.2k items_per_second=9.44231M/s
BM_BUBBLE_SORT/64/1/iterations:1/repeats:50                    6.95 us         6.95 us            1 L1-dcache-loads=3.242k items_per_second=9.20996M/s
BM_BUBBLE_SORT/64/1/iterations:1/repeats:50                    6.52 us         6.52 us            1 L1-dcache-loads=3.284k items_per_second=9.80843M/s
BM_BUBBLE_SORT/64/1/iterations:1/repeats:50                    6.95 us         6.96 us            1 L1-dcache-loads=3.292k items_per_second=9.20069M/s
BM_BUBBLE_SORT/64/1/iterations:1/repeats:50                    7.38 us         7.38 us            1 L1-dcache-loads=3.292k items_per_second=8.67326M/s
BM_BUBBLE_SORT/64/1/iterations:1/repeats:50                    7.80 us         7.80 us            1 L1-dcache-loads=3.319k items_per_second=8.20829M/s
BM_BUBBLE_SORT/64/1/iterations:1/repeats:50                    7.42 us         7.42 us            1 L1-dcache-loads=3.284k items_per_second=8.62766M/s
BM_BUBBLE_SORT/64/1/iterations:1/repeats:50                    8.21 us         8.21 us            1 L1-dcache-loads=3.305k items_per_second=7.79347M/s
BM_BUBBLE_SORT/64/1/iterations:1/repeats:50                    6.95 us         6.95 us            1 L1-dcache-loads=3.284k items_per_second=9.21394M/s
BM_BUBBLE_SORT/64/1/iterations:1/repeats:50                    7.31 us         7.30 us            1 L1-dcache-loads=3.265k items_per_second=8.77073M/s
BM_BUBBLE_SORT/64/1/iterations:1/repeats:50                    8.16 us         8.16 us            1 L1-dcache-loads=3.317k items_per_second=7.8441M/s
BM_BUBBLE_SORT/64/1/iterations:1/repeats:50                    7.76 us         7.76 us            1 L1-dcache-loads=3.229k items_per_second=8.24955M/s
BM_BUBBLE_SORT/64/1/iterations:1/repeats:50                    7.16 us         7.17 us            1 L1-dcache-loads=3.292k items_per_second=8.92359M/s
BM_BUBBLE_SORT/64/1/iterations:1/repeats:50                    7.66 us         7.67 us            1 L1-dcache-loads=3.229k items_per_second=8.34855M/s
BM_BUBBLE_SORT/64/1/iterations:1/repeats:50                    6.68 us         6.67 us            1 L1-dcache-loads=3.299k items_per_second=9.58801M/s
BM_BUBBLE_SORT/64/1/iterations:1/repeats:50                    8.07 us         8.07 us            1 L1-dcache-loads=3.275k items_per_second=7.92864M/s
BM_BUBBLE_SORT/64/1/iterations:1/repeats:50                    7.56 us         7.56 us            1 L1-dcache-loads=3.284k items_per_second=8.47009M/s
BM_BUBBLE_SORT/64/1/iterations:1/repeats:50                    7.78 us         7.78 us            1 L1-dcache-loads=3.317k items_per_second=8.22728M/s
BM_BUBBLE_SORT/64/1/iterations:1/repeats:50                    8.06 us         8.06 us            1 L1-dcache-loads=3.317k items_per_second=7.93848M/s
BM_BUBBLE_SORT/64/1/iterations:1/repeats:50                    8.34 us         8.34 us            1 L1-dcache-loads=3.265k items_per_second=7.67478M/s
BM_BUBBLE_SORT/64/1/iterations:1/repeats:50                    8.57 us         8.55 us            1 L1-dcache-loads=3.32k items_per_second=7.48188M/s
BM_BUBBLE_SORT/64/1/iterations:1/repeats:50                    7.40 us         7.40 us            1 L1-dcache-loads=3.265k items_per_second=8.64281M/s
BM_BUBBLE_SORT/64/1/iterations:1/repeats:50                    8.55 us         8.55 us            1 L1-dcache-loads=3.254k items_per_second=7.48976M/s
BM_BUBBLE_SORT/64/1/iterations:1/repeats:50                    7.08 us         7.08 us            1 L1-dcache-loads=3.292k items_per_second=9.03444M/s
BM_BUBBLE_SORT/64/1/iterations:1/repeats:50                    7.04 us         7.04 us            1 L1-dcache-loads=3.32k items_per_second=9.09349M/s
BM_BUBBLE_SORT/64/1/iterations:1/repeats:50                    7.04 us         7.04 us            1 L1-dcache-loads=3.299k items_per_second=9.09091M/s
BM_BUBBLE_SORT/64/1/iterations:1/repeats:50                    7.30 us         7.30 us            1 L1-dcache-loads=3.299k items_per_second=8.76592M/s
BM_BUBBLE_SORT/64/1/iterations:1/repeats:50                    7.76 us         7.76 us            1 L1-dcache-loads=3.314k items_per_second=8.24849M/s
BM_BUBBLE_SORT/64/1/iterations:1/repeats:50                    8.08 us         8.07 us            1 L1-dcache-loads=3.305k items_per_second=7.92668M/s
BM_BUBBLE_SORT/64/1/iterations:1/repeats:50                    7.94 us         7.94 us            1 L1-dcache-loads=3.254k items_per_second=8.06147M/s
BM_BUBBLE_SORT/64/1/iterations:1/repeats:50                    6.84 us         6.84 us            1 L1-dcache-loads=3.319k items_per_second=9.35809M/s
BM_BUBBLE_SORT/64/1/iterations:1/repeats:50                    7.76 us         7.76 us            1 L1-dcache-loads=3.242k items_per_second=8.24849M/s
BM_BUBBLE_SORT/64/1/iterations:1/repeats:50                    7.00 us         7.00 us            1 L1-dcache-loads=3.242k items_per_second=9.14678M/s
BM_BUBBLE_SORT/64/1/iterations:1/repeats:50                    7.68 us         7.68 us            1 L1-dcache-loads=3.184k items_per_second=8.33768M/s
BM_BUBBLE_SORT/64/1/iterations:1/repeats:50                    6.69 us         6.70 us            1 L1-dcache-loads=3.275k items_per_second=9.55937M/s
BM_BUBBLE_SORT/64/1/iterations:1/repeats:50                    8.14 us         8.16 us            1 L1-dcache-loads=3.265k items_per_second=7.84698M/s
BM_BUBBLE_SORT/64/1/iterations:1/repeats:50                    7.34 us         7.35 us            1 L1-dcache-loads=3.13k items_per_second=8.71341M/s
BM_BUBBLE_SORT/64/1/iterations:1/repeats:50_mean               7.54 us         7.54 us           50 L1-dcache-loads=3.27412k items_per_second=8.53081M/s
BM_BUBBLE_SORT/64/1/iterations:1/repeats:50_median             7.62 us         7.61 us           50 L1-dcache-loads=3.284k items_per_second=8.40999M/s
BM_BUBBLE_SORT/64/1/iterations:1/repeats:50_stddev            0.514 us        0.514 us           50 L1-dcache-loads=41.1025 items_per_second=586.026k/s
BM_BUBBLE_SORT/64/1/iterations:1/repeats:50_cv                 6.82 %          6.82 %            50 L1-dcache-loads=1.26% items_per_second=6.87%
BM_BUBBLE_SORT/128/1/iterations:1/repeats:50                   26.5 us         26.5 us            1 L1-dcache-loads=10.612k items_per_second=4.82364M/s
BM_BUBBLE_SORT/128/1/iterations:1/repeats:50                   26.3 us         26.3 us            1 L1-dcache-loads=10.642k items_per_second=4.86637M/s
BM_BUBBLE_SORT/128/1/iterations:1/repeats:50                   27.3 us         27.3 us            1 L1-dcache-loads=10.593k items_per_second=4.69157M/s
BM_BUBBLE_SORT/128/1/iterations:1/repeats:50                   24.4 us         24.4 us            1 L1-dcache-loads=10.603k items_per_second=5.25495M/s
BM_BUBBLE_SORT/128/1/iterations:1/repeats:50                   23.9 us         23.9 us            1 L1-dcache-loads=10.395k items_per_second=5.35924M/s
BM_BUBBLE_SORT/128/1/iterations:1/repeats:50                   26.0 us         26.0 us            1 L1-dcache-loads=10.638k items_per_second=4.92156M/s
BM_BUBBLE_SORT/128/1/iterations:1/repeats:50                   26.6 us         26.6 us            1 L1-dcache-loads=10.582k items_per_second=4.82055M/s
BM_BUBBLE_SORT/128/1/iterations:1/repeats:50                   26.7 us         26.7 us            1 L1-dcache-loads=10.582k items_per_second=4.78719M/s
BM_BUBBLE_SORT/128/1/iterations:1/repeats:50                   25.8 us         25.8 us            1 L1-dcache-loads=10.438k items_per_second=4.9526M/s
BM_BUBBLE_SORT/128/1/iterations:1/repeats:50                   22.8 us         22.8 us            1 L1-dcache-loads=10.62k items_per_second=5.60936M/s
BM_BUBBLE_SORT/128/1/iterations:1/repeats:50                   25.3 us         25.3 us            1 L1-dcache-loads=10.417k items_per_second=5.05529M/s
BM_BUBBLE_SORT/128/1/iterations:1/repeats:50                   24.5 us         24.5 us            1 L1-dcache-loads=10.348k items_per_second=5.23325M/s
BM_BUBBLE_SORT/128/1/iterations:1/repeats:50                   24.5 us         24.5 us            1 L1-dcache-loads=10.633k items_per_second=5.22364M/s
BM_BUBBLE_SORT/128/1/iterations:1/repeats:50                   26.5 us         26.5 us            1 L1-dcache-loads=10.627k items_per_second=4.82636M/s
BM_BUBBLE_SORT/128/1/iterations:1/repeats:50                   25.3 us         25.3 us            1 L1-dcache-loads=10.62k items_per_second=5.06449M/s
BM_BUBBLE_SORT/128/1/iterations:1/repeats:50                   25.8 us         25.8 us            1 L1-dcache-loads=10.477k items_per_second=4.96817M/s
BM_BUBBLE_SORT/128/1/iterations:1/repeats:50                   26.7 us         26.7 us            1 L1-dcache-loads=10.57k items_per_second=4.79114M/s
BM_BUBBLE_SORT/128/1/iterations:1/repeats:50                   24.9 us         24.9 us            1 L1-dcache-loads=10.57k items_per_second=5.13747M/s
BM_BUBBLE_SORT/128/1/iterations:1/repeats:50                   24.8 us         24.8 us            1 L1-dcache-loads=10.512k items_per_second=5.16712M/s
BM_BUBBLE_SORT/128/1/iterations:1/repeats:50                   26.2 us         26.2 us            1 L1-dcache-loads=10.57k items_per_second=4.89222M/s
BM_BUBBLE_SORT/128/1/iterations:1/repeats:50                   26.2 us         26.2 us            1 L1-dcache-loads=10.612k items_per_second=4.884M/s
BM_BUBBLE_SORT/128/1/iterations:1/repeats:50                   26.9 us         26.9 us            1 L1-dcache-loads=10.543k items_per_second=4.75907M/s
BM_BUBBLE_SORT/128/1/iterations:1/repeats:50                   24.0 us         24.0 us            1 L1-dcache-loads=10.633k items_per_second=5.34424M/s
BM_BUBBLE_SORT/128/1/iterations:1/repeats:50                   24.8 us         24.8 us            1 L1-dcache-loads=10.543k items_per_second=5.15505M/s
BM_BUBBLE_SORT/128/1/iterations:1/repeats:50                   26.6 us         26.6 us            1 L1-dcache-loads=10.57k items_per_second=4.81982M/s
BM_BUBBLE_SORT/128/1/iterations:1/repeats:50                   25.0 us         25.0 us            1 L1-dcache-loads=10.612k items_per_second=5.12184M/s
BM_BUBBLE_SORT/128/1/iterations:1/repeats:50                   25.6 us         25.6 us            1 L1-dcache-loads=10.557k items_per_second=5.00039M/s
BM_BUBBLE_SORT/128/1/iterations:1/repeats:50                   27.2 us         27.2 us            1 L1-dcache-loads=10.633k items_per_second=4.69949M/s
BM_BUBBLE_SORT/128/1/iterations:1/repeats:50                   24.8 us         24.8 us            1 L1-dcache-loads=10.648k items_per_second=5.17088M/s
BM_BUBBLE_SORT/128/1/iterations:1/repeats:50                   24.4 us         24.4 us            1 L1-dcache-loads=10.438k items_per_second=5.24784M/s
BM_BUBBLE_SORT/128/1/iterations:1/repeats:50                   26.2 us         26.2 us            1 L1-dcache-loads=10.638k items_per_second=4.87991M/s
BM_BUBBLE_SORT/128/1/iterations:1/repeats:50                   25.5 us         25.5 us            1 L1-dcache-loads=10.647k items_per_second=5.01685M/s
BM_BUBBLE_SORT/128/1/iterations:1/repeats:50                   25.7 us         25.7 us            1 L1-dcache-loads=10.627k items_per_second=4.98792M/s
BM_BUBBLE_SORT/128/1/iterations:1/repeats:50                   28.2 us         28.2 us            1 L1-dcache-loads=10.582k items_per_second=4.54271M/s
BM_BUBBLE_SORT/128/1/iterations:1/repeats:50                   27.5 us         27.5 us            1 L1-dcache-loads=10.612k items_per_second=4.65336M/s
BM_BUBBLE_SORT/128/1/iterations:1/repeats:50                   28.5 us         28.5 us            1 L1-dcache-loads=10.594k items_per_second=4.48651M/s
BM_BUBBLE_SORT/128/1/iterations:1/repeats:50                   26.1 us         26.1 us            1 L1-dcache-loads=10.62k items_per_second=4.9108M/s
BM_BUBBLE_SORT/128/1/iterations:1/repeats:50                   25.5 us         25.5 us            1 L1-dcache-loads=10.543k items_per_second=5.01843M/s
BM_BUBBLE_SORT/128/1/iterations:1/repeats:50                   26.2 us         26.2 us            1 L1-dcache-loads=10.582k items_per_second=4.88214M/s
BM_BUBBLE_SORT/128/1/iterations:1/repeats:50                   25.6 us         25.6 us            1 L1-dcache-loads=10.477k items_per_second=4.99123M/s
BM_BUBBLE_SORT/128/1/iterations:1/repeats:50                   24.9 us         24.9 us            1 L1-dcache-loads=10.582k items_per_second=5.14676M/s
BM_BUBBLE_SORT/128/1/iterations:1/repeats:50                   24.1 us         24.1 us            1 L1-dcache-loads=10.528k items_per_second=5.30944M/s
BM_BUBBLE_SORT/128/1/iterations:1/repeats:50                   25.7 us         25.7 us            1 L1-dcache-loads=10.62k items_per_second=4.97783M/s
BM_BUBBLE_SORT/128/1/iterations:1/repeats:50                   26.6 us         26.6 us            1 L1-dcache-loads=10.62k items_per_second=4.81873M/s
BM_BUBBLE_SORT/128/1/iterations:1/repeats:50                   26.2 us         26.2 us            1 L1-dcache-loads=10.582k items_per_second=4.87805M/s
BM_BUBBLE_SORT/128/1/iterations:1/repeats:50                   25.0 us         25.0 us            1 L1-dcache-loads=10.582k items_per_second=5.1198M/s
BM_BUBBLE_SORT/128/1/iterations:1/repeats:50                   26.7 us         26.7 us            1 L1-dcache-loads=10.543k items_per_second=4.79455M/s
BM_BUBBLE_SORT/128/1/iterations:1/repeats:50                   27.5 us         27.5 us            1 L1-dcache-loads=10.642k items_per_second=4.65641M/s
BM_BUBBLE_SORT/128/1/iterations:1/repeats:50                   25.6 us         25.6 us            1 L1-dcache-loads=10.458k items_per_second=4.99551M/s
BM_BUBBLE_SORT/128/1/iterations:1/repeats:50                   25.8 us         25.8 us            1 L1-dcache-loads=10.603k items_per_second=4.96875M/s
BM_BUBBLE_SORT/128/1/iterations:1/repeats:50_mean              25.8 us         25.8 us           50 L1-dcache-loads=10.5704k items_per_second=4.97369M/s
BM_BUBBLE_SORT/128/1/iterations:1/repeats:50_median            25.8 us         25.8 us           50 L1-dcache-loads=10.582k items_per_second=4.96846M/s
BM_BUBBLE_SORT/128/1/iterations:1/repeats:50_stddev            1.14 us         1.14 us           50 L1-dcache-loads=71.442 items_per_second=222.192k/s
BM_BUBBLE_SORT/128/1/iterations:1/repeats:50_cv                4.44 %          4.43 %            50 L1-dcache-loads=0.68% items_per_second=4.47%
BM_BUBBLE_SORT/256/1/iterations:1/repeats:50                   90.0 us         90.0 us            1 L1-dcache-loads=37.592k items_per_second=2.84384M/s
BM_BUBBLE_SORT/256/1/iterations:1/repeats:50                   94.9 us         94.9 us            1 L1-dcache-loads=37.064k items_per_second=2.69769M/s
BM_BUBBLE_SORT/256/1/iterations:1/repeats:50                   97.4 us         97.4 us            1 L1-dcache-loads=37.439k items_per_second=2.6272M/s
BM_BUBBLE_SORT/256/1/iterations:1/repeats:50                   85.7 us         85.7 us            1 L1-dcache-loads=37.292k items_per_second=2.98786M/s
BM_BUBBLE_SORT/256/1/iterations:1/repeats:50                   91.9 us         91.9 us            1 L1-dcache-loads=37.317k items_per_second=2.78715M/s
BM_BUBBLE_SORT/256/1/iterations:1/repeats:50                   90.0 us         90.0 us            1 L1-dcache-loads=37.582k items_per_second=2.84302M/s
BM_BUBBLE_SORT/256/1/iterations:1/repeats:50                   87.8 us         87.8 us            1 L1-dcache-loads=37.402k items_per_second=2.91681M/s
BM_BUBBLE_SORT/256/1/iterations:1/repeats:50                   96.2 us         96.2 us            1 L1-dcache-loads=37.186k items_per_second=2.6598M/s
BM_BUBBLE_SORT/256/1/iterations:1/repeats:50                   91.4 us         91.4 us            1 L1-dcache-loads=37.157k items_per_second=2.80066M/s
BM_BUBBLE_SORT/256/1/iterations:1/repeats:50                   87.7 us         87.7 us            1 L1-dcache-loads=37.186k items_per_second=2.91904M/s
BM_BUBBLE_SORT/256/1/iterations:1/repeats:50                   90.8 us         90.8 us            1 L1-dcache-loads=37.064k items_per_second=2.81979M/s
BM_BUBBLE_SORT/256/1/iterations:1/repeats:50                   90.9 us         90.9 us            1 L1-dcache-loads=36.731k items_per_second=2.81634M/s
BM_BUBBLE_SORT/256/1/iterations:1/repeats:50                   88.7 us         88.7 us            1 L1-dcache-loads=37.514k items_per_second=2.88512M/s
BM_BUBBLE_SORT/256/1/iterations:1/repeats:50                   89.8 us         89.9 us            1 L1-dcache-loads=37.586k items_per_second=2.84907M/s
BM_BUBBLE_SORT/256/1/iterations:1/repeats:50                   94.0 us         94.0 us            1 L1-dcache-loads=37.473k items_per_second=2.72453M/s
BM_BUBBLE_SORT/256/1/iterations:1/repeats:50                   94.4 us         94.4 us            1 L1-dcache-loads=37.316k items_per_second=2.71095M/s
BM_BUBBLE_SORT/256/1/iterations:1/repeats:50                   96.8 us         96.8 us            1 L1-dcache-loads=36.997k items_per_second=2.64558M/s
BM_BUBBLE_SORT/256/1/iterations:1/repeats:50                   97.2 us         97.2 us            1 L1-dcache-loads=37.564k items_per_second=2.63266M/s
BM_BUBBLE_SORT/256/1/iterations:1/repeats:50                    105 us          105 us            1 L1-dcache-loads=37.421k items_per_second=2.43159M/s
BM_BUBBLE_SORT/256/1/iterations:1/repeats:50                   90.4 us         90.4 us            1 L1-dcache-loads=37.526k items_per_second=2.83255M/s
BM_BUBBLE_SORT/256/1/iterations:1/repeats:50                   89.6 us         89.6 us            1 L1-dcache-loads=37.439k items_per_second=2.85867M/s
BM_BUBBLE_SORT/256/1/iterations:1/repeats:50                   87.1 us         87.1 us            1 L1-dcache-loads=37.339k items_per_second=2.93979M/s
BM_BUBBLE_SORT/256/1/iterations:1/repeats:50                   92.1 us         92.1 us            1 L1-dcache-loads=37.487k items_per_second=2.77835M/s
BM_BUBBLE_SORT/256/1/iterations:1/repeats:50                   92.4 us         92.4 us            1 L1-dcache-loads=37.292k items_per_second=2.76993M/s
BM_BUBBLE_SORT/256/1/iterations:1/repeats:50                   86.2 us         86.2 us            1 L1-dcache-loads=37.157k items_per_second=2.97122M/s
BM_BUBBLE_SORT/256/1/iterations:1/repeats:50                   93.0 us         93.0 us            1 L1-dcache-loads=36.963k items_per_second=2.7523M/s
BM_BUBBLE_SORT/256/1/iterations:1/repeats:50                   88.3 us         88.3 us            1 L1-dcache-loads=37.241k items_per_second=2.90078M/s
BM_BUBBLE_SORT/256/1/iterations:1/repeats:50                   88.0 us         88.0 us            1 L1-dcache-loads=37.472k items_per_second=2.90856M/s
BM_BUBBLE_SORT/256/1/iterations:1/repeats:50                   85.7 us         85.7 us            1 L1-dcache-loads=37.292k items_per_second=2.98581M/s
BM_BUBBLE_SORT/256/1/iterations:1/repeats:50                   95.6 us         95.6 us            1 L1-dcache-loads=37.556k items_per_second=2.67889M/s
BM_BUBBLE_SORT/256/1/iterations:1/repeats:50                   97.5 us         97.5 us            1 L1-dcache-loads=37.064k items_per_second=2.62621M/s
BM_BUBBLE_SORT/256/1/iterations:1/repeats:50                    101 us          101 us            1 L1-dcache-loads=37.402k items_per_second=2.54226M/s
BM_BUBBLE_SORT/256/1/iterations:1/repeats:50                    105 us          105 us            1 L1-dcache-loads=37.439k items_per_second=2.42712M/s
BM_BUBBLE_SORT/256/1/iterations:1/repeats:50                   91.0 us         91.0 us            1 L1-dcache-loads=37.241k items_per_second=2.81408M/s
BM_BUBBLE_SORT/256/1/iterations:1/repeats:50                   92.8 us         92.8 us            1 L1-dcache-loads=37.592k items_per_second=2.75797M/s
BM_BUBBLE_SORT/256/1/iterations:1/repeats:50                   89.3 us         89.3 us            1 L1-dcache-loads=37.571k items_per_second=2.86652M/s
BM_BUBBLE_SORT/256/1/iterations:1/repeats:50                   91.3 us         91.3 us            1 L1-dcache-loads=37.158k items_per_second=2.80376M/s
BM_BUBBLE_SORT/256/1/iterations:1/repeats:50                   87.3 us         87.3 us            1 L1-dcache-loads=37.402k items_per_second=2.93369M/s
BM_BUBBLE_SORT/256/1/iterations:1/repeats:50                   90.1 us         90.1 us            1 L1-dcache-loads=37.292k items_per_second=2.8416M/s
BM_BUBBLE_SORT/256/1/iterations:1/repeats:50                   86.5 us         86.5 us            1 L1-dcache-loads=37.526k items_per_second=2.96063M/s
BM_BUBBLE_SORT/256/1/iterations:1/repeats:50                   94.3 us         94.3 us            1 L1-dcache-loads=37.316k items_per_second=2.7137M/s
BM_BUBBLE_SORT/256/1/iterations:1/repeats:50                   88.2 us         88.2 us            1 L1-dcache-loads=37.592k items_per_second=2.90128M/s
BM_BUBBLE_SORT/256/1/iterations:1/repeats:50                   96.4 us         96.4 us            1 L1-dcache-loads=37.361k items_per_second=2.65428M/s
BM_BUBBLE_SORT/256/1/iterations:1/repeats:50                   90.5 us         90.5 us            1 L1-dcache-loads=37.064k items_per_second=2.82995M/s
BM_BUBBLE_SORT/256/1/iterations:1/repeats:50                   92.9 us         92.9 us            1 L1-dcache-loads=37.456k items_per_second=2.75604M/s
BM_BUBBLE_SORT/256/1/iterations:1/repeats:50                   93.9 us         93.9 us            1 L1-dcache-loads=37.316k items_per_second=2.72526M/s
BM_BUBBLE_SORT/256/1/iterations:1/repeats:50                   91.7 us         91.7 us            1 L1-dcache-loads=37.526k items_per_second=2.79226M/s
BM_BUBBLE_SORT/256/1/iterations:1/repeats:50                   92.7 us         92.7 us            1 L1-dcache-loads=37.538k items_per_second=2.76073M/s
BM_BUBBLE_SORT/256/1/iterations:1/repeats:50                   89.4 us         89.4 us            1 L1-dcache-loads=37.402k items_per_second=2.86398M/s
BM_BUBBLE_SORT/256/1/iterations:1/repeats:50                   95.5 us         95.5 us            1 L1-dcache-loads=37.339k items_per_second=2.68198M/s
BM_BUBBLE_SORT/256/1/iterations:1/repeats:50_mean              92.1 us         92.1 us           50 L1-dcache-loads=37.3449k items_per_second=2.78458M/s
BM_BUBBLE_SORT/256/1/iterations:1/repeats:50_median            91.4 us         91.4 us           50 L1-dcache-loads=37.3815k items_per_second=2.80221M/s
BM_BUBBLE_SORT/256/1/iterations:1/repeats:50_stddev            4.43 us         4.43 us           50 L1-dcache-loads=195.239 items_per_second=128.513k/s
BM_BUBBLE_SORT/256/1/iterations:1/repeats:50_cv                4.81 %          4.81 %            50 L1-dcache-loads=0.52% items_per_second=4.62%
BM_BUBBLE_SORT/512/1/iterations:1/repeats:50                    353 us          353 us            1 L1-dcache-loads=140.604k items_per_second=1.44909M/s
BM_BUBBLE_SORT/512/1/iterations:1/repeats:50                    350 us          350 us            1 L1-dcache-loads=140.423k items_per_second=1.46226M/s
BM_BUBBLE_SORT/512/1/iterations:1/repeats:50                    349 us          349 us            1 L1-dcache-loads=140.512k items_per_second=1.46752M/s
BM_BUBBLE_SORT/512/1/iterations:1/repeats:50                    350 us          350 us            1 L1-dcache-loads=140.479k items_per_second=1.46218M/s
BM_BUBBLE_SORT/512/1/iterations:1/repeats:50                    353 us          353 us            1 L1-dcache-loads=140.48k items_per_second=1.45228M/s
BM_BUBBLE_SORT/512/1/iterations:1/repeats:50                    339 us          339 us            1 L1-dcache-loads=140.611k items_per_second=1.51222M/s
BM_BUBBLE_SORT/512/1/iterations:1/repeats:50                    336 us          336 us            1 L1-dcache-loads=139.812k items_per_second=1.52425M/s
BM_BUBBLE_SORT/512/1/iterations:1/repeats:50                    348 us          348 us            1 L1-dcache-loads=140.597k items_per_second=1.46967M/s
BM_BUBBLE_SORT/512/1/iterations:1/repeats:50                    343 us          343 us            1 L1-dcache-loads=140.167k items_per_second=1.49436M/s
BM_BUBBLE_SORT/512/1/iterations:1/repeats:50                    328 us          328 us            1 L1-dcache-loads=140.596k items_per_second=1.55882M/s
BM_BUBBLE_SORT/512/1/iterations:1/repeats:50                    357 us          357 us            1 L1-dcache-loads=140.597k items_per_second=1.43428M/s
BM_BUBBLE_SORT/512/1/iterations:1/repeats:50                    341 us          341 us            1 L1-dcache-loads=140.281k items_per_second=1.50349M/s
BM_BUBBLE_SORT/512/1/iterations:1/repeats:50                    347 us          347 us            1 L1-dcache-loads=139.358k items_per_second=1.47508M/s
BM_BUBBLE_SORT/512/1/iterations:1/repeats:50                    335 us          335 us            1 L1-dcache-loads=140.622k items_per_second=1.52776M/s
BM_BUBBLE_SORT/512/1/iterations:1/repeats:50                    330 us          330 us            1 L1-dcache-loads=139.306k items_per_second=1.54957M/s
BM_BUBBLE_SORT/512/1/iterations:1/repeats:50                    350 us          350 us            1 L1-dcache-loads=140.612k items_per_second=1.46174M/s
BM_BUBBLE_SORT/512/1/iterations:1/repeats:50                    327 us          327 us            1 L1-dcache-loads=140.442k items_per_second=1.56407M/s
BM_BUBBLE_SORT/512/1/iterations:1/repeats:50                    333 us          333 us            1 L1-dcache-loads=140.356k items_per_second=1.53975M/s
BM_BUBBLE_SORT/512/1/iterations:1/repeats:50                    345 us          345 us            1 L1-dcache-loads=140.632k items_per_second=1.48548M/s
BM_BUBBLE_SORT/512/1/iterations:1/repeats:50                    359 us          359 us            1 L1-dcache-loads=140.104k items_per_second=1.42607M/s
BM_BUBBLE_SORT/512/1/iterations:1/repeats:50                    345 us          345 us            1 L1-dcache-loads=140.442k items_per_second=1.4854M/s
BM_BUBBLE_SORT/512/1/iterations:1/repeats:50                    336 us          336 us            1 L1-dcache-loads=140.578k items_per_second=1.52602M/s
BM_BUBBLE_SORT/512/1/iterations:1/repeats:50                    346 us          346 us            1 L1-dcache-loads=140.629k items_per_second=1.48098M/s
BM_BUBBLE_SORT/512/1/iterations:1/repeats:50                    343 us          343 us            1 L1-dcache-loads=140.379k items_per_second=1.49463M/s
BM_BUBBLE_SORT/512/1/iterations:1/repeats:50                    348 us          348 us            1 L1-dcache-loads=140.48k items_per_second=1.4693M/s
BM_BUBBLE_SORT/512/1/iterations:1/repeats:50                    337 us          337 us            1 L1-dcache-loads=140.401k items_per_second=1.51817M/s
BM_BUBBLE_SORT/512/1/iterations:1/repeats:50                    359 us          359 us            1 L1-dcache-loads=140.254k items_per_second=1.42486M/s
BM_BUBBLE_SORT/512/1/iterations:1/repeats:50                    332 us          332 us            1 L1-dcache-loads=140.198k items_per_second=1.54108M/s
BM_BUBBLE_SORT/512/1/iterations:1/repeats:50                    335 us          334 us            1 L1-dcache-loads=140.104k items_per_second=1.53066M/s
BM_BUBBLE_SORT/512/1/iterations:1/repeats:50                    355 us          355 us            1 L1-dcache-loads=140.596k items_per_second=1.44403M/s
BM_BUBBLE_SORT/512/1/iterations:1/repeats:50                    348 us          348 us            1 L1-dcache-loads=140.542k items_per_second=1.47272M/s
BM_BUBBLE_SORT/512/1/iterations:1/repeats:50                    349 us          349 us            1 L1-dcache-loads=140.617k items_per_second=1.46819M/s
BM_BUBBLE_SORT/512/1/iterations:1/repeats:50                    343 us          343 us            1 L1-dcache-loads=140.461k items_per_second=1.49476M/s
BM_BUBBLE_SORT/512/1/iterations:1/repeats:50                    336 us          336 us            1 L1-dcache-loads=140.612k items_per_second=1.52535M/s
BM_BUBBLE_SORT/512/1/iterations:1/repeats:50                    345 us          345 us            1 L1-dcache-loads=137.706k items_per_second=1.48291M/s
BM_BUBBLE_SORT/512/1/iterations:1/repeats:50                    342 us          342 us            1 L1-dcache-loads=140.281k items_per_second=1.49782M/s
BM_BUBBLE_SORT/512/1/iterations:1/repeats:50                    345 us          345 us            1 L1-dcache-loads=140.443k items_per_second=1.48584M/s
BM_BUBBLE_SORT/512/1/iterations:1/repeats:50                    349 us          349 us            1 L1-dcache-loads=140.604k items_per_second=1.46895M/s
BM_BUBBLE_SORT/512/1/iterations:1/repeats:50                    332 us          332 us            1 L1-dcache-loads=140.379k items_per_second=1.5412M/s
BM_BUBBLE_SORT/512/1/iterations:1/repeats:50                    349 us          349 us            1 L1-dcache-loads=139.967k items_per_second=1.46588M/s
BM_BUBBLE_SORT/512/1/iterations:1/repeats:50                    337 us          337 us            1 L1-dcache-loads=140.167k items_per_second=1.5194M/s
BM_BUBBLE_SORT/512/1/iterations:1/repeats:50                    366 us          366 us            1 L1-dcache-loads=140.227k items_per_second=1.39862M/s
BM_BUBBLE_SORT/512/1/iterations:1/repeats:50                    337 us          337 us            1 L1-dcache-loads=139.407k items_per_second=1.52013M/s
BM_BUBBLE_SORT/512/1/iterations:1/repeats:50                    337 us          337 us            1 L1-dcache-loads=140.422k items_per_second=1.51881M/s
BM_BUBBLE_SORT/512/1/iterations:1/repeats:50                    329 us          329 us            1 L1-dcache-loads=140.462k items_per_second=1.55439M/s
BM_BUBBLE_SORT/512/1/iterations:1/repeats:50                    337 us          337 us            1 L1-dcache-loads=140.167k items_per_second=1.52079M/s
BM_BUBBLE_SORT/512/1/iterations:1/repeats:50                    372 us          372 us            1 L1-dcache-loads=140.611k items_per_second=1.37759M/s
BM_BUBBLE_SORT/512/1/iterations:1/repeats:50                    355 us          355 us            1 L1-dcache-loads=140.443k items_per_second=1.44329M/s
BM_BUBBLE_SORT/512/1/iterations:1/repeats:50                    340 us          340 us            1 L1-dcache-loads=138.286k items_per_second=1.50485M/s
BM_BUBBLE_SORT/512/1/iterations:1/repeats:50                    351 us          351 us            1 L1-dcache-loads=140.401k items_per_second=1.45947M/s
BM_BUBBLE_SORT/512/1/iterations:1/repeats:50_mean               344 us          344 us           50 L1-dcache-loads=140.257k items_per_second=1.48912M/s
BM_BUBBLE_SORT/512/1/iterations:1/repeats:50_median             345 us          345 us           50 L1-dcache-loads=140.442k items_per_second=1.48566M/s
BM_BUBBLE_SORT/512/1/iterations:1/repeats:50_stddev            9.70 us         9.70 us           50 L1-dcache-loads=565.827 items_per_second=41.5009k/s
BM_BUBBLE_SORT/512/1/iterations:1/repeats:50_cv                2.82 %          2.82 %            50 L1-dcache-loads=0.40% items_per_second=2.79%
BM_BUBBLE_SORT/1024/1/iterations:1/repeats:50                  1300 us         1300 us            1 L1-dcache-loads=542.76k items_per_second=787.893k/s
BM_BUBBLE_SORT/1024/1/iterations:1/repeats:50                  1341 us         1341 us            1 L1-dcache-loads=542.886k items_per_second=763.409k/s
BM_BUBBLE_SORT/1024/1/iterations:1/repeats:50                  1290 us         1290 us            1 L1-dcache-loads=543.201k items_per_second=793.834k/s
BM_BUBBLE_SORT/1024/1/iterations:1/repeats:50                  1342 us         1342 us            1 L1-dcache-loads=543.202k items_per_second=763.031k/s
BM_BUBBLE_SORT/1024/1/iterations:1/repeats:50                  1334 us         1334 us            1 L1-dcache-loads=543.021k items_per_second=767.468k/s
BM_BUBBLE_SORT/1024/1/iterations:1/repeats:50                  1316 us         1316 us            1 L1-dcache-loads=541.995k items_per_second=778.055k/s
BM_BUBBLE_SORT/1024/1/iterations:1/repeats:50                  1299 us         1299 us            1 L1-dcache-loads=543.319k items_per_second=788.325k/s
BM_BUBBLE_SORT/1024/1/iterations:1/repeats:50                  1350 us         1350 us            1 L1-dcache-loads=542.915k items_per_second=758.595k/s
BM_BUBBLE_SORT/1024/1/iterations:1/repeats:50                  1351 us         1351 us            1 L1-dcache-loads=542.76k items_per_second=758.078k/s
BM_BUBBLE_SORT/1024/1/iterations:1/repeats:50                  1395 us         1395 us            1 L1-dcache-loads=542.461k items_per_second=734.078k/s
BM_BUBBLE_SORT/1024/1/iterations:1/repeats:50                  1302 us         1302 us            1 L1-dcache-loads=541.781k items_per_second=786.677k/s
BM_BUBBLE_SORT/1024/1/iterations:1/repeats:50                  1282 us         1282 us            1 L1-dcache-loads=543.285k items_per_second=798.611k/s
BM_BUBBLE_SORT/1024/1/iterations:1/repeats:50                  1321 us         1321 us            1 L1-dcache-loads=542.542k items_per_second=775.186k/s
BM_BUBBLE_SORT/1024/1/iterations:1/repeats:50                  1381 us         1381 us            1 L1-dcache-loads=542.793k items_per_second=741.567k/s
BM_BUBBLE_SORT/1024/1/iterations:1/repeats:50                  1324 us         1324 us            1 L1-dcache-loads=540.546k items_per_second=773.417k/s
BM_BUBBLE_SORT/1024/1/iterations:1/repeats:50                  1344 us         1344 us            1 L1-dcache-loads=543.256k items_per_second=762.058k/s
BM_BUBBLE_SORT/1024/1/iterations:1/repeats:50                  1330 us         1330 us            1 L1-dcache-loads=542.76k items_per_second=769.972k/s
BM_BUBBLE_SORT/1024/1/iterations:1/repeats:50                  1390 us         1390 us            1 L1-dcache-loads=542.887k items_per_second=736.522k/s
BM_BUBBLE_SORT/1024/1/iterations:1/repeats:50                  1370 us         1370 us            1 L1-dcache-loads=542.618k items_per_second=747.212k/s
BM_BUBBLE_SORT/1024/1/iterations:1/repeats:50                  1301 us         1301 us            1 L1-dcache-loads=542.541k items_per_second=786.893k/s
BM_BUBBLE_SORT/1024/1/iterations:1/repeats:50                  1375 us         1375 us            1 L1-dcache-loads=541.726k items_per_second=744.988k/s
BM_BUBBLE_SORT/1024/1/iterations:1/repeats:50                  1330 us         1330 us            1 L1-dcache-loads=542.97k items_per_second=769.929k/s
BM_BUBBLE_SORT/1024/1/iterations:1/repeats:50                  1369 us         1369 us            1 L1-dcache-loads=542.618k items_per_second=748.188k/s
BM_BUBBLE_SORT/1024/1/iterations:1/repeats:50                  1315 us         1315 us            1 L1-dcache-loads=542.047k items_per_second=778.865k/s
BM_BUBBLE_SORT/1024/1/iterations:1/repeats:50                  1359 us         1359 us            1 L1-dcache-loads=542.046k items_per_second=753.369k/s
BM_BUBBLE_SORT/1024/1/iterations:1/repeats:50                  1356 us         1356 us            1 L1-dcache-loads=542.58k items_per_second=755.259k/s
BM_BUBBLE_SORT/1024/1/iterations:1/repeats:50                  1331 us         1331 us            1 L1-dcache-loads=541.837k items_per_second=769.147k/s
BM_BUBBLE_SORT/1024/1/iterations:1/repeats:50                  1330 us         1330 us            1 L1-dcache-loads=542.24k items_per_second=769.846k/s
BM_BUBBLE_SORT/1024/1/iterations:1/repeats:50                  1350 us         1350 us            1 L1-dcache-loads=541.943k items_per_second=758.547k/s
BM_BUBBLE_SORT/1024/1/iterations:1/repeats:50                  1383 us         1383 us            1 L1-dcache-loads=542.826k items_per_second=740.393k/s
BM_BUBBLE_SORT/1024/1/iterations:1/repeats:50                  1359 us         1359 us            1 L1-dcache-loads=541.368k items_per_second=753.715k/s
BM_BUBBLE_SORT/1024/1/iterations:1/repeats:50                  1281 us         1281 us            1 L1-dcache-loads=540.318k items_per_second=799.663k/s
BM_BUBBLE_SORT/1024/1/iterations:1/repeats:50                  1333 us         1333 us            1 L1-dcache-loads=542.461k items_per_second=768.348k/s
BM_BUBBLE_SORT/1024/1/iterations:1/repeats:50                  1364 us         1364 us            1 L1-dcache-loads=543.293k items_per_second=750.78k/s
BM_BUBBLE_SORT/1024/1/iterations:1/repeats:50                  1329 us         1329 us            1 L1-dcache-loads=541.668k items_per_second=770.396k/s
BM_BUBBLE_SORT/1024/1/iterations:1/repeats:50                  1317 us         1317 us            1 L1-dcache-loads=541.726k items_per_second=777.606k/s
BM_BUBBLE_SORT/1024/1/iterations:1/repeats:50                  1331 us         1331 us            1 L1-dcache-loads=542.76k items_per_second=769.583k/s
BM_BUBBLE_SORT/1024/1/iterations:1/repeats:50                  1357 us         1357 us            1 L1-dcache-loads=543.045k items_per_second=754.471k/s
BM_BUBBLE_SORT/1024/1/iterations:1/repeats:50                  1363 us         1363 us            1 L1-dcache-loads=542.887k items_per_second=751.042k/s
BM_BUBBLE_SORT/1024/1/iterations:1/repeats:50                  1348 us         1348 us            1 L1-dcache-loads=543.3k items_per_second=759.447k/s
BM_BUBBLE_SORT/1024/1/iterations:1/repeats:50                  1329 us         1329 us            1 L1-dcache-loads=543.306k items_per_second=770.515k/s
BM_BUBBLE_SORT/1024/1/iterations:1/repeats:50                  1295 us         1295 us            1 L1-dcache-loads=540.472k items_per_second=790.941k/s
BM_BUBBLE_SORT/1024/1/iterations:1/repeats:50                  1295 us         1295 us            1 L1-dcache-loads=542.886k items_per_second=790.605k/s
BM_BUBBLE_SORT/1024/1/iterations:1/repeats:50                  1319 us         1318 us            1 L1-dcache-loads=542.58k items_per_second=776.644k/s
BM_BUBBLE_SORT/1024/1/iterations:1/repeats:50                  1297 us         1297 us            1 L1-dcache-loads=540.082k items_per_second=789.355k/s
BM_BUBBLE_SORT/1024/1/iterations:1/repeats:50                  1366 us         1366 us            1 L1-dcache-loads=542.97k items_per_second=749.784k/s
BM_BUBBLE_SORT/1024/1/iterations:1/repeats:50                  1341 us         1341 us            1 L1-dcache-loads=539.751k items_per_second=763.5k/s
BM_BUBBLE_SORT/1024/1/iterations:1/repeats:50                  1304 us         1304 us            1 L1-dcache-loads=542.241k items_per_second=785.343k/s
BM_BUBBLE_SORT/1024/1/iterations:1/repeats:50                  1310 us         1310 us            1 L1-dcache-loads=542.886k items_per_second=781.655k/s
BM_BUBBLE_SORT/1024/1/iterations:1/repeats:50                  1328 us         1328 us            1 L1-dcache-loads=543.3k items_per_second=771.168k/s
BM_BUBBLE_SORT/1024/1/iterations:1/repeats:50_mean             1335 us         1335 us           50 L1-dcache-loads=542.393k items_per_second=767.68k/s
BM_BUBBLE_SORT/1024/1/iterations:1/repeats:50_median           1331 us         1331 us           50 L1-dcache-loads=542.689k items_per_second=769.365k/s
BM_BUBBLE_SORT/1024/1/iterations:1/repeats:50_stddev           29.1 us         29.1 us           50 L1-dcache-loads=887.617 items_per_second=16.7139k/s
BM_BUBBLE_SORT/1024/1/iterations:1/repeats:50_cv               2.18 %          2.18 %            50 L1-dcache-loads=0.16% items_per_second=2.18%
BM_BUBBLE_SORT/2048/1/iterations:1/repeats:50                  5071 us         5071 us            1 L1-dcache-loads=2.12738M items_per_second=403.833k/s
BM_BUBBLE_SORT/2048/1/iterations:1/repeats:50                  5163 us         5163 us            1 L1-dcache-loads=2.13181M items_per_second=396.64k/s
BM_BUBBLE_SORT/2048/1/iterations:1/repeats:50                  5170 us         5170 us            1 L1-dcache-loads=2.13181M items_per_second=396.113k/s
BM_BUBBLE_SORT/2048/1/iterations:1/repeats:50                  5305 us         5305 us            1 L1-dcache-loads=2.13505M items_per_second=386.026k/s
BM_BUBBLE_SORT/2048/1/iterations:1/repeats:50                  5207 us         5207 us            1 L1-dcache-loads=2.13251M items_per_second=393.305k/s
BM_BUBBLE_SORT/2048/1/iterations:1/repeats:50                  5095 us         5095 us            1 L1-dcache-loads=2.13365M items_per_second=402.001k/s
BM_BUBBLE_SORT/2048/1/iterations:1/repeats:50                  5203 us         5196 us            1 L1-dcache-loads=2.13292M items_per_second=394.139k/s
BM_BUBBLE_SORT/2048/1/iterations:1/repeats:50                  5235 us         5235 us            1 L1-dcache-loads=2.1351M items_per_second=391.233k/s
BM_BUBBLE_SORT/2048/1/iterations:1/repeats:50                  5140 us         5140 us            1 L1-dcache-loads=2.13483M items_per_second=398.471k/s
BM_BUBBLE_SORT/2048/1/iterations:1/repeats:50                  5132 us         5132 us            1 L1-dcache-loads=2.13435M items_per_second=399.083k/s
BM_BUBBLE_SORT/2048/1/iterations:1/repeats:50                  5179 us         5179 us            1 L1-dcache-loads=2.13423M items_per_second=395.448k/s
BM_BUBBLE_SORT/2048/1/iterations:1/repeats:50                  5132 us         5132 us            1 L1-dcache-loads=2.13461M items_per_second=399.062k/s
BM_BUBBLE_SORT/2048/1/iterations:1/repeats:50                  5134 us         5134 us            1 L1-dcache-loads=2.13454M items_per_second=398.903k/s
BM_BUBBLE_SORT/2048/1/iterations:1/repeats:50                  5209 us         5209 us            1 L1-dcache-loads=2.13243M items_per_second=393.142k/s
BM_BUBBLE_SORT/2048/1/iterations:1/repeats:50                  5086 us         5086 us            1 L1-dcache-loads=2.13443M items_per_second=402.697k/s
BM_BUBBLE_SORT/2048/1/iterations:1/repeats:50                  5128 us         5128 us            1 L1-dcache-loads=2.13447M items_per_second=399.364k/s
BM_BUBBLE_SORT/2048/1/iterations:1/repeats:50                  5229 us         5229 us            1 L1-dcache-loads=2.13286M items_per_second=391.645k/s
BM_BUBBLE_SORT/2048/1/iterations:1/repeats:50                  5083 us         5083 us            1 L1-dcache-loads=2.13414M items_per_second=402.944k/s
BM_BUBBLE_SORT/2048/1/iterations:1/repeats:50                  5255 us         5255 us            1 L1-dcache-loads=2.13342M items_per_second=389.755k/s
BM_BUBBLE_SORT/2048/1/iterations:1/repeats:50                  5157 us         5157 us            1 L1-dcache-loads=2.13492M items_per_second=397.095k/s
BM_BUBBLE_SORT/2048/1/iterations:1/repeats:50                  5137 us         5137 us            1 L1-dcache-loads=2.1347M items_per_second=398.704k/s
BM_BUBBLE_SORT/2048/1/iterations:1/repeats:50                  5266 us         5266 us            1 L1-dcache-loads=2.13401M items_per_second=388.887k/s
BM_BUBBLE_SORT/2048/1/iterations:1/repeats:50                  5359 us         5359 us            1 L1-dcache-loads=2.13359M items_per_second=382.193k/s
BM_BUBBLE_SORT/2048/1/iterations:1/repeats:50                  5209 us         5209 us            1 L1-dcache-loads=2.13048M items_per_second=393.197k/s
BM_BUBBLE_SORT/2048/1/iterations:1/repeats:50                  5220 us         5220 us            1 L1-dcache-loads=2.13414M items_per_second=392.343k/s
BM_BUBBLE_SORT/2048/1/iterations:1/repeats:50                  5219 us         5219 us            1 L1-dcache-loads=2.13181M items_per_second=392.44k/s
BM_BUBBLE_SORT/2048/1/iterations:1/repeats:50                  5204 us         5204 us            1 L1-dcache-loads=2.1347M items_per_second=393.562k/s
BM_BUBBLE_SORT/2048/1/iterations:1/repeats:50                  5186 us         5185 us            1 L1-dcache-loads=2.13221M items_per_second=394.949k/s
BM_BUBBLE_SORT/2048/1/iterations:1/repeats:50                  5271 us         5271 us            1 L1-dcache-loads=2.13113M items_per_second=388.536k/s
BM_BUBBLE_SORT/2048/1/iterations:1/repeats:50                  5177 us         5177 us            1 L1-dcache-loads=2.13513M items_per_second=395.63k/s
BM_BUBBLE_SORT/2048/1/iterations:1/repeats:50                  5126 us         5125 us            1 L1-dcache-loads=2.13213M items_per_second=399.571k/s
BM_BUBBLE_SORT/2048/1/iterations:1/repeats:50                  5183 us         5183 us            1 L1-dcache-loads=2.13401M items_per_second=395.141k/s
BM_BUBBLE_SORT/2048/1/iterations:1/repeats:50                  5106 us         5106 us            1 L1-dcache-loads=2.13496M items_per_second=401.113k/s
BM_BUBBLE_SORT/2048/1/iterations:1/repeats:50                  5215 us         5215 us            1 L1-dcache-loads=2.13507M items_per_second=392.697k/s
BM_BUBBLE_SORT/2048/1/iterations:1/repeats:50                  5081 us         5081 us            1 L1-dcache-loads=2.1349M items_per_second=403.037k/s
BM_BUBBLE_SORT/2048/1/iterations:1/repeats:50                  5084 us         5084 us            1 L1-dcache-loads=2.1351M items_per_second=402.794k/s
BM_BUBBLE_SORT/2048/1/iterations:1/repeats:50                  5241 us         5241 us            1 L1-dcache-loads=2.12366M items_per_second=390.767k/s
BM_BUBBLE_SORT/2048/1/iterations:1/repeats:50                  5138 us         5138 us            1 L1-dcache-loads=2.13348M items_per_second=398.594k/s
BM_BUBBLE_SORT/2048/1/iterations:1/repeats:50                  5117 us         5117 us            1 L1-dcache-loads=2.1333M items_per_second=400.2k/s
BM_BUBBLE_SORT/2048/1/iterations:1/repeats:50                  5252 us         5252 us            1 L1-dcache-loads=2.1337M items_per_second=389.944k/s
BM_BUBBLE_SORT/2048/1/iterations:1/repeats:50                  5100 us         5100 us            1 L1-dcache-loads=2.13165M items_per_second=401.571k/s
BM_BUBBLE_SORT/2048/1/iterations:1/repeats:50                  5226 us         5226 us            1 L1-dcache-loads=2.13494M items_per_second=391.893k/s
BM_BUBBLE_SORT/2048/1/iterations:1/repeats:50                  5147 us         5147 us            1 L1-dcache-loads=2.13038M items_per_second=397.894k/s
BM_BUBBLE_SORT/2048/1/iterations:1/repeats:50                  5230 us         5230 us            1 L1-dcache-loads=2.13197M items_per_second=391.595k/s
BM_BUBBLE_SORT/2048/1/iterations:1/repeats:50                  5118 us         5118 us            1 L1-dcache-loads=2.13381M items_per_second=400.134k/s
BM_BUBBLE_SORT/2048/1/iterations:1/repeats:50                  5166 us         5166 us            1 L1-dcache-loads=2.13454M items_per_second=396.46k/s
BM_BUBBLE_SORT/2048/1/iterations:1/repeats:50                  5035 us         5035 us            1 L1-dcache-loads=2.13359M items_per_second=406.788k/s
BM_BUBBLE_SORT/2048/1/iterations:1/repeats:50                  5322 us         5322 us            1 L1-dcache-loads=2.1347M items_per_second=384.82k/s
BM_BUBBLE_SORT/2048/1/iterations:1/repeats:50                  5173 us         5173 us            1 L1-dcache-loads=2.13476M items_per_second=395.904k/s
BM_BUBBLE_SORT/2048/1/iterations:1/repeats:50                  5095 us         5095 us            1 L1-dcache-loads=2.13272M items_per_second=401.986k/s
BM_BUBBLE_SORT/2048/1/iterations:1/repeats:50_mean             5174 us         5174 us           50 L1-dcache-loads=2.13329M items_per_second=395.885k/s
BM_BUBBLE_SORT/2048/1/iterations:1/repeats:50_median           5172 us         5172 us           50 L1-dcache-loads=2.13391M items_per_second=396.008k/s
BM_BUBBLE_SORT/2048/1/iterations:1/repeats:50_stddev           69.8 us         69.7 us           50 L1-dcache-loads=2.09256k items_per_second=5.30865k/s
BM_BUBBLE_SORT/2048/1/iterations:1/repeats:50_cv               1.35 %          1.35 %            50 L1-dcache-loads=0.10% items_per_second=1.34%
BM_BUBBLE_SORT/4096/1/iterations:1/repeats:50                 20043 us        20041 us            1 L1-dcache-loads=8.46221M items_per_second=204.379k/s
BM_BUBBLE_SORT/4096/1/iterations:1/repeats:50                 20187 us        20185 us            1 L1-dcache-loads=8.45839M items_per_second=202.927k/s
BM_BUBBLE_SORT/4096/1/iterations:1/repeats:50                 20219 us        20219 us            1 L1-dcache-loads=8.46341M items_per_second=202.586k/s
BM_BUBBLE_SORT/4096/1/iterations:1/repeats:50                 20158 us        20158 us            1 L1-dcache-loads=8.45611M items_per_second=203.2k/s
BM_BUBBLE_SORT/4096/1/iterations:1/repeats:50                 20578 us        20578 us            1 L1-dcache-loads=8.4639M items_per_second=199.049k/s
BM_BUBBLE_SORT/4096/1/iterations:1/repeats:50                 20318 us        20317 us            1 L1-dcache-loads=8.46172M items_per_second=201.6k/s
BM_BUBBLE_SORT/4096/1/iterations:1/repeats:50                 20424 us        20424 us            1 L1-dcache-loads=8.45964M items_per_second=200.552k/s
BM_BUBBLE_SORT/4096/1/iterations:1/repeats:50                 20591 us        20589 us            1 L1-dcache-loads=8.4503M items_per_second=198.944k/s
BM_BUBBLE_SORT/4096/1/iterations:1/repeats:50                 20474 us        20474 us            1 L1-dcache-loads=8.45924M items_per_second=200.063k/s
BM_BUBBLE_SORT/4096/1/iterations:1/repeats:50                 20264 us        20264 us            1 L1-dcache-loads=8.46375M items_per_second=202.129k/s
BM_BUBBLE_SORT/4096/1/iterations:1/repeats:50                 20206 us        20206 us            1 L1-dcache-loads=8.45558M items_per_second=202.714k/s
BM_BUBBLE_SORT/4096/1/iterations:1/repeats:50                 20584 us        20584 us            1 L1-dcache-loads=8.45662M items_per_second=198.991k/s
BM_BUBBLE_SORT/4096/1/iterations:1/repeats:50                 20413 us        20413 us            1 L1-dcache-loads=8.46367M items_per_second=200.66k/s
BM_BUBBLE_SORT/4096/1/iterations:1/repeats:50                 20455 us        20455 us            1 L1-dcache-loads=8.46012M items_per_second=200.244k/s
BM_BUBBLE_SORT/4096/1/iterations:1/repeats:50                 20424 us        20422 us            1 L1-dcache-loads=8.45571M items_per_second=200.572k/s
BM_BUBBLE_SORT/4096/1/iterations:1/repeats:50                 20685 us        20684 us            1 L1-dcache-loads=8.45747M items_per_second=198.024k/s
BM_BUBBLE_SORT/4096/1/iterations:1/repeats:50                 20717 us        20717 us            1 L1-dcache-loads=8.46179M items_per_second=197.71k/s
BM_BUBBLE_SORT/4096/1/iterations:1/repeats:50                 20650 us        20454 us            1 L1-dcache-loads=8.45711M items_per_second=200.254k/s
BM_BUBBLE_SORT/4096/1/iterations:1/repeats:50                 20284 us        20284 us            1 L1-dcache-loads=8.45993M items_per_second=201.933k/s
BM_BUBBLE_SORT/4096/1/iterations:1/repeats:50                 20526 us        20526 us            1 L1-dcache-loads=8.45984M items_per_second=199.553k/s
BM_BUBBLE_SORT/4096/1/iterations:1/repeats:50                 20195 us        20195 us            1 L1-dcache-loads=8.46235M items_per_second=202.824k/s
BM_BUBBLE_SORT/4096/1/iterations:1/repeats:50                 20386 us        20386 us            1 L1-dcache-loads=8.4629M items_per_second=200.926k/s
BM_BUBBLE_SORT/4096/1/iterations:1/repeats:50                 20328 us        20327 us            1 L1-dcache-loads=8.46442M items_per_second=201.501k/s
BM_BUBBLE_SORT/4096/1/iterations:1/repeats:50                 20402 us        20402 us            1 L1-dcache-loads=8.46117M items_per_second=200.762k/s
BM_BUBBLE_SORT/4096/1/iterations:1/repeats:50                 20684 us        20684 us            1 L1-dcache-loads=8.45964M items_per_second=198.03k/s
BM_BUBBLE_SORT/4096/1/iterations:1/repeats:50                 20205 us        20205 us            1 L1-dcache-loads=8.46254M items_per_second=202.726k/s
BM_BUBBLE_SORT/4096/1/iterations:1/repeats:50                 20372 us        20367 us            1 L1-dcache-loads=8.46278M items_per_second=201.113k/s
BM_BUBBLE_SORT/4096/1/iterations:1/repeats:50                 20437 us        20437 us            1 L1-dcache-loads=8.46424M items_per_second=200.418k/s
BM_BUBBLE_SORT/4096/1/iterations:1/repeats:50                 20447 us        20447 us            1 L1-dcache-loads=8.45914M items_per_second=200.325k/s
BM_BUBBLE_SORT/4096/1/iterations:1/repeats:50                 20615 us        20611 us            1 L1-dcache-loads=8.4626M items_per_second=198.727k/s
BM_BUBBLE_SORT/4096/1/iterations:1/repeats:50                 20180 us        20180 us            1 L1-dcache-loads=8.46393M items_per_second=202.972k/s
BM_BUBBLE_SORT/4096/1/iterations:1/repeats:50                 20669 us        20669 us            1 L1-dcache-loads=8.46235M items_per_second=198.168k/s
BM_BUBBLE_SORT/4096/1/iterations:1/repeats:50                 20435 us        20433 us            1 L1-dcache-loads=8.46215M items_per_second=200.463k/s
BM_BUBBLE_SORT/4096/1/iterations:1/repeats:50                 20249 us        20249 us            1 L1-dcache-loads=8.45914M items_per_second=202.282k/s
BM_BUBBLE_SORT/4096/1/iterations:1/repeats:50                 20385 us        20385 us            1 L1-dcache-loads=8.46272M items_per_second=200.937k/s
BM_BUBBLE_SORT/4096/1/iterations:1/repeats:50                 20233 us        20233 us            1 L1-dcache-loads=8.46109M items_per_second=202.44k/s
BM_BUBBLE_SORT/4096/1/iterations:1/repeats:50                 20647 us        20647 us            1 L1-dcache-loads=8.45871M items_per_second=198.379k/s
BM_BUBBLE_SORT/4096/1/iterations:1/repeats:50                 20498 us        20498 us            1 L1-dcache-loads=8.45914M items_per_second=199.827k/s
BM_BUBBLE_SORT/4096/1/iterations:1/repeats:50                 20446 us        20446 us            1 L1-dcache-loads=8.45954M items_per_second=200.335k/s
BM_BUBBLE_SORT/4096/1/iterations:1/repeats:50                 20717 us        20717 us            1 L1-dcache-loads=8.45816M items_per_second=197.712k/s
BM_BUBBLE_SORT/4096/1/iterations:1/repeats:50                 20546 us        20546 us            1 L1-dcache-loads=8.46359M items_per_second=199.358k/s
BM_BUBBLE_SORT/4096/1/iterations:1/repeats:50                 20161 us        20160 us            1 L1-dcache-loads=8.46141M items_per_second=203.17k/s
BM_BUBBLE_SORT/4096/1/iterations:1/repeats:50                 20576 us        20576 us            1 L1-dcache-loads=8.45771M items_per_second=199.067k/s
BM_BUBBLE_SORT/4096/1/iterations:1/repeats:50                 20482 us        20482 us            1 L1-dcache-loads=8.45984M items_per_second=199.982k/s
BM_BUBBLE_SORT/4096/1/iterations:1/repeats:50                 20375 us        20375 us            1 L1-dcache-loads=8.46346M items_per_second=201.032k/s
BM_BUBBLE_SORT/4096/1/iterations:1/repeats:50                 20561 us        20561 us            1 L1-dcache-loads=8.46031M items_per_second=199.213k/s
BM_BUBBLE_SORT/4096/1/iterations:1/repeats:50                 20455 us        20455 us            1 L1-dcache-loads=8.45914M items_per_second=200.243k/s
BM_BUBBLE_SORT/4096/1/iterations:1/repeats:50                 20567 us        20567 us            1 L1-dcache-loads=8.46179M items_per_second=199.152k/s
BM_BUBBLE_SORT/4096/1/iterations:1/repeats:50                 20550 us        20548 us            1 L1-dcache-loads=8.46363M items_per_second=199.342k/s
BM_BUBBLE_SORT/4096/1/iterations:1/repeats:50                 20587 us        20587 us            1 L1-dcache-loads=8.46241M items_per_second=198.959k/s
BM_BUBBLE_SORT/4096/1/iterations:1/repeats:50_mean            20432 us        20427 us           50 L1-dcache-loads=8.46057M items_per_second=200.529k/s
BM_BUBBLE_SORT/4096/1/iterations:1/repeats:50_median          20442 us        20442 us           50 L1-dcache-loads=8.46113M items_per_second=200.376k/s
BM_BUBBLE_SORT/4096/1/iterations:1/repeats:50_stddev            172 us          170 us           50 L1-dcache-loads=2.84491k items_per_second=1.66786k/s
BM_BUBBLE_SORT/4096/1/iterations:1/repeats:50_cv               0.84 %          0.83 %            50 L1-dcache-loads=0.03% items_per_second=0.83%
BM_BUBBLE_SORT/8192/1/iterations:1/repeats:50                 81174 us        81171 us            1 L1-dcache-loads=33.7033M items_per_second=100.922k/s
BM_BUBBLE_SORT/8192/1/iterations:1/repeats:50                 81127 us        81120 us            1 L1-dcache-loads=33.7026M items_per_second=100.986k/s
BM_BUBBLE_SORT/8192/1/iterations:1/repeats:50                 82325 us        82033 us            1 L1-dcache-loads=33.7053M items_per_second=99.8624k/s
BM_BUBBLE_SORT/8192/1/iterations:1/repeats:50                 80741 us        80739 us            1 L1-dcache-loads=33.6911M items_per_second=101.463k/s
BM_BUBBLE_SORT/8192/1/iterations:1/repeats:50                 81884 us        81749 us            1 L1-dcache-loads=33.692M items_per_second=100.209k/s
BM_BUBBLE_SORT/8192/1/iterations:1/repeats:50                 80453 us        80452 us            1 L1-dcache-loads=33.6878M items_per_second=101.824k/s
BM_BUBBLE_SORT/8192/1/iterations:1/repeats:50                 80356 us        80354 us            1 L1-dcache-loads=33.6999M items_per_second=101.949k/s
BM_BUBBLE_SORT/8192/1/iterations:1/repeats:50                 81100 us        81095 us            1 L1-dcache-loads=33.6753M items_per_second=101.017k/s
BM_BUBBLE_SORT/8192/1/iterations:1/repeats:50                 81468 us        81468 us            1 L1-dcache-loads=33.7003M items_per_second=100.555k/s
BM_BUBBLE_SORT/8192/1/iterations:1/repeats:50                 81385 us        81384 us            1 L1-dcache-loads=33.7061M items_per_second=100.658k/s
BM_BUBBLE_SORT/8192/1/iterations:1/repeats:50                 81723 us        81722 us            1 L1-dcache-loads=33.6998M items_per_second=100.242k/s
BM_BUBBLE_SORT/8192/1/iterations:1/repeats:50                 80990 us        80989 us            1 L1-dcache-loads=33.7061M items_per_second=101.149k/s
BM_BUBBLE_SORT/8192/1/iterations:1/repeats:50                 79917 us        79916 us            1 L1-dcache-loads=33.6918M items_per_second=102.507k/s
BM_BUBBLE_SORT/8192/1/iterations:1/repeats:50                 80991 us        80989 us            1 L1-dcache-loads=33.6956M items_per_second=101.149k/s
BM_BUBBLE_SORT/8192/1/iterations:1/repeats:50                 80482 us        80481 us            1 L1-dcache-loads=33.7026M items_per_second=101.787k/s
BM_BUBBLE_SORT/8192/1/iterations:1/repeats:50                 80982 us        80981 us            1 L1-dcache-loads=33.7053M items_per_second=101.159k/s
BM_BUBBLE_SORT/8192/1/iterations:1/repeats:50                 81688 us        81535 us            1 L1-dcache-loads=33.7017M items_per_second=100.472k/s
BM_BUBBLE_SORT/8192/1/iterations:1/repeats:50                 80353 us        80222 us            1 L1-dcache-loads=33.692M items_per_second=102.117k/s
BM_BUBBLE_SORT/8192/1/iterations:1/repeats:50                 79748 us        79743 us            1 L1-dcache-loads=33.7018M items_per_second=102.729k/s
BM_BUBBLE_SORT/8192/1/iterations:1/repeats:50                 82535 us        81097 us            1 L1-dcache-loads=33.6863M items_per_second=101.015k/s
BM_BUBBLE_SORT/8192/1/iterations:1/repeats:50                 81278 us        81274 us            1 L1-dcache-loads=33.6996M items_per_second=100.795k/s
BM_BUBBLE_SORT/8192/1/iterations:1/repeats:50                 80059 us        80058 us            1 L1-dcache-loads=33.7013M items_per_second=102.325k/s
BM_BUBBLE_SORT/8192/1/iterations:1/repeats:50                 80886 us        80886 us            1 L1-dcache-loads=33.6923M items_per_second=101.278k/s
BM_BUBBLE_SORT/8192/1/iterations:1/repeats:50                 80407 us        80406 us            1 L1-dcache-loads=33.6928M items_per_second=101.883k/s
BM_BUBBLE_SORT/8192/1/iterations:1/repeats:50                 81902 us        81899 us            1 L1-dcache-loads=33.6994M items_per_second=100.026k/s
BM_BUBBLE_SORT/8192/1/iterations:1/repeats:50                 80742 us        80741 us            1 L1-dcache-loads=33.696M items_per_second=101.46k/s
BM_BUBBLE_SORT/8192/1/iterations:1/repeats:50                 81026 us        81021 us            1 L1-dcache-loads=33.7061M items_per_second=101.11k/s
BM_BUBBLE_SORT/8192/1/iterations:1/repeats:50                 80697 us        80697 us            1 L1-dcache-loads=33.6714M items_per_second=101.516k/s
BM_BUBBLE_SORT/8192/1/iterations:1/repeats:50                 81495 us        81478 us            1 L1-dcache-loads=33.6982M items_per_second=100.543k/s
BM_BUBBLE_SORT/8192/1/iterations:1/repeats:50                 84233 us        80298 us            1 L1-dcache-loads=33.6567M items_per_second=102.02k/s
BM_BUBBLE_SORT/8192/1/iterations:1/repeats:50                 82282 us        80968 us            1 L1-dcache-loads=33.7021M items_per_second=101.176k/s
BM_BUBBLE_SORT/8192/1/iterations:1/repeats:50                 81477 us        81474 us            1 L1-dcache-loads=33.6996M items_per_second=100.547k/s
BM_BUBBLE_SORT/8192/1/iterations:1/repeats:50                 80413 us        80412 us            1 L1-dcache-loads=33.7003M items_per_second=101.875k/s
BM_BUBBLE_SORT/8192/1/iterations:1/repeats:50                 81972 us        81971 us            1 L1-dcache-loads=33.7041M items_per_second=99.9372k/s
BM_BUBBLE_SORT/8192/1/iterations:1/repeats:50                 81504 us        81503 us            1 L1-dcache-loads=33.6889M items_per_second=100.511k/s
BM_BUBBLE_SORT/8192/1/iterations:1/repeats:50                 80456 us        80456 us            1 L1-dcache-loads=33.6997M items_per_second=101.82k/s
BM_BUBBLE_SORT/8192/1/iterations:1/repeats:50                 82374 us        82374 us            1 L1-dcache-loads=33.6934M items_per_second=99.4489k/s
BM_BUBBLE_SORT/8192/1/iterations:1/repeats:50                 80990 us        80988 us            1 L1-dcache-loads=33.7059M items_per_second=101.151k/s
BM_BUBBLE_SORT/8192/1/iterations:1/repeats:50                 80774 us        80772 us            1 L1-dcache-loads=33.7055M items_per_second=101.421k/s
BM_BUBBLE_SORT/8192/1/iterations:1/repeats:50                 81194 us        81193 us            1 L1-dcache-loads=33.6974M items_per_second=100.895k/s
BM_BUBBLE_SORT/8192/1/iterations:1/repeats:50                 81957 us        81792 us            1 L1-dcache-loads=33.6834M items_per_second=100.157k/s
BM_BUBBLE_SORT/8192/1/iterations:1/repeats:50                 81145 us        81144 us            1 L1-dcache-loads=33.6957M items_per_second=100.956k/s
BM_BUBBLE_SORT/8192/1/iterations:1/repeats:50                 81980 us        81848 us            1 L1-dcache-loads=33.6947M items_per_second=100.088k/s
BM_BUBBLE_SORT/8192/1/iterations:1/repeats:50                 81947 us        81942 us            1 L1-dcache-loads=33.7053M items_per_second=99.9731k/s
BM_BUBBLE_SORT/8192/1/iterations:1/repeats:50                 81360 us        81357 us            1 L1-dcache-loads=33.702M items_per_second=100.692k/s
BM_BUBBLE_SORT/8192/1/iterations:1/repeats:50                 80835 us        80832 us            1 L1-dcache-loads=33.7036M items_per_second=101.345k/s
BM_BUBBLE_SORT/8192/1/iterations:1/repeats:50                 82529 us        82527 us            1 L1-dcache-loads=33.7036M items_per_second=99.2646k/s
BM_BUBBLE_SORT/8192/1/iterations:1/repeats:50                 80963 us        80963 us            1 L1-dcache-loads=33.7002M items_per_second=101.182k/s
BM_BUBBLE_SORT/8192/1/iterations:1/repeats:50                 80266 us        80264 us            1 L1-dcache-loads=33.697M items_per_second=102.063k/s
BM_BUBBLE_SORT/8192/1/iterations:1/repeats:50                 80739 us        80738 us            1 L1-dcache-loads=33.6704M items_per_second=101.464k/s
BM_BUBBLE_SORT/8192/1/iterations:1/repeats:50_mean            81226 us        81070 us           50 L1-dcache-loads=33.6963M items_per_second=101.054k/s
BM_BUBBLE_SORT/8192/1/iterations:1/repeats:50_median          81113 us        81005 us           50 L1-dcache-loads=33.6997M items_per_second=101.129k/s
BM_BUBBLE_SORT/8192/1/iterations:1/repeats:50_stddev            815 us          630 us           50 L1-dcache-loads=10.1936k items_per_second=784.395/s
BM_BUBBLE_SORT/8192/1/iterations:1/repeats:50_cv               1.00 %          0.78 %            50 L1-dcache-loads=0.03% items_per_second=0.78%
BM_BUBBLE_SORT/16384/1/iterations:1/repeats:50               322338 us       322311 us            1 L1-dcache-loads=134.477M items_per_second=50.833k/s
BM_BUBBLE_SORT/16384/1/iterations:1/repeats:50               324988 us       324853 us            1 L1-dcache-loads=134.514M items_per_second=50.4352k/s
BM_BUBBLE_SORT/16384/1/iterations:1/repeats:50               323608 us       323601 us            1 L1-dcache-loads=134.492M items_per_second=50.6303k/s
BM_BUBBLE_SORT/16384/1/iterations:1/repeats:50               324882 us       324714 us            1 L1-dcache-loads=134.515M items_per_second=50.4567k/s
BM_BUBBLE_SORT/16384/1/iterations:1/repeats:50               327450 us       325892 us            1 L1-dcache-loads=134.477M items_per_second=50.2743k/s
BM_BUBBLE_SORT/16384/1/iterations:1/repeats:50               327177 us       327171 us            1 L1-dcache-loads=134.489M items_per_second=50.0778k/s
BM_BUBBLE_SORT/16384/1/iterations:1/repeats:50               323311 us       323300 us            1 L1-dcache-loads=134.516M items_per_second=50.6774k/s
BM_BUBBLE_SORT/16384/1/iterations:1/repeats:50               324751 us       324616 us            1 L1-dcache-loads=134.519M items_per_second=50.472k/s
BM_BUBBLE_SORT/16384/1/iterations:1/repeats:50               326913 us       326910 us            1 L1-dcache-loads=134.496M items_per_second=50.1177k/s
BM_BUBBLE_SORT/16384/1/iterations:1/repeats:50               324100 us       324093 us            1 L1-dcache-loads=134.49M items_per_second=50.5534k/s
BM_BUBBLE_SORT/16384/1/iterations:1/repeats:50               324062 us       323750 us            1 L1-dcache-loads=134.493M items_per_second=50.6069k/s
BM_BUBBLE_SORT/16384/1/iterations:1/repeats:50               324846 us       324839 us            1 L1-dcache-loads=134.487M items_per_second=50.4373k/s
BM_BUBBLE_SORT/16384/1/iterations:1/repeats:50               322955 us       322942 us            1 L1-dcache-loads=134.515M items_per_second=50.7336k/s
BM_BUBBLE_SORT/16384/1/iterations:1/repeats:50               325201 us       325063 us            1 L1-dcache-loads=134.504M items_per_second=50.4025k/s
BM_BUBBLE_SORT/16384/1/iterations:1/repeats:50               324716 us       324714 us            1 L1-dcache-loads=134.506M items_per_second=50.4567k/s
BM_BUBBLE_SORT/16384/1/iterations:1/repeats:50               323984 us       323981 us            1 L1-dcache-loads=134.505M items_per_second=50.5709k/s
BM_BUBBLE_SORT/16384/1/iterations:1/repeats:50               325131 us       324853 us            1 L1-dcache-loads=134.509M items_per_second=50.4351k/s
BM_BUBBLE_SORT/16384/1/iterations:1/repeats:50               328573 us       327141 us            1 L1-dcache-loads=134.51M items_per_second=50.0824k/s
BM_BUBBLE_SORT/16384/1/iterations:1/repeats:50               327207 us       327199 us            1 L1-dcache-loads=134.508M items_per_second=50.0735k/s
BM_BUBBLE_SORT/16384/1/iterations:1/repeats:50               325107 us       325098 us            1 L1-dcache-loads=134.52M items_per_second=50.397k/s
BM_BUBBLE_SORT/16384/1/iterations:1/repeats:50               322915 us       322781 us            1 L1-dcache-loads=134.502M items_per_second=50.7589k/s
BM_BUBBLE_SORT/16384/1/iterations:1/repeats:50               324686 us       324682 us            1 L1-dcache-loads=134.497M items_per_second=50.4618k/s
BM_BUBBLE_SORT/16384/1/iterations:1/repeats:50               325490 us       325336 us            1 L1-dcache-loads=134.52M items_per_second=50.3602k/s
BM_BUBBLE_SORT/16384/1/iterations:1/repeats:50               323722 us       323580 us            1 L1-dcache-loads=134.509M items_per_second=50.6335k/s
BM_BUBBLE_SORT/16384/1/iterations:1/repeats:50               324412 us       324398 us            1 L1-dcache-loads=134.508M items_per_second=50.5058k/s
BM_BUBBLE_SORT/16384/1/iterations:1/repeats:50               322795 us       322788 us            1 L1-dcache-loads=134.518M items_per_second=50.7578k/s
BM_BUBBLE_SORT/16384/1/iterations:1/repeats:50               328368 us       328194 us            1 L1-dcache-loads=134.498M items_per_second=49.9216k/s
BM_BUBBLE_SORT/16384/1/iterations:1/repeats:50               348098 us       324018 us            1 L1-dcache-loads=134.503M items_per_second=50.5651k/s
BM_BUBBLE_SORT/16384/1/iterations:1/repeats:50               325851 us       325700 us            1 L1-dcache-loads=134.479M items_per_second=50.3039k/s
BM_BUBBLE_SORT/16384/1/iterations:1/repeats:50               322951 us       321388 us            1 L1-dcache-loads=134.512M items_per_second=50.9789k/s
BM_BUBBLE_SORT/16384/1/iterations:1/repeats:50               324448 us       324438 us            1 L1-dcache-loads=134.506M items_per_second=50.4996k/s
BM_BUBBLE_SORT/16384/1/iterations:1/repeats:50               323525 us       323516 us            1 L1-dcache-loads=134.519M items_per_second=50.6435k/s
BM_BUBBLE_SORT/16384/1/iterations:1/repeats:50               321466 us       321304 us            1 L1-dcache-loads=134.512M items_per_second=50.9922k/s
BM_BUBBLE_SORT/16384/1/iterations:1/repeats:50               325120 us       325114 us            1 L1-dcache-loads=134.507M items_per_second=50.3946k/s
BM_BUBBLE_SORT/16384/1/iterations:1/repeats:50               323572 us       323417 us            1 L1-dcache-loads=134.505M items_per_second=50.659k/s
BM_BUBBLE_SORT/16384/1/iterations:1/repeats:50               327004 us       326863 us            1 L1-dcache-loads=134.509M items_per_second=50.125k/s
BM_BUBBLE_SORT/16384/1/iterations:1/repeats:50               325145 us       325132 us            1 L1-dcache-loads=134.509M items_per_second=50.3919k/s
BM_BUBBLE_SORT/16384/1/iterations:1/repeats:50               325256 us       325246 us            1 L1-dcache-loads=134.518M items_per_second=50.3742k/s
BM_BUBBLE_SORT/16384/1/iterations:1/repeats:50               328056 us       327914 us            1 L1-dcache-loads=134.511M items_per_second=49.9643k/s
BM_BUBBLE_SORT/16384/1/iterations:1/repeats:50               324708 us       324704 us            1 L1-dcache-loads=134.518M items_per_second=50.4583k/s
BM_BUBBLE_SORT/16384/1/iterations:1/repeats:50               326991 us       326843 us            1 L1-dcache-loads=134.514M items_per_second=50.128k/s
BM_BUBBLE_SORT/16384/1/iterations:1/repeats:50               327934 us       326506 us            1 L1-dcache-loads=134.513M items_per_second=50.1798k/s
BM_BUBBLE_SORT/16384/1/iterations:1/repeats:50               323650 us       323511 us            1 L1-dcache-loads=134.492M items_per_second=50.6444k/s
BM_BUBBLE_SORT/16384/1/iterations:1/repeats:50               323532 us       323522 us            1 L1-dcache-loads=134.477M items_per_second=50.6426k/s
BM_BUBBLE_SORT/16384/1/iterations:1/repeats:50               322887 us       322870 us            1 L1-dcache-loads=134.514M items_per_second=50.7449k/s
BM_BUBBLE_SORT/16384/1/iterations:1/repeats:50               323540 us       323378 us            1 L1-dcache-loads=134.515M items_per_second=50.6651k/s
BM_BUBBLE_SORT/16384/1/iterations:1/repeats:50               323391 us       323237 us            1 L1-dcache-loads=134.521M items_per_second=50.6873k/s
BM_BUBBLE_SORT/16384/1/iterations:1/repeats:50               323841 us       323833 us            1 L1-dcache-loads=134.508M items_per_second=50.5939k/s
BM_BUBBLE_SORT/16384/1/iterations:1/repeats:50               324445 us       324310 us            1 L1-dcache-loads=134.52M items_per_second=50.5195k/s
BM_BUBBLE_SORT/16384/1/iterations:1/repeats:50               325039 us       325024 us            1 L1-dcache-loads=134.467M items_per_second=50.4086k/s
BM_BUBBLE_SORT/16384/1/iterations:1/repeats:50_mean          325283 us       324612 us           50 L1-dcache-loads=134.505M items_per_second=50.4738k/s
BM_BUBBLE_SORT/16384/1/iterations:1/repeats:50_median        324712 us       324649 us           50 L1-dcache-loads=134.508M items_per_second=50.4669k/s
BM_BUBBLE_SORT/16384/1/iterations:1/repeats:50_stddev          3688 us         1573 us           50 L1-dcache-loads=13.371k items_per_second=244.295/s
BM_BUBBLE_SORT/16384/1/iterations:1/repeats:50_cv              1.13 %          0.48 %            50 L1-dcache-loads=0.01% items_per_second=0.48%
BM_BUBBLE_SORT/32768/1/iterations:1/repeats:50              1714951 us      1713099 us            1 L1-dcache-loads=537.454M items_per_second=19.1279k/s
BM_BUBBLE_SORT/32768/1/iterations:1/repeats:50              1714862 us      1714544 us            1 L1-dcache-loads=537.429M items_per_second=19.1118k/s
BM_BUBBLE_SORT/32768/1/iterations:1/repeats:50              1727877 us      1722077 us            1 L1-dcache-loads=537.477M items_per_second=19.0282k/s
BM_BUBBLE_SORT/32768/1/iterations:1/repeats:50              1713417 us      1711680 us            1 L1-dcache-loads=537.462M items_per_second=19.1438k/s
BM_BUBBLE_SORT/32768/1/iterations:1/repeats:50              1711052 us      1710723 us            1 L1-dcache-loads=537.472M items_per_second=19.1545k/s
BM_BUBBLE_SORT/32768/1/iterations:1/repeats:50              1715486 us      1713595 us            1 L1-dcache-loads=537.442M items_per_second=19.1224k/s
BM_BUBBLE_SORT/32768/1/iterations:1/repeats:50              1706930 us      1706447 us            1 L1-dcache-loads=537.451M items_per_second=19.2025k/s
BM_BUBBLE_SORT/32768/1/iterations:1/repeats:50              1721463 us      1719726 us            1 L1-dcache-loads=537.428M items_per_second=19.0542k/s
BM_BUBBLE_SORT/32768/1/iterations:1/repeats:50              1719320 us      1718832 us            1 L1-dcache-loads=537.461M items_per_second=19.0641k/s
BM_BUBBLE_SORT/32768/1/iterations:1/repeats:50              1740756 us      1716365 us            1 L1-dcache-loads=537.448M items_per_second=19.0915k/s
BM_BUBBLE_SORT/32768/1/iterations:1/repeats:50              1712489 us      1710883 us            1 L1-dcache-loads=537.467M items_per_second=19.1527k/s
BM_BUBBLE_SORT/32768/1/iterations:1/repeats:50              1711757 us      1711302 us            1 L1-dcache-loads=537.469M items_per_second=19.148k/s
BM_BUBBLE_SORT/32768/1/iterations:1/repeats:50              1708608 us      1706804 us            1 L1-dcache-loads=537.464M items_per_second=19.1985k/s
BM_BUBBLE_SORT/32768/1/iterations:1/repeats:50              1697469 us      1697139 us            1 L1-dcache-loads=537.46M items_per_second=19.3078k/s
BM_BUBBLE_SORT/32768/1/iterations:1/repeats:50              1711244 us      1709327 us            1 L1-dcache-loads=537.405M items_per_second=19.1701k/s
BM_BUBBLE_SORT/32768/1/iterations:1/repeats:50              1724803 us      1724334 us            1 L1-dcache-loads=537.458M items_per_second=19.0033k/s
BM_BUBBLE_SORT/32768/1/iterations:1/repeats:50              1718834 us      1713493 us            1 L1-dcache-loads=537.41M items_per_second=19.1235k/s
BM_BUBBLE_SORT/32768/1/iterations:1/repeats:50              1721547 us      1719827 us            1 L1-dcache-loads=537.446M items_per_second=19.0531k/s
BM_BUBBLE_SORT/32768/1/iterations:1/repeats:50              1706553 us      1706103 us            1 L1-dcache-loads=537.477M items_per_second=19.2063k/s
BM_BUBBLE_SORT/32768/1/iterations:1/repeats:50              1719923 us      1718025 us            1 L1-dcache-loads=537.449M items_per_second=19.0731k/s
BM_BUBBLE_SORT/32768/1/iterations:1/repeats:50              1720811 us      1720485 us            1 L1-dcache-loads=537.449M items_per_second=19.0458k/s
BM_BUBBLE_SORT/32768/1/iterations:1/repeats:50              1718172 us      1716272 us            1 L1-dcache-loads=537.344M items_per_second=19.0925k/s
BM_BUBBLE_SORT/32768/1/iterations:1/repeats:50              1741756 us      1716780 us            1 L1-dcache-loads=537.339M items_per_second=19.0869k/s
BM_BUBBLE_SORT/32768/1/iterations:1/repeats:50              1707128 us      1706812 us            1 L1-dcache-loads=537.473M items_per_second=19.1984k/s
BM_BUBBLE_SORT/32768/1/iterations:1/repeats:50              1707410 us      1705677 us            1 L1-dcache-loads=537.457M items_per_second=19.2111k/s
BM_BUBBLE_SORT/32768/1/iterations:1/repeats:50              1721212 us      1720766 us            1 L1-dcache-loads=537.451M items_per_second=19.0427k/s
BM_BUBBLE_SORT/32768/1/iterations:1/repeats:50              1714010 us      1712270 us            1 L1-dcache-loads=537.407M items_per_second=19.1372k/s
BM_BUBBLE_SORT/32768/1/iterations:1/repeats:50              1708994 us      1708543 us            1 L1-dcache-loads=537.446M items_per_second=19.1789k/s
BM_BUBBLE_SORT/32768/1/iterations:1/repeats:50              1708619 us      1706757 us            1 L1-dcache-loads=537.415M items_per_second=19.199k/s
BM_BUBBLE_SORT/32768/1/iterations:1/repeats:50              1711571 us      1706230 us            1 L1-dcache-loads=537.452M items_per_second=19.2049k/s
BM_BUBBLE_SORT/32768/1/iterations:1/repeats:50              1721274 us      1720829 us            1 L1-dcache-loads=537.444M items_per_second=19.042k/s
BM_BUBBLE_SORT/32768/1/iterations:1/repeats:50              1720438 us      1718715 us            1 L1-dcache-loads=537.471M items_per_second=19.0654k/s
BM_BUBBLE_SORT/32768/1/iterations:1/repeats:50              1712745 us      1712425 us            1 L1-dcache-loads=537.469M items_per_second=19.1354k/s
BM_BUBBLE_SORT/32768/1/iterations:1/repeats:50              1723824 us      1721944 us            1 L1-dcache-loads=537.458M items_per_second=19.0297k/s
BM_BUBBLE_SORT/32768/1/iterations:1/repeats:50              1708613 us      1707849 us            1 L1-dcache-loads=537.468M items_per_second=19.1867k/s
BM_BUBBLE_SORT/32768/1/iterations:1/repeats:50              1738063 us      1712326 us            1 L1-dcache-loads=537.467M items_per_second=19.1365k/s
BM_BUBBLE_SORT/32768/1/iterations:1/repeats:50              1723071 us      1722692 us            1 L1-dcache-loads=537.439M items_per_second=19.0214k/s
BM_BUBBLE_SORT/32768/1/iterations:1/repeats:50              1711464 us      1711090 us            1 L1-dcache-loads=537.468M items_per_second=19.1504k/s
BM_BUBBLE_SORT/32768/1/iterations:1/repeats:50              1724316 us      1722728 us            1 L1-dcache-loads=537.467M items_per_second=19.021k/s
BM_BUBBLE_SORT/32768/1/iterations:1/repeats:50              1717262 us      1716810 us            1 L1-dcache-loads=537.466M items_per_second=19.0866k/s
BM_BUBBLE_SORT/32768/1/iterations:1/repeats:50              1712526 us      1710636 us            1 L1-dcache-loads=537.479M items_per_second=19.1555k/s
BM_BUBBLE_SORT/32768/1/iterations:1/repeats:50              1709361 us      1709034 us            1 L1-dcache-loads=537.468M items_per_second=19.1734k/s
BM_BUBBLE_SORT/32768/1/iterations:1/repeats:50              1704971 us      1703108 us            1 L1-dcache-loads=537.398M items_per_second=19.2401k/s
BM_BUBBLE_SORT/32768/1/iterations:1/repeats:50              1729733 us      1724268 us            1 L1-dcache-loads=537.476M items_per_second=19.004k/s
BM_BUBBLE_SORT/32768/1/iterations:1/repeats:50              1712434 us      1712097 us            1 L1-dcache-loads=537.473M items_per_second=19.1391k/s
BM_BUBBLE_SORT/32768/1/iterations:1/repeats:50              1711720 us      1710003 us            1 L1-dcache-loads=537.475M items_per_second=19.1625k/s
BM_BUBBLE_SORT/32768/1/iterations:1/repeats:50              1714709 us      1714251 us            1 L1-dcache-loads=537.467M items_per_second=19.1151k/s
BM_BUBBLE_SORT/32768/1/iterations:1/repeats:50              1704994 us      1703231 us            1 L1-dcache-loads=537.478M items_per_second=19.2387k/s
BM_BUBBLE_SORT/32768/1/iterations:1/repeats:50              1710743 us      1710272 us            1 L1-dcache-loads=537.462M items_per_second=19.1595k/s
BM_BUBBLE_SORT/32768/1/iterations:1/repeats:50              1736018 us      1710148 us            1 L1-dcache-loads=537.469M items_per_second=19.1609k/s
BM_BUBBLE_SORT/32768/1/iterations:1/repeats:50_mean         1716546 us      1713187 us           50 L1-dcache-loads=537.45M items_per_second=19.1272k/s
BM_BUBBLE_SORT/32768/1/iterations:1/repeats:50_median       1714360 us      1712298 us           50 L1-dcache-loads=537.461M items_per_second=19.1369k/s
BM_BUBBLE_SORT/32768/1/iterations:1/repeats:50_stddev          9386 us         6223 us           50 L1-dcache-loads=30.2076k items_per_second=69.4951/s
BM_BUBBLE_SORT/32768/1/iterations:1/repeats:50_cv              0.55 %          0.36 %            50 L1-dcache-loads=0.01% items_per_second=0.36%
---- Running Tests ----
[==========] Running 9 tests from 3 test suites.
[----------] Global test environment set-up.
[----------] 3 tests from SelectionSortTest
[ RUN      ] SelectionSortTest.SortRandomArray
[       OK ] SelectionSortTest.SortRandomArray (0 ms)
[ RUN      ] SelectionSortTest.SortAlreadySortedArray
[       OK ] SelectionSortTest.SortAlreadySortedArray (0 ms)
[ RUN      ] SelectionSortTest.SortReverseSortedArray
[       OK ] SelectionSortTest.SortReverseSortedArray (0 ms)
[----------] 3 tests from SelectionSortTest (0 ms total)

[----------] 3 tests from BubbleSortTest
[ RUN      ] BubbleSortTest.SortArrayWithDuplicates
[       OK ] BubbleSortTest.SortArrayWithDuplicates (0 ms)
[ RUN      ] BubbleSortTest.SortSingleElementArray
[       OK ] BubbleSortTest.SortSingleElementArray (0 ms)
[ RUN      ] BubbleSortTest.SortNegativeNumbers
[       OK ] BubbleSortTest.SortNegativeNumbers (0 ms)
[----------] 3 tests from BubbleSortTest (0 ms total)

[----------] 3 tests from QuickSortTest
[ RUN      ] QuickSortTest.SortAllIdenticalElements
[       OK ] QuickSortTest.SortAllIdenticalElements (0 ms)
[ RUN      ] QuickSortTest.SortWorstCaseScenario
[       OK ] QuickSortTest.SortWorstCaseScenario (0 ms)
[ RUN      ] QuickSortTest.SortMixedPositiveNegativeZero
[       OK ] QuickSortTest.SortMixedPositiveNegativeZero (0 ms)
[----------] 3 tests from QuickSortTest (0 ms total)

[----------] Global test environment tear-down
[==========] 9 tests from 3 test suites ran. (0 ms total)
[  PASSED  ] 9 tests.
---- Plotting ----
Requirement already satisfied: numpy in ./venv/lib/python3.12/site-packages (from -r /home/babras/lab-01-4sp4-2025-13/script/requirements.txt (line 1)) (2.3.3)
Requirement already satisfied: matplotlib in ./venv/lib/python3.12/site-packages (from -r /home/babras/lab-01-4sp4-2025-13/script/requirements.txt (line 2)) (3.10.6)
Requirement already satisfied: contourpy>=1.0.1 in ./venv/lib/python3.12/site-packages (from matplotlib->-r /home/babras/lab-01-4sp4-2025-13/script/requirements.txt (line 2)) (1.3.3)
Requirement already satisfied: cycler>=0.10 in ./venv/lib/python3.12/site-packages (from matplotlib->-r /home/babras/lab-01-4sp4-2025-13/script/requirements.txt (line 2)) (0.12.1)
Requirement already satisfied: fonttools>=4.22.0 in ./venv/lib/python3.12/site-packages (from matplotlib->-r /home/babras/lab-01-4sp4-2025-13/script/requirements.txt (line 2)) (4.60.0)
Requirement already satisfied: kiwisolver>=1.3.1 in ./venv/lib/python3.12/site-packages (from matplotlib->-r /home/babras/lab-01-4sp4-2025-13/script/requirements.txt (line 2)) (1.4.9)
Requirement already satisfied: packaging>=20.0 in ./venv/lib/python3.12/site-packages (from matplotlib->-r /home/babras/lab-01-4sp4-2025-13/script/requirements.txt (line 2)) (25.0)
Requirement already satisfied: pillow>=8 in ./venv/lib/python3.12/site-packages (from matplotlib->-r /home/babras/lab-01-4sp4-2025-13/script/requirements.txt (line 2)) (11.3.0)
Requirement already satisfied: pyparsing>=2.3.1 in ./venv/lib/python3.12/site-packages (from matplotlib->-r /home/babras/lab-01-4sp4-2025-13/script/requirements.txt (line 2)) (3.2.5)
Requirement already satisfied: python-dateutil>=2.7 in ./venv/lib/python3.12/site-packages (from matplotlib->-r /home/babras/lab-01-4sp4-2025-13/script/requirements.txt (line 2)) (2.9.0.post0)
Requirement already satisfied: six>=1.5 in ./venv/lib/python3.12/site-packages (from python-dateutil>=2.7->matplotlib->-r /home/babras/lab-01-4sp4-2025-13/script/requirements.txt (line 2)) (1.17.0)
Generated three plots:
1. ./plots/sorting_performance_loglog.png - Log-log scale comparison
2. ./plots/sorting_performance_linear.png - Linear scale for small arrays
3. ./plots/sorting_performance_ratios.png - Performance ratios relative to std::sort
