----- Building -----
-- The C compiler identification is GNU 13.3.0
-- The CXX compiler identification is GNU 13.3.0
-- Detecting C compiler ABI info
-- Detecting C compiler ABI info - done
-- Check for working C compiler: /usr/bin/cc - skipped
-- Detecting C compile features
-- Detecting C compile features - done
-- Detecting CXX compiler ABI info
-- Detecting CXX compiler ABI info - done
-- Check for working CXX compiler: /usr/bin/c++ - skipped
-- Detecting CXX compile features
-- Detecting CXX compile features - done
-- Failed to find LLVM FileCheck
-- Found Git: /usr/bin/git (found version "2.43.0") 
-- Google Benchmark version: v1.9.4, normalized to 1.9.4
-- Performing Test HAVE_STD_REGEX -- success
-- Performing Test HAVE_GNU_POSIX_REGEX -- failed to compile
-- Performing Test HAVE_POSIX_REGEX -- success
-- Performing Test HAVE_STEADY_CLOCK -- success
-- Performing Test HAVE_PTHREAD_AFFINITY -- failed to compile
-- Found PFM: /home/coe4sp4/libpfm4/lib/libpfm.so  
-- Looking for Google Test sources
-- Looking for Google Test sources in /home/babras/lab-01-4sp4-2025-13/build/_deps/googlebenchmark-src/googletest
-- Did not find Google Test sources! Fetching from web...
-- Configuring done (0.1s)
-- Generating done (0.0s)
-- Build files have been written to: /home/babras/lab-01-4sp4-2025-13/build/_deps/googlebenchmark-build/third_party/googletest
[ 11%] Performing update step for 'googletest'
[ 22%] No patch step for 'googletest'
[ 33%] No configure step for 'googletest'
[ 44%] No build step for 'googletest'
[ 55%] No install step for 'googletest'
[ 66%] No test step for 'googletest'
[ 77%] Completed 'googletest'
[100%] Built target googletest
-- Configuring done (1.6s)
-- Generating done (1.7s)
-- Build files have been written to: /home/babras/lab-01-4sp4-2025-13/build
[  1%] Building CXX object _deps/googlebenchmark-build/third_party/googletest/build/googletest/CMakeFiles/gtest.dir/src/gtest-all.cc.o
[  2%] Building CXX object _deps/googlebenchmark-build/src/CMakeFiles/benchmark.dir/benchmark.cc.o
[  3%] Building CXX object _deps/googlebenchmark-build/src/CMakeFiles/benchmark.dir/benchmark_api_internal.cc.o
[  5%] Building CXX object _deps/googlebenchmark-build/src/CMakeFiles/benchmark.dir/benchmark_register.cc.o
[  6%] Building CXX object _deps/googlebenchmark-build/src/CMakeFiles/benchmark.dir/benchmark_name.cc.o
[  7%] Building CXX object _deps/googlebenchmark-build/src/CMakeFiles/benchmark.dir/benchmark_runner.cc.o
[  7%] Building CXX object _deps/googlebenchmark-build/src/CMakeFiles/benchmark.dir/check.cc.o
[  7%] Building CXX object _deps/googlebenchmark-build/src/CMakeFiles/benchmark.dir/colorprint.cc.o
[  7%] Building CXX object _deps/googlebenchmark-build/src/CMakeFiles/benchmark.dir/commandlineflags.cc.o
[  8%] Building CXX object _deps/googlebenchmark-build/src/CMakeFiles/benchmark.dir/complexity.cc.o
[  9%] Building CXX object _deps/googlebenchmark-build/src/CMakeFiles/benchmark.dir/console_reporter.cc.o
[ 10%] Building CXX object _deps/googlebenchmark-build/src/CMakeFiles/benchmark.dir/counter.cc.o
[ 10%] Building CXX object _deps/googlebenchmark-build/src/CMakeFiles/benchmark.dir/csv_reporter.cc.o
[ 11%] Building CXX object _deps/googlebenchmark-build/src/CMakeFiles/benchmark.dir/json_reporter.cc.o
[ 12%] Building CXX object _deps/googlebenchmark-build/src/CMakeFiles/benchmark.dir/perf_counters.cc.o
[ 13%] Building CXX object _deps/googlebenchmark-build/src/CMakeFiles/benchmark.dir/reporter.cc.o
[ 13%] Building CXX object _deps/googlebenchmark-build/src/CMakeFiles/benchmark.dir/statistics.cc.o
[ 14%] Building CXX object _deps/googlebenchmark-build/src/CMakeFiles/benchmark.dir/string_util.cc.o
[ 15%] Building CXX object _deps/googlebenchmark-build/src/CMakeFiles/benchmark.dir/sysinfo.cc.o
[ 16%] Building CXX object _deps/googlebenchmark-build/src/CMakeFiles/benchmark.dir/timers.cc.o
[ 16%] Linking CXX static library libbenchmark.a
[ 16%] Built target benchmark
[ 17%] Building CXX object _deps/googlebenchmark-build/test/CMakeFiles/spec_arg_test.dir/spec_arg_test.cc.o
[ 22%] Building CXX object _deps/googlebenchmark-build/test/CMakeFiles/spec_arg_verbosity_test.dir/spec_arg_verbosity_test.cc.o
[ 22%] Building CXX object _deps/googlebenchmark-build/src/CMakeFiles/benchmark_main.dir/benchmark_main.cc.o
[ 22%] Building CXX object _deps/googlebenchmark-build/test/CMakeFiles/output_test_helper.dir/output_test_helper.cc.o
[ 22%] Building CXX object _deps/googlebenchmark-build/test/CMakeFiles/benchmark_setup_teardown_test.dir/benchmark_setup_teardown_test.cc.o
[ 22%] Building CXX object _deps/googlebenchmark-build/test/CMakeFiles/benchmark_test.dir/benchmark_test.cc.o
[ 22%] Building CXX object CMakeFiles/lab01.dir/src/sort_algorithms.cpp.o
[ 23%] Building CXX object CMakeFiles/lab01.dir/src/utils.cpp.o
[ 23%] Building CXX object CMakeFiles/lab01.dir/main_bench.cpp.o
[ 23%] Linking CXX static library libbenchmark_main.a
[ 23%] Built target benchmark_main
[ 24%] Linking CXX executable spec_arg_verbosity_test
[ 25%] Building CXX object _deps/googlebenchmark-build/test/CMakeFiles/filter_test.dir/filter_test.cc.o
[ 25%] Linking CXX executable benchmark_setup_teardown_test
[ 25%] Built target spec_arg_verbosity_test
[ 26%] Linking CXX executable spec_arg_test
[ 27%] Building CXX object _deps/googlebenchmark-build/test/CMakeFiles/benchmark_min_time_flag_time_test.dir/benchmark_min_time_flag_time_test.cc.o
[ 27%] Built target benchmark_setup_teardown_test
[ 27%] Built target spec_arg_test
[ 28%] Building CXX object _deps/googlebenchmark-build/test/CMakeFiles/benchmark_min_time_flag_iters_test.dir/benchmark_min_time_flag_iters_test.cc.o
[ 28%] Building CXX object _deps/googlebenchmark-build/test/CMakeFiles/options_test.dir/options_test.cc.o
[ 28%] Linking CXX executable filter_test
[ 29%] Linking CXX executable lab01
[ 29%] Built target filter_test
[ 29%] Built target lab01
[ 29%] Linking CXX executable benchmark_min_time_flag_time_test
[ 30%] Linking CXX executable benchmark_test
[ 31%] Building CXX object _deps/googlebenchmark-build/test/CMakeFiles/basic_test.dir/basic_test.cc.o
[ 32%] Linking CXX executable benchmark_min_time_flag_iters_test
[ 33%] Building CXX object _deps/googlebenchmark-build/test/CMakeFiles/diagnostics_test.dir/diagnostics_test.cc.o
[ 34%] Linking CXX executable options_test
[ 34%] Built target benchmark_min_time_flag_time_test
[ 34%] Built target benchmark_test
[ 34%] Built target benchmark_min_time_flag_iters_test
[ 35%] Building CXX object _deps/googlebenchmark-build/test/CMakeFiles/skip_with_error_test.dir/skip_with_error_test.cc.o
[ 36%] Building CXX object _deps/googlebenchmark-build/test/CMakeFiles/donotoptimize_test.dir/donotoptimize_test.cc.o
[ 37%] Built target options_test
[ 37%] Building CXX object _deps/googlebenchmark-build/test/CMakeFiles/fixture_test.dir/fixture_test.cc.o
[ 38%] Building CXX object _deps/googlebenchmark-build/test/CMakeFiles/register_benchmark_test.dir/register_benchmark_test.cc.o
[ 39%] Linking CXX executable donotoptimize_test
[ 40%] Linking CXX executable diagnostics_test
[ 40%] Linking CXX executable basic_test
[ 40%] Built target donotoptimize_test
[ 41%] Building CXX object _deps/googlebenchmark-build/test/CMakeFiles/map_test.dir/map_test.cc.o
[ 41%] Built target diagnostics_test
[ 42%] Linking CXX executable fixture_test
[ 43%] Building CXX object _deps/googlebenchmark-build/test/CMakeFiles/multiple_ranges_test.dir/multiple_ranges_test.cc.o
[ 43%] Built target basic_test
[ 43%] Building CXX object _deps/googlebenchmark-build/test/CMakeFiles/args_product_test.dir/args_product_test.cc.o
[ 43%] Built target fixture_test
[ 44%] Building CXX object _deps/googlebenchmark-build/test/CMakeFiles/link_main_test.dir/link_main_test.cc.o
[ 45%] Linking CXX executable link_main_test
[ 46%] Linking CXX executable skip_with_error_test
[ 47%] Linking CXX executable map_test
[ 47%] Built target link_main_test
[ 47%] Built target map_test
[ 47%] Built target skip_with_error_test
[ 48%] Linking CXX executable register_benchmark_test
[ 50%] Building CXX object _deps/googlebenchmark-build/test/CMakeFiles/profiler_manager_iterations_test.dir/profiler_manager_iterations_test.cc.o
[ 51%] Building CXX object _deps/googlebenchmark-build/test/CMakeFiles/cxx11_test.dir/cxx11_test.cc.o
[ 52%] Linking CXX executable multiple_ranges_test
[ 52%] Built target register_benchmark_test
[ 53%] Linking CXX executable args_product_test
[ 53%] Built target multiple_ranges_test
[ 53%] Built target args_product_test
[ 53%] Linking CXX executable cxx11_test
[ 53%] Built target cxx11_test
[ 54%] Linking CXX executable profiler_manager_iterations_test
[ 54%] Built target profiler_manager_iterations_test
[ 54%] Linking CXX static library ../../../../../../lib/libgtest.a
[ 54%] Built target gtest
[ 55%] Building CXX object _deps/googlebenchmark-build/third_party/googletest/build/googlemock/CMakeFiles/gmock.dir/src/gmock-all.cc.o
[ 56%] Linking CXX static library liboutput_test_helper.a
[ 56%] Built target output_test_helper
[ 58%] Building CXX object _deps/googlebenchmark-build/test/CMakeFiles/templated_fixture_method_test.dir/templated_fixture_method_test.cc.o
[ 59%] Building CXX object _deps/googlebenchmark-build/test/CMakeFiles/internal_threading_test.dir/internal_threading_test.cc.o
[ 59%] Building CXX object _deps/googlebenchmark-build/test/CMakeFiles/templated_fixture_test.dir/templated_fixture_test.cc.o
[ 59%] Building CXX object _deps/googlebenchmark-build/test/CMakeFiles/user_counters_test.dir/user_counters_test.cc.o
[ 59%] Building CXX object _deps/googlebenchmark-build/test/CMakeFiles/repetitions_test.dir/repetitions_test.cc.o
[ 59%] Building CXX object _deps/googlebenchmark-build/test/CMakeFiles/reporter_output_test.dir/reporter_output_test.cc.o
[ 59%] Building CXX object _deps/googlebenchmark-build/test/CMakeFiles/perf_counters_test.dir/perf_counters_test.cc.o
[ 60%] Linking CXX executable templated_fixture_method_test
[ 61%] Linking CXX executable templated_fixture_test
[ 61%] Built target templated_fixture_method_test
[ 61%] Built target templated_fixture_test
[ 62%] Building CXX object _deps/googlebenchmark-build/test/CMakeFiles/manual_threading_test.dir/manual_threading_test.cc.o
[ 62%] Building CXX object _deps/googlebenchmark-build/test/CMakeFiles/report_aggregates_only_test.dir/report_aggregates_only_test.cc.o
[ 63%] Linking CXX executable perf_counters_test
[ 63%] Linking CXX executable internal_threading_test
[ 63%] Built target perf_counters_test
[ 63%] Built target internal_threading_test
[ 64%] Linking CXX executable repetitions_test
[ 65%] Building CXX object _deps/googlebenchmark-build/test/CMakeFiles/display_aggregates_only_test.dir/display_aggregates_only_test.cc.o
[ 66%] Building CXX object _deps/googlebenchmark-build/test/CMakeFiles/user_counters_tabular_test.dir/user_counters_tabular_test.cc.o
[ 66%] Built target repetitions_test
[ 67%] Linking CXX executable manual_threading_test
[ 68%] Building CXX object _deps/googlebenchmark-build/test/CMakeFiles/user_counters_thousands_test.dir/user_counters_thousands_test.cc.o
[ 68%] Built target manual_threading_test
[ 69%] Linking CXX executable report_aggregates_only_test
[ 69%] Building CXX object _deps/googlebenchmark-build/test/CMakeFiles/memory_manager_test.dir/memory_manager_test.cc.o
[ 69%] Built target report_aggregates_only_test
[ 69%] Building CXX object _deps/googlebenchmark-build/test/CMakeFiles/profiler_manager_test.dir/profiler_manager_test.cc.o
[ 69%] Linking CXX static library ../../../../../../lib/libgmock.a
[ 69%] Built target gmock
[ 70%] Building CXX object _deps/googlebenchmark-build/test/CMakeFiles/complexity_test.dir/complexity_test.cc.o
[ 70%] Linking CXX executable display_aggregates_only_test
[ 70%] Built target display_aggregates_only_test
[ 71%] Building CXX object _deps/googlebenchmark-build/third_party/googletest/build/googlemock/CMakeFiles/gmock_main.dir/src/gmock_main.cc.o
[ 72%] Linking CXX executable memory_manager_test
[ 73%] Linking CXX executable user_counters_test
[ 73%] Built target memory_manager_test
[ 73%] Built target user_counters_test
[ 74%] Linking CXX executable profiler_manager_test
[ 74%] Built target profiler_manager_test
[ 75%] Linking CXX executable user_counters_thousands_test
[ 75%] Built target user_counters_thousands_test
[ 76%] Linking CXX executable complexity_test
[ 76%] Built target complexity_test
[ 77%] Linking CXX static library ../../../../../../lib/libgmock_main.a
[ 77%] Built target gmock_main
[ 78%] Building CXX object _deps/googlebenchmark-build/test/CMakeFiles/benchmark_name_gtest.dir/benchmark_name_gtest.cc.o
[ 80%] Building CXX object _deps/googlebenchmark-build/test/CMakeFiles/string_util_gtest.dir/string_util_gtest.cc.o
[ 80%] Building CXX object _deps/googlebenchmark-build/test/CMakeFiles/commandlineflags_gtest.dir/commandlineflags_gtest.cc.o
[ 82%] Building CXX object _deps/googlebenchmark-build/test/CMakeFiles/benchmark_random_interleaving_gtest.dir/benchmark_random_interleaving_gtest.cc.o
[ 82%] Building CXX object _deps/googlebenchmark-build/test/CMakeFiles/benchmark_gtest.dir/benchmark_gtest.cc.o
[ 82%] Building CXX object _deps/googlebenchmark-build/test/CMakeFiles/statistics_gtest.dir/statistics_gtest.cc.o
[ 83%] Linking CXX executable reporter_output_test
[ 84%] Linking CXX executable user_counters_tabular_test
[ 84%] Built target reporter_output_test
[ 84%] Building CXX object _deps/googlebenchmark-build/test/CMakeFiles/perf_counters_gtest.dir/perf_counters_gtest.cc.o
[ 84%] Built target user_counters_tabular_test
[ 84%] Building CXX object _deps/googlebenchmark-build/test/CMakeFiles/time_unit_gtest.dir/time_unit_gtest.cc.o
[ 85%] Linking CXX executable statistics_gtest
[ 85%] Built target statistics_gtest
[ 86%] Linking CXX executable benchmark_name_gtest
[ 86%] Building CXX object _deps/googlebenchmark-build/test/CMakeFiles/min_time_parse_gtest.dir/min_time_parse_gtest.cc.o
[ 86%] Built target benchmark_name_gtest
[ 86%] Building CXX object _deps/googlebenchmark-build/test/CMakeFiles/profiler_manager_gtest.dir/profiler_manager_gtest.cc.o
[ 87%] Linking CXX executable time_unit_gtest
[ 87%] Built target time_unit_gtest
[ 88%] Building CXX object _deps/googlebenchmark-build/test/CMakeFiles/benchmark_setup_teardown_cb_types_gtest.dir/benchmark_setup_teardown_cb_types_gtest.cc.o
[ 88%] Linking CXX executable benchmark_random_interleaving_gtest
[ 88%] Built target benchmark_random_interleaving_gtest
[ 89%] Building CXX object _deps/googlebenchmark-build/test/CMakeFiles/memory_results_gtest.dir/memory_results_gtest.cc.o
[ 90%] Linking CXX executable min_time_parse_gtest
[ 91%] Linking CXX executable profiler_manager_gtest
[ 91%] Built target min_time_parse_gtest
[ 91%] Building CXX object test/CMakeFiles/sort_test.dir/sort_test.cpp.o
[ 91%] Built target profiler_manager_gtest
[ 92%] Building CXX object test/CMakeFiles/sort_test.dir/__/src/sort_algorithms.cpp.o
[ 93%] Building CXX object test/CMakeFiles/sort_test.dir/__/src/utils.cpp.o
[ 93%] Linking CXX executable commandlineflags_gtest
[ 93%] Built target commandlineflags_gtest
[ 94%] Linking CXX executable string_util_gtest
[ 95%] Linking CXX executable benchmark_setup_teardown_cb_types_gtest
[ 95%] Built target string_util_gtest
[ 95%] Built target benchmark_setup_teardown_cb_types_gtest
[ 96%] Linking CXX executable memory_results_gtest
[ 97%] Linking CXX executable perf_counters_gtest
[ 97%] Built target memory_results_gtest
[ 97%] Built target perf_counters_gtest
[ 98%] Linking CXX executable sort_test
[ 98%] Built target sort_test
[100%] Linking CXX executable benchmark_gtest
[100%] Built target benchmark_gtest
make: *** No targets specified and no makefile found.  Stop.
---- Running ----
2025-09-27T22:29:11-04:00
Running /home/babras/lab-01-4sp4-2025-13/build/lab01
Run on (20 X 5300 MHz CPU s)
CPU Caches:
  L1 Data 48 KiB (x20)
  L1 Instruction 64 KiB (x20)
  L2 Unified 3072 KiB (x20)
  L3 Unified 30720 KiB (x1)
Load Average: 5.02, 1.46, 0.56
***WARNING*** CPU scaling is enabled, the benchmark real time measurements may be noisy and will incur extra overhead.
-------------------------------------------------------------------------------------------------------------------
Benchmark                                                         Time             CPU   Iterations UserCounters...
-------------------------------------------------------------------------------------------------------------------
BM_SORT_STD/4/1/iterations:1/repeats:50                        3.69 us         2.98 us            1 L1-dcache-loads=104 items_per_second=1.34048M/s
BM_SORT_STD/4/1/iterations:1/repeats:50                       0.417 us        0.411 us            1 L1-dcache-loads=101 items_per_second=9.73236M/s
BM_SORT_STD/4/1/iterations:1/repeats:50                       0.445 us        0.436 us            1 L1-dcache-loads=106 items_per_second=9.17431M/s
BM_SORT_STD/4/1/iterations:1/repeats:50                       0.401 us        0.403 us            1 L1-dcache-loads=103 items_per_second=9.92556M/s
BM_SORT_STD/4/1/iterations:1/repeats:50                       0.374 us        0.371 us            1 L1-dcache-loads=104 items_per_second=10.7817M/s
BM_SORT_STD/4/1/iterations:1/repeats:50                       0.395 us        0.391 us            1 L1-dcache-loads=101 items_per_second=10.2302M/s
BM_SORT_STD/4/1/iterations:1/repeats:50                       0.372 us        0.368 us            1 L1-dcache-loads=101 items_per_second=10.8696M/s
BM_SORT_STD/4/1/iterations:1/repeats:50                       0.363 us        0.362 us            1 L1-dcache-loads=102 items_per_second=11.0497M/s
BM_SORT_STD/4/1/iterations:1/repeats:50                       0.369 us        0.371 us            1 L1-dcache-loads=104 items_per_second=10.7817M/s
BM_SORT_STD/4/1/iterations:1/repeats:50                       0.401 us        0.399 us            1 L1-dcache-loads=102 items_per_second=10.0251M/s
BM_SORT_STD/4/1/iterations:1/repeats:50                       0.361 us        0.359 us            1 L1-dcache-loads=101 items_per_second=11.1421M/s
BM_SORT_STD/4/1/iterations:1/repeats:50                       0.371 us        0.355 us            1 L1-dcache-loads=103 items_per_second=11.2676M/s
BM_SORT_STD/4/1/iterations:1/repeats:50                       0.392 us        0.392 us            1 L1-dcache-loads=103 items_per_second=10.2041M/s
BM_SORT_STD/4/1/iterations:1/repeats:50                       0.381 us        0.381 us            1 L1-dcache-loads=104 items_per_second=10.4987M/s
BM_SORT_STD/4/1/iterations:1/repeats:50                       0.350 us        0.352 us            1 L1-dcache-loads=105 items_per_second=11.3636M/s
BM_SORT_STD/4/1/iterations:1/repeats:50                       0.357 us        0.357 us            1 L1-dcache-loads=104 items_per_second=11.2045M/s
BM_SORT_STD/4/1/iterations:1/repeats:50                       0.364 us        0.366 us            1 L1-dcache-loads=102 items_per_second=10.929M/s
BM_SORT_STD/4/1/iterations:1/repeats:50                       0.417 us        0.413 us            1 L1-dcache-loads=107 items_per_second=9.68523M/s
BM_SORT_STD/4/1/iterations:1/repeats:50                       0.393 us        0.392 us            1 L1-dcache-loads=102 items_per_second=10.2041M/s
BM_SORT_STD/4/1/iterations:1/repeats:50                       0.367 us        0.367 us            1 L1-dcache-loads=107 items_per_second=10.8992M/s
BM_SORT_STD/4/1/iterations:1/repeats:50                       0.375 us        0.371 us            1 L1-dcache-loads=104 items_per_second=10.7817M/s
BM_SORT_STD/4/1/iterations:1/repeats:50                       0.351 us        0.364 us            1 L1-dcache-loads=102 items_per_second=10.989M/s
BM_SORT_STD/4/1/iterations:1/repeats:50                       0.360 us        0.361 us            1 L1-dcache-loads=104 items_per_second=11.0803M/s
BM_SORT_STD/4/1/iterations:1/repeats:50                       0.351 us        0.353 us            1 L1-dcache-loads=105 items_per_second=11.3314M/s
BM_SORT_STD/4/1/iterations:1/repeats:50                       0.371 us        0.370 us            1 L1-dcache-loads=107 items_per_second=10.8108M/s
BM_SORT_STD/4/1/iterations:1/repeats:50                       0.363 us        0.364 us            1 L1-dcache-loads=101 items_per_second=10.989M/s
BM_SORT_STD/4/1/iterations:1/repeats:50                       0.390 us        0.391 us            1 L1-dcache-loads=101 items_per_second=10.2302M/s
BM_SORT_STD/4/1/iterations:1/repeats:50                       0.366 us        0.365 us            1 L1-dcache-loads=103 items_per_second=10.9589M/s
BM_SORT_STD/4/1/iterations:1/repeats:50                       0.375 us        0.385 us            1 L1-dcache-loads=104 items_per_second=10.3896M/s
BM_SORT_STD/4/1/iterations:1/repeats:50                       0.389 us        0.400 us            1 L1-dcache-loads=105 items_per_second=10M/s
BM_SORT_STD/4/1/iterations:1/repeats:50                       0.369 us        0.368 us            1 L1-dcache-loads=104 items_per_second=10.8696M/s
BM_SORT_STD/4/1/iterations:1/repeats:50                       0.361 us        0.362 us            1 L1-dcache-loads=103 items_per_second=11.0497M/s
BM_SORT_STD/4/1/iterations:1/repeats:50                       0.351 us        0.352 us            1 L1-dcache-loads=101 items_per_second=11.3636M/s
BM_SORT_STD/4/1/iterations:1/repeats:50                       0.385 us        0.374 us            1 L1-dcache-loads=103 items_per_second=10.6952M/s
BM_SORT_STD/4/1/iterations:1/repeats:50                       0.361 us        0.362 us            1 L1-dcache-loads=107 items_per_second=11.0497M/s
BM_SORT_STD/4/1/iterations:1/repeats:50                       0.359 us        0.360 us            1 L1-dcache-loads=104 items_per_second=11.1111M/s
BM_SORT_STD/4/1/iterations:1/repeats:50                       0.382 us        0.375 us            1 L1-dcache-loads=106 items_per_second=10.6667M/s
BM_SORT_STD/4/1/iterations:1/repeats:50                       0.380 us        0.380 us            1 L1-dcache-loads=104 items_per_second=10.5263M/s
BM_SORT_STD/4/1/iterations:1/repeats:50                       0.374 us        0.364 us            1 L1-dcache-loads=106 items_per_second=10.989M/s
BM_SORT_STD/4/1/iterations:1/repeats:50                       0.358 us        0.360 us            1 L1-dcache-loads=103 items_per_second=11.1111M/s
BM_SORT_STD/4/1/iterations:1/repeats:50                       0.350 us        0.352 us            1 L1-dcache-loads=102 items_per_second=11.3636M/s
BM_SORT_STD/4/1/iterations:1/repeats:50                       0.359 us        0.361 us            1 L1-dcache-loads=106 items_per_second=11.0803M/s
BM_SORT_STD/4/1/iterations:1/repeats:50                       0.373 us        0.375 us            1 L1-dcache-loads=103 items_per_second=10.6667M/s
BM_SORT_STD/4/1/iterations:1/repeats:50                       0.387 us        0.385 us            1 L1-dcache-loads=103 items_per_second=10.3896M/s
BM_SORT_STD/4/1/iterations:1/repeats:50                       0.360 us        0.359 us            1 L1-dcache-loads=102 items_per_second=11.1421M/s
BM_SORT_STD/4/1/iterations:1/repeats:50                       0.371 us        0.371 us            1 L1-dcache-loads=102 items_per_second=10.7817M/s
BM_SORT_STD/4/1/iterations:1/repeats:50                       0.352 us        0.350 us            1 L1-dcache-loads=104 items_per_second=11.4286M/s
BM_SORT_STD/4/1/iterations:1/repeats:50                       0.361 us        0.362 us            1 L1-dcache-loads=105 items_per_second=11.0497M/s
BM_SORT_STD/4/1/iterations:1/repeats:50                       0.372 us        0.372 us            1 L1-dcache-loads=104 items_per_second=10.7527M/s
BM_SORT_STD/4/1/iterations:1/repeats:50                       0.361 us        0.362 us            1 L1-dcache-loads=101 items_per_second=11.0497M/s
BM_SORT_STD/4/1/iterations:1/repeats:50_mean                  0.440 us        0.425 us           50 L1-dcache-loads=103.5 items_per_second=10.5601M/s
BM_SORT_STD/4/1/iterations:1/repeats:50_median                0.371 us        0.368 us           50 L1-dcache-loads=103.5 items_per_second=10.8696M/s
BM_SORT_STD/4/1/iterations:1/repeats:50_stddev                0.470 us        0.370 us           50 L1-dcache-loads=1.78714 items_per_second=1.41873M/s
BM_SORT_STD/4/1/iterations:1/repeats:50_cv                   106.75 %         86.95 %            50 L1-dcache-loads=1.73% items_per_second=13.43%
BM_SORT_STD/8/1/iterations:1/repeats:50                        2.15 us         1.79 us            1 L1-dcache-loads=127 items_per_second=4.45931M/s
BM_SORT_STD/8/1/iterations:1/repeats:50                       0.395 us        0.392 us            1 L1-dcache-loads=123 items_per_second=20.4082M/s
BM_SORT_STD/8/1/iterations:1/repeats:50                       0.399 us        0.387 us            1 L1-dcache-loads=127 items_per_second=20.6718M/s
BM_SORT_STD/8/1/iterations:1/repeats:50                       0.384 us        0.379 us            1 L1-dcache-loads=128 items_per_second=21.1082M/s
BM_SORT_STD/8/1/iterations:1/repeats:50                       0.376 us        0.373 us            1 L1-dcache-loads=129 items_per_second=21.4477M/s
BM_SORT_STD/8/1/iterations:1/repeats:50                       0.390 us        0.386 us            1 L1-dcache-loads=124 items_per_second=20.7254M/s
BM_SORT_STD/8/1/iterations:1/repeats:50                       0.375 us        0.374 us            1 L1-dcache-loads=122 items_per_second=21.3904M/s
BM_SORT_STD/8/1/iterations:1/repeats:50                       0.383 us        0.399 us            1 L1-dcache-loads=120 items_per_second=20.0501M/s
BM_SORT_STD/8/1/iterations:1/repeats:50                       0.369 us        0.367 us            1 L1-dcache-loads=119 items_per_second=21.7984M/s
BM_SORT_STD/8/1/iterations:1/repeats:50                       0.389 us        0.385 us            1 L1-dcache-loads=128 items_per_second=20.7792M/s
BM_SORT_STD/8/1/iterations:1/repeats:50                       0.382 us        0.394 us            1 L1-dcache-loads=130 items_per_second=20.3046M/s
BM_SORT_STD/8/1/iterations:1/repeats:50                       0.374 us        0.369 us            1 L1-dcache-loads=124 items_per_second=21.6802M/s
BM_SORT_STD/8/1/iterations:1/repeats:50                       0.359 us        0.356 us            1 L1-dcache-loads=124 items_per_second=22.4719M/s
BM_SORT_STD/8/1/iterations:1/repeats:50                       0.354 us        0.352 us            1 L1-dcache-loads=124 items_per_second=22.7273M/s
BM_SORT_STD/8/1/iterations:1/repeats:50                       0.349 us        0.338 us            1 L1-dcache-loads=119 items_per_second=23.6686M/s
BM_SORT_STD/8/1/iterations:1/repeats:50                       0.366 us        0.365 us            1 L1-dcache-loads=126 items_per_second=21.9178M/s
BM_SORT_STD/8/1/iterations:1/repeats:50                       0.374 us        0.381 us            1 L1-dcache-loads=126 items_per_second=20.9974M/s
BM_SORT_STD/8/1/iterations:1/repeats:50                       0.374 us        0.369 us            1 L1-dcache-loads=128 items_per_second=21.6802M/s
BM_SORT_STD/8/1/iterations:1/repeats:50                       0.382 us        0.390 us            1 L1-dcache-loads=128 items_per_second=20.5128M/s
BM_SORT_STD/8/1/iterations:1/repeats:50                       0.405 us        0.399 us            1 L1-dcache-loads=130 items_per_second=20.0501M/s
BM_SORT_STD/8/1/iterations:1/repeats:50                       0.341 us        0.342 us            1 L1-dcache-loads=122 items_per_second=23.3918M/s
BM_SORT_STD/8/1/iterations:1/repeats:50                       0.366 us        0.377 us            1 L1-dcache-loads=123 items_per_second=21.2202M/s
BM_SORT_STD/8/1/iterations:1/repeats:50                       0.372 us        0.359 us            1 L1-dcache-loads=126 items_per_second=22.2841M/s
BM_SORT_STD/8/1/iterations:1/repeats:50                       0.372 us        0.364 us            1 L1-dcache-loads=128 items_per_second=21.978M/s
BM_SORT_STD/8/1/iterations:1/repeats:50                       0.357 us        0.357 us            1 L1-dcache-loads=125 items_per_second=22.409M/s
BM_SORT_STD/8/1/iterations:1/repeats:50                       0.345 us        0.344 us            1 L1-dcache-loads=125 items_per_second=23.2558M/s
BM_SORT_STD/8/1/iterations:1/repeats:50                       0.369 us        0.369 us            1 L1-dcache-loads=125 items_per_second=21.6802M/s
BM_SORT_STD/8/1/iterations:1/repeats:50                       0.337 us        0.337 us            1 L1-dcache-loads=123 items_per_second=23.7389M/s
BM_SORT_STD/8/1/iterations:1/repeats:50                       0.363 us        0.349 us            1 L1-dcache-loads=122 items_per_second=22.9226M/s
BM_SORT_STD/8/1/iterations:1/repeats:50                       0.365 us        0.366 us            1 L1-dcache-loads=122 items_per_second=21.8579M/s
BM_SORT_STD/8/1/iterations:1/repeats:50                       0.346 us        0.348 us            1 L1-dcache-loads=125 items_per_second=22.9885M/s
BM_SORT_STD/8/1/iterations:1/repeats:50                       0.348 us        0.355 us            1 L1-dcache-loads=118 items_per_second=22.5352M/s
BM_SORT_STD/8/1/iterations:1/repeats:50                       0.345 us        0.344 us            1 L1-dcache-loads=120 items_per_second=23.2558M/s
BM_SORT_STD/8/1/iterations:1/repeats:50                       0.412 us        0.400 us            1 L1-dcache-loads=126 items_per_second=20M/s
BM_SORT_STD/8/1/iterations:1/repeats:50                       0.356 us        0.355 us            1 L1-dcache-loads=131 items_per_second=22.5352M/s
BM_SORT_STD/8/1/iterations:1/repeats:50                       0.340 us        0.354 us            1 L1-dcache-loads=125 items_per_second=22.5989M/s
BM_SORT_STD/8/1/iterations:1/repeats:50                       0.446 us        0.439 us            1 L1-dcache-loads=122 items_per_second=18.2232M/s
BM_SORT_STD/8/1/iterations:1/repeats:50                       0.347 us        0.345 us            1 L1-dcache-loads=123 items_per_second=23.1884M/s
BM_SORT_STD/8/1/iterations:1/repeats:50                       0.346 us        0.342 us            1 L1-dcache-loads=122 items_per_second=23.3918M/s
BM_SORT_STD/8/1/iterations:1/repeats:50                       0.360 us        0.359 us            1 L1-dcache-loads=124 items_per_second=22.2841M/s
BM_SORT_STD/8/1/iterations:1/repeats:50                       0.341 us        0.341 us            1 L1-dcache-loads=122 items_per_second=23.4604M/s
BM_SORT_STD/8/1/iterations:1/repeats:50                       0.353 us        0.366 us            1 L1-dcache-loads=119 items_per_second=21.8579M/s
BM_SORT_STD/8/1/iterations:1/repeats:50                       0.363 us        0.364 us            1 L1-dcache-loads=129 items_per_second=21.978M/s
BM_SORT_STD/8/1/iterations:1/repeats:50                       0.372 us        0.364 us            1 L1-dcache-loads=125 items_per_second=21.978M/s
BM_SORT_STD/8/1/iterations:1/repeats:50                       0.357 us        0.357 us            1 L1-dcache-loads=129 items_per_second=22.409M/s
BM_SORT_STD/8/1/iterations:1/repeats:50                       0.370 us        0.365 us            1 L1-dcache-loads=130 items_per_second=21.9178M/s
BM_SORT_STD/8/1/iterations:1/repeats:50                       0.376 us        0.397 us            1 L1-dcache-loads=121 items_per_second=20.1511M/s
BM_SORT_STD/8/1/iterations:1/repeats:50                       0.345 us        0.345 us            1 L1-dcache-loads=120 items_per_second=23.1884M/s
BM_SORT_STD/8/1/iterations:1/repeats:50                       0.339 us        0.340 us            1 L1-dcache-loads=123 items_per_second=23.5294M/s
BM_SORT_STD/8/1/iterations:1/repeats:50                       0.344 us        0.356 us            1 L1-dcache-loads=124 items_per_second=22.4719M/s
BM_SORT_STD/8/1/iterations:1/repeats:50_mean                  0.402 us        0.395 us           50 L1-dcache-loads=124.5 items_per_second=21.5506M/s
BM_SORT_STD/8/1/iterations:1/repeats:50_median                0.366 us        0.365 us           50 L1-dcache-loads=124 items_per_second=21.9479M/s
BM_SORT_STD/8/1/iterations:1/repeats:50_stddev                0.253 us        0.203 us           50 L1-dcache-loads=3.32124 items_per_second=2.73755M/s
BM_SORT_STD/8/1/iterations:1/repeats:50_cv                    62.92 %         51.38 %            50 L1-dcache-loads=2.67% items_per_second=12.70%
BM_SORT_STD/16/1/iterations:1/repeats:50                      0.604 us        0.577 us            1 L1-dcache-loads=179 items_per_second=27.7296M/s
BM_SORT_STD/16/1/iterations:1/repeats:50                      0.457 us        0.455 us            1 L1-dcache-loads=178 items_per_second=35.1648M/s
BM_SORT_STD/16/1/iterations:1/repeats:50                      0.491 us        0.489 us            1 L1-dcache-loads=185 items_per_second=32.7198M/s
BM_SORT_STD/16/1/iterations:1/repeats:50                      0.483 us        0.482 us            1 L1-dcache-loads=183 items_per_second=33.195M/s
BM_SORT_STD/16/1/iterations:1/repeats:50                      0.476 us        0.471 us            1 L1-dcache-loads=199 items_per_second=33.9703M/s
BM_SORT_STD/16/1/iterations:1/repeats:50                      0.441 us        0.438 us            1 L1-dcache-loads=188 items_per_second=36.5297M/s
BM_SORT_STD/16/1/iterations:1/repeats:50                      0.436 us        0.436 us            1 L1-dcache-loads=184 items_per_second=36.6972M/s
BM_SORT_STD/16/1/iterations:1/repeats:50                      0.423 us        0.436 us            1 L1-dcache-loads=186 items_per_second=36.6972M/s
BM_SORT_STD/16/1/iterations:1/repeats:50                      0.450 us        0.449 us            1 L1-dcache-loads=182 items_per_second=35.6347M/s
BM_SORT_STD/16/1/iterations:1/repeats:50                      0.466 us        0.459 us            1 L1-dcache-loads=206 items_per_second=34.8584M/s
BM_SORT_STD/16/1/iterations:1/repeats:50                      0.429 us        0.429 us            1 L1-dcache-loads=185 items_per_second=37.296M/s
BM_SORT_STD/16/1/iterations:1/repeats:50                      0.394 us        0.395 us            1 L1-dcache-loads=180 items_per_second=40.5063M/s
BM_SORT_STD/16/1/iterations:1/repeats:50                      0.435 us        0.452 us            1 L1-dcache-loads=188 items_per_second=35.3982M/s
BM_SORT_STD/16/1/iterations:1/repeats:50                      0.463 us        0.462 us            1 L1-dcache-loads=194 items_per_second=34.632M/s
BM_SORT_STD/16/1/iterations:1/repeats:50                      0.457 us        0.455 us            1 L1-dcache-loads=195 items_per_second=35.1648M/s
BM_SORT_STD/16/1/iterations:1/repeats:50                      0.435 us        0.435 us            1 L1-dcache-loads=194 items_per_second=36.7816M/s
BM_SORT_STD/16/1/iterations:1/repeats:50                      0.466 us        0.465 us            1 L1-dcache-loads=187 items_per_second=34.4086M/s
BM_SORT_STD/16/1/iterations:1/repeats:50                      0.445 us        0.437 us            1 L1-dcache-loads=187 items_per_second=36.6133M/s
BM_SORT_STD/16/1/iterations:1/repeats:50                      0.435 us        0.434 us            1 L1-dcache-loads=181 items_per_second=36.8664M/s
BM_SORT_STD/16/1/iterations:1/repeats:50                      0.399 us        0.403 us            1 L1-dcache-loads=176 items_per_second=39.7022M/s
BM_SORT_STD/16/1/iterations:1/repeats:50                      0.428 us        0.426 us            1 L1-dcache-loads=189 items_per_second=37.5587M/s
BM_SORT_STD/16/1/iterations:1/repeats:50                      0.438 us        0.438 us            1 L1-dcache-loads=175 items_per_second=36.5297M/s
BM_SORT_STD/16/1/iterations:1/repeats:50                      0.412 us        0.410 us            1 L1-dcache-loads=192 items_per_second=39.0244M/s
BM_SORT_STD/16/1/iterations:1/repeats:50                      0.461 us        0.462 us            1 L1-dcache-loads=174 items_per_second=34.632M/s
BM_SORT_STD/16/1/iterations:1/repeats:50                      0.417 us        0.410 us            1 L1-dcache-loads=167 items_per_second=39.0244M/s
BM_SORT_STD/16/1/iterations:1/repeats:50                      0.409 us        0.404 us            1 L1-dcache-loads=198 items_per_second=39.604M/s
BM_SORT_STD/16/1/iterations:1/repeats:50                      0.409 us        0.407 us            1 L1-dcache-loads=194 items_per_second=39.312M/s
BM_SORT_STD/16/1/iterations:1/repeats:50                      0.409 us        0.408 us            1 L1-dcache-loads=175 items_per_second=39.2157M/s
BM_SORT_STD/16/1/iterations:1/repeats:50                      0.438 us        0.431 us            1 L1-dcache-loads=190 items_per_second=37.123M/s
BM_SORT_STD/16/1/iterations:1/repeats:50                      0.441 us        0.440 us            1 L1-dcache-loads=183 items_per_second=36.3636M/s
BM_SORT_STD/16/1/iterations:1/repeats:50                      0.441 us        0.438 us            1 L1-dcache-loads=188 items_per_second=36.5297M/s
BM_SORT_STD/16/1/iterations:1/repeats:50                      0.438 us        0.435 us            1 L1-dcache-loads=195 items_per_second=36.7816M/s
BM_SORT_STD/16/1/iterations:1/repeats:50                      0.460 us        0.457 us            1 L1-dcache-loads=194 items_per_second=35.0109M/s
BM_SORT_STD/16/1/iterations:1/repeats:50                      0.505 us        0.494 us            1 L1-dcache-loads=196 items_per_second=32.3887M/s
BM_SORT_STD/16/1/iterations:1/repeats:50                      0.494 us        0.508 us            1 L1-dcache-loads=191 items_per_second=31.4961M/s
BM_SORT_STD/16/1/iterations:1/repeats:50                      0.462 us        0.462 us            1 L1-dcache-loads=198 items_per_second=34.632M/s
BM_SORT_STD/16/1/iterations:1/repeats:50                      0.468 us        0.455 us            1 L1-dcache-loads=187 items_per_second=35.1648M/s
BM_SORT_STD/16/1/iterations:1/repeats:50                      0.406 us        0.405 us            1 L1-dcache-loads=188 items_per_second=39.5062M/s
BM_SORT_STD/16/1/iterations:1/repeats:50                      0.424 us        0.423 us            1 L1-dcache-loads=178 items_per_second=37.8251M/s
BM_SORT_STD/16/1/iterations:1/repeats:50                      0.467 us        0.467 us            1 L1-dcache-loads=192 items_per_second=34.2612M/s
BM_SORT_STD/16/1/iterations:1/repeats:50                      0.465 us        0.464 us            1 L1-dcache-loads=188 items_per_second=34.4828M/s
BM_SORT_STD/16/1/iterations:1/repeats:50                      0.432 us        0.429 us            1 L1-dcache-loads=174 items_per_second=37.296M/s
BM_SORT_STD/16/1/iterations:1/repeats:50                      0.417 us        0.415 us            1 L1-dcache-loads=213 items_per_second=38.5542M/s
BM_SORT_STD/16/1/iterations:1/repeats:50                      0.410 us        0.416 us            1 L1-dcache-loads=175 items_per_second=38.4615M/s
BM_SORT_STD/16/1/iterations:1/repeats:50                      0.438 us        0.437 us            1 L1-dcache-loads=209 items_per_second=36.6133M/s
BM_SORT_STD/16/1/iterations:1/repeats:50                      0.404 us        0.401 us            1 L1-dcache-loads=179 items_per_second=39.9002M/s
BM_SORT_STD/16/1/iterations:1/repeats:50                      0.423 us        0.422 us            1 L1-dcache-loads=173 items_per_second=37.9147M/s
BM_SORT_STD/16/1/iterations:1/repeats:50                      0.417 us        0.415 us            1 L1-dcache-loads=195 items_per_second=38.5542M/s
BM_SORT_STD/16/1/iterations:1/repeats:50                      0.428 us        0.427 us            1 L1-dcache-loads=175 items_per_second=37.4707M/s
BM_SORT_STD/16/1/iterations:1/repeats:50                      0.408 us        0.409 us            1 L1-dcache-loads=180 items_per_second=39.1198M/s
BM_SORT_STD/16/1/iterations:1/repeats:50_mean                 0.443 us        0.441 us           50 L1-dcache-loads=186.84 items_per_second=36.4184M/s
BM_SORT_STD/16/1/iterations:1/repeats:50_median               0.438 us        0.437 us           50 L1-dcache-loads=187 items_per_second=36.6553M/s
BM_SORT_STD/16/1/iterations:1/repeats:50_stddev               0.035 us        0.033 us           50 L1-dcache-loads=9.67716 items_per_second=2.46567M/s
BM_SORT_STD/16/1/iterations:1/repeats:50_cv                    7.91 %          7.37 %            50 L1-dcache-loads=5.18% items_per_second=6.77%
BM_SORT_STD/32/1/iterations:1/repeats:50                       1.03 us         1.02 us            1 L1-dcache-loads=363 items_per_second=31.5271M/s
BM_SORT_STD/32/1/iterations:1/repeats:50                      0.836 us        0.837 us            1 L1-dcache-loads=359 items_per_second=38.2318M/s
BM_SORT_STD/32/1/iterations:1/repeats:50                      0.853 us        0.839 us            1 L1-dcache-loads=344 items_per_second=38.1406M/s
BM_SORT_STD/32/1/iterations:1/repeats:50                      0.735 us        0.733 us            1 L1-dcache-loads=363 items_per_second=43.6562M/s
BM_SORT_STD/32/1/iterations:1/repeats:50                      0.773 us        0.759 us            1 L1-dcache-loads=343 items_per_second=42.1607M/s
BM_SORT_STD/32/1/iterations:1/repeats:50                      0.746 us        0.744 us            1 L1-dcache-loads=343 items_per_second=43.0108M/s
BM_SORT_STD/32/1/iterations:1/repeats:50                      0.759 us        0.762 us            1 L1-dcache-loads=352 items_per_second=41.9948M/s
BM_SORT_STD/32/1/iterations:1/repeats:50                      0.714 us        0.700 us            1 L1-dcache-loads=350 items_per_second=45.7143M/s
BM_SORT_STD/32/1/iterations:1/repeats:50                      0.734 us        0.743 us            1 L1-dcache-loads=353 items_per_second=43.0686M/s
BM_SORT_STD/32/1/iterations:1/repeats:50                      0.751 us        0.757 us            1 L1-dcache-loads=316 items_per_second=42.2721M/s
BM_SORT_STD/32/1/iterations:1/repeats:50                      0.722 us        0.722 us            1 L1-dcache-loads=338 items_per_second=44.3213M/s
BM_SORT_STD/32/1/iterations:1/repeats:50                      0.700 us        0.702 us            1 L1-dcache-loads=335 items_per_second=45.584M/s
BM_SORT_STD/32/1/iterations:1/repeats:50                      0.729 us        0.727 us            1 L1-dcache-loads=336 items_per_second=44.0165M/s
BM_SORT_STD/32/1/iterations:1/repeats:50                      0.678 us        0.676 us            1 L1-dcache-loads=337 items_per_second=47.3373M/s
BM_SORT_STD/32/1/iterations:1/repeats:50                      0.647 us        0.647 us            1 L1-dcache-loads=311 items_per_second=49.459M/s
BM_SORT_STD/32/1/iterations:1/repeats:50                      0.701 us        0.702 us            1 L1-dcache-loads=348 items_per_second=45.584M/s
BM_SORT_STD/32/1/iterations:1/repeats:50                      0.685 us        0.695 us            1 L1-dcache-loads=387 items_per_second=46.0432M/s
BM_SORT_STD/32/1/iterations:1/repeats:50                      0.803 us        0.787 us            1 L1-dcache-loads=341 items_per_second=40.6607M/s
BM_SORT_STD/32/1/iterations:1/repeats:50                      0.750 us        0.764 us            1 L1-dcache-loads=323 items_per_second=41.8848M/s
BM_SORT_STD/32/1/iterations:1/repeats:50                      0.687 us        0.687 us            1 L1-dcache-loads=332 items_per_second=46.5793M/s
BM_SORT_STD/32/1/iterations:1/repeats:50                      0.731 us        0.732 us            1 L1-dcache-loads=349 items_per_second=43.7158M/s
BM_SORT_STD/32/1/iterations:1/repeats:50                      0.683 us        0.682 us            1 L1-dcache-loads=383 items_per_second=46.9208M/s
BM_SORT_STD/32/1/iterations:1/repeats:50                      0.693 us        0.692 us            1 L1-dcache-loads=363 items_per_second=46.2428M/s
BM_SORT_STD/32/1/iterations:1/repeats:50                      0.737 us        0.750 us            1 L1-dcache-loads=347 items_per_second=42.6667M/s
BM_SORT_STD/32/1/iterations:1/repeats:50                      0.675 us        0.682 us            1 L1-dcache-loads=328 items_per_second=46.9208M/s
BM_SORT_STD/32/1/iterations:1/repeats:50                      0.683 us        0.682 us            1 L1-dcache-loads=331 items_per_second=46.9208M/s
BM_SORT_STD/32/1/iterations:1/repeats:50                      0.701 us        0.708 us            1 L1-dcache-loads=347 items_per_second=45.1977M/s
BM_SORT_STD/32/1/iterations:1/repeats:50                      0.664 us        0.664 us            1 L1-dcache-loads=331 items_per_second=48.1928M/s
BM_SORT_STD/32/1/iterations:1/repeats:50                      0.662 us        0.661 us            1 L1-dcache-loads=350 items_per_second=48.4115M/s
BM_SORT_STD/32/1/iterations:1/repeats:50                      0.661 us        0.660 us            1 L1-dcache-loads=325 items_per_second=48.4848M/s
BM_SORT_STD/32/1/iterations:1/repeats:50                      0.690 us        0.689 us            1 L1-dcache-loads=328 items_per_second=46.4441M/s
BM_SORT_STD/32/1/iterations:1/repeats:50                      0.702 us        0.700 us            1 L1-dcache-loads=358 items_per_second=45.7143M/s
BM_SORT_STD/32/1/iterations:1/repeats:50                      0.687 us        0.685 us            1 L1-dcache-loads=338 items_per_second=46.7153M/s
BM_SORT_STD/32/1/iterations:1/repeats:50                      0.821 us        0.808 us            1 L1-dcache-loads=399 items_per_second=39.604M/s
BM_SORT_STD/32/1/iterations:1/repeats:50                      0.727 us        0.728 us            1 L1-dcache-loads=345 items_per_second=43.956M/s
BM_SORT_STD/32/1/iterations:1/repeats:50                      0.692 us        0.692 us            1 L1-dcache-loads=317 items_per_second=46.2428M/s
BM_SORT_STD/32/1/iterations:1/repeats:50                      0.663 us        0.662 us            1 L1-dcache-loads=335 items_per_second=48.3384M/s
BM_SORT_STD/32/1/iterations:1/repeats:50                      0.688 us        0.696 us            1 L1-dcache-loads=326 items_per_second=45.977M/s
BM_SORT_STD/32/1/iterations:1/repeats:50                      0.737 us        0.726 us            1 L1-dcache-loads=340 items_per_second=44.0771M/s
BM_SORT_STD/32/1/iterations:1/repeats:50                      0.644 us        0.642 us            1 L1-dcache-loads=349 items_per_second=49.8442M/s
BM_SORT_STD/32/1/iterations:1/repeats:50                      0.678 us        0.676 us            1 L1-dcache-loads=317 items_per_second=47.3373M/s
BM_SORT_STD/32/1/iterations:1/repeats:50                      0.732 us        0.730 us            1 L1-dcache-loads=345 items_per_second=43.8356M/s
BM_SORT_STD/32/1/iterations:1/repeats:50                      0.668 us        0.669 us            1 L1-dcache-loads=344 items_per_second=47.8326M/s
BM_SORT_STD/32/1/iterations:1/repeats:50                      0.677 us        0.676 us            1 L1-dcache-loads=319 items_per_second=47.3373M/s
BM_SORT_STD/32/1/iterations:1/repeats:50                      0.669 us        0.671 us            1 L1-dcache-loads=340 items_per_second=47.69M/s
BM_SORT_STD/32/1/iterations:1/repeats:50                      0.709 us        0.709 us            1 L1-dcache-loads=328 items_per_second=45.134M/s
BM_SORT_STD/32/1/iterations:1/repeats:50                      0.803 us        0.802 us            1 L1-dcache-loads=404 items_per_second=39.9002M/s
BM_SORT_STD/32/1/iterations:1/repeats:50                      0.730 us        0.729 us            1 L1-dcache-loads=337 items_per_second=43.8957M/s
BM_SORT_STD/32/1/iterations:1/repeats:50                      0.663 us        0.664 us            1 L1-dcache-loads=330 items_per_second=48.1928M/s
BM_SORT_STD/32/1/iterations:1/repeats:50                      0.709 us        0.708 us            1 L1-dcache-loads=336 items_per_second=45.1977M/s
BM_SORT_STD/32/1/iterations:1/repeats:50_mean                 0.720 us        0.719 us           50 L1-dcache-loads=343.26 items_per_second=44.7638M/s
BM_SORT_STD/32/1/iterations:1/repeats:50_median               0.702 us        0.702 us           50 L1-dcache-loads=340.5 items_per_second=45.584M/s
BM_SORT_STD/32/1/iterations:1/repeats:50_stddev               0.066 us        0.063 us           50 L1-dcache-loads=19.5905 items_per_second=3.37502M/s
BM_SORT_STD/32/1/iterations:1/repeats:50_cv                    9.15 %          8.75 %            50 L1-dcache-loads=5.71% items_per_second=7.54%
BM_SORT_STD/64/1/iterations:1/repeats:50                       1.48 us         1.47 us            1 L1-dcache-loads=717 items_per_second=43.5967M/s
BM_SORT_STD/64/1/iterations:1/repeats:50                       1.21 us         1.20 us            1 L1-dcache-loads=646 items_per_second=53.1561M/s
BM_SORT_STD/64/1/iterations:1/repeats:50                       1.34 us         1.34 us            1 L1-dcache-loads=714 items_per_second=47.69M/s
BM_SORT_STD/64/1/iterations:1/repeats:50                       1.28 us         1.27 us            1 L1-dcache-loads=646 items_per_second=50.3541M/s
BM_SORT_STD/64/1/iterations:1/repeats:50                       1.18 us         1.19 us            1 L1-dcache-loads=691 items_per_second=53.8721M/s
BM_SORT_STD/64/1/iterations:1/repeats:50                       1.27 us         1.27 us            1 L1-dcache-loads=674 items_per_second=50.4334M/s
BM_SORT_STD/64/1/iterations:1/repeats:50                       1.33 us         1.32 us            1 L1-dcache-loads=756 items_per_second=48.3749M/s
BM_SORT_STD/64/1/iterations:1/repeats:50                       1.26 us         1.26 us            1 L1-dcache-loads=685 items_per_second=50.8744M/s
BM_SORT_STD/64/1/iterations:1/repeats:50                       1.31 us         1.31 us            1 L1-dcache-loads=647 items_per_second=49.0046M/s
BM_SORT_STD/64/1/iterations:1/repeats:50                       1.25 us         1.25 us            1 L1-dcache-loads=704 items_per_second=51.3232M/s
BM_SORT_STD/64/1/iterations:1/repeats:50                       1.17 us         1.16 us            1 L1-dcache-loads=706 items_per_second=54.9828M/s
BM_SORT_STD/64/1/iterations:1/repeats:50                       1.20 us         1.21 us            1 L1-dcache-loads=717 items_per_second=52.7617M/s
BM_SORT_STD/64/1/iterations:1/repeats:50                       1.19 us         1.19 us            1 L1-dcache-loads=669 items_per_second=53.7815M/s
BM_SORT_STD/64/1/iterations:1/repeats:50                       1.36 us         1.36 us            1 L1-dcache-loads=745 items_per_second=47.1629M/s
BM_SORT_STD/64/1/iterations:1/repeats:50                       1.29 us         1.29 us            1 L1-dcache-loads=698 items_per_second=49.574M/s
BM_SORT_STD/64/1/iterations:1/repeats:50                       1.16 us         1.16 us            1 L1-dcache-loads=704 items_per_second=55.0301M/s
BM_SORT_STD/64/1/iterations:1/repeats:50                       1.40 us         1.41 us            1 L1-dcache-loads=719 items_per_second=45.5516M/s
BM_SORT_STD/64/1/iterations:1/repeats:50                       1.31 us         1.30 us            1 L1-dcache-loads=663 items_per_second=49.1174M/s
BM_SORT_STD/64/1/iterations:1/repeats:50                       1.31 us         1.30 us            1 L1-dcache-loads=668 items_per_second=49.1174M/s
BM_SORT_STD/64/1/iterations:1/repeats:50                       1.31 us         1.31 us            1 L1-dcache-loads=686 items_per_second=48.6692M/s
BM_SORT_STD/64/1/iterations:1/repeats:50                       1.28 us         1.28 us            1 L1-dcache-loads=662 items_per_second=50.1175M/s
BM_SORT_STD/64/1/iterations:1/repeats:50                       1.20 us         1.20 us            1 L1-dcache-loads=678 items_per_second=53.2889M/s
BM_SORT_STD/64/1/iterations:1/repeats:50                       1.19 us         1.19 us            1 L1-dcache-loads=631 items_per_second=53.9629M/s
BM_SORT_STD/64/1/iterations:1/repeats:50                       1.24 us         1.24 us            1 L1-dcache-loads=685 items_per_second=51.5298M/s
BM_SORT_STD/64/1/iterations:1/repeats:50                       1.16 us         1.16 us            1 L1-dcache-loads=627 items_per_second=55.0775M/s
BM_SORT_STD/64/1/iterations:1/repeats:50                       1.26 us         1.26 us            1 L1-dcache-loads=699 items_per_second=50.6329M/s
BM_SORT_STD/64/1/iterations:1/repeats:50                       1.19 us         1.19 us            1 L1-dcache-loads=691 items_per_second=53.7364M/s
BM_SORT_STD/64/1/iterations:1/repeats:50                       1.24 us         1.24 us            1 L1-dcache-loads=663 items_per_second=51.6963M/s
BM_SORT_STD/64/1/iterations:1/repeats:50                       1.31 us         1.31 us            1 L1-dcache-loads=697 items_per_second=48.7433M/s
BM_SORT_STD/64/1/iterations:1/repeats:50                       1.37 us         1.36 us            1 L1-dcache-loads=651 items_per_second=47.1976M/s
BM_SORT_STD/64/1/iterations:1/repeats:50                       1.24 us         1.22 us            1 L1-dcache-loads=651 items_per_second=52.3303M/s
BM_SORT_STD/64/1/iterations:1/repeats:50                       1.28 us         1.28 us            1 L1-dcache-loads=653 items_per_second=49.922M/s
BM_SORT_STD/64/1/iterations:1/repeats:50                       1.25 us         1.25 us            1 L1-dcache-loads=662 items_per_second=51.2821M/s
BM_SORT_STD/64/1/iterations:1/repeats:50                       1.31 us         1.30 us            1 L1-dcache-loads=703 items_per_second=49.3446M/s
BM_SORT_STD/64/1/iterations:1/repeats:50                       1.23 us         1.23 us            1 L1-dcache-loads=690 items_per_second=51.8639M/s
BM_SORT_STD/64/1/iterations:1/repeats:50                       1.24 us         1.25 us            1 L1-dcache-loads=693 items_per_second=51.241M/s
BM_SORT_STD/64/1/iterations:1/repeats:50                       1.21 us         1.21 us            1 L1-dcache-loads=697 items_per_second=52.8053M/s
BM_SORT_STD/64/1/iterations:1/repeats:50                       1.28 us         1.28 us            1 L1-dcache-loads=712 items_per_second=50.1175M/s
BM_SORT_STD/64/1/iterations:1/repeats:50                       1.19 us         1.19 us            1 L1-dcache-loads=679 items_per_second=53.9174M/s
BM_SORT_STD/64/1/iterations:1/repeats:50                       1.36 us         1.37 us            1 L1-dcache-loads=695 items_per_second=46.8864M/s
BM_SORT_STD/64/1/iterations:1/repeats:50                       1.28 us         1.28 us            1 L1-dcache-loads=695 items_per_second=49.8442M/s
BM_SORT_STD/64/1/iterations:1/repeats:50                       1.16 us         1.16 us            1 L1-dcache-loads=679 items_per_second=55.0301M/s
BM_SORT_STD/64/1/iterations:1/repeats:50                       1.20 us         1.20 us            1 L1-dcache-loads=680 items_per_second=53.2003M/s
BM_SORT_STD/64/1/iterations:1/repeats:50                       1.17 us         1.17 us            1 L1-dcache-loads=683 items_per_second=54.6541M/s
BM_SORT_STD/64/1/iterations:1/repeats:50                       1.29 us         1.29 us            1 L1-dcache-loads=656 items_per_second=49.6124M/s
BM_SORT_STD/64/1/iterations:1/repeats:50                       1.33 us         1.33 us            1 L1-dcache-loads=723 items_per_second=48.1928M/s
BM_SORT_STD/64/1/iterations:1/repeats:50                       1.19 us         1.18 us            1 L1-dcache-loads=666 items_per_second=54.0084M/s
BM_SORT_STD/64/1/iterations:1/repeats:50                       1.26 us         1.25 us            1 L1-dcache-loads=674 items_per_second=51.0367M/s
BM_SORT_STD/64/1/iterations:1/repeats:50                       1.21 us         1.21 us            1 L1-dcache-loads=699 items_per_second=52.8489M/s
BM_SORT_STD/64/1/iterations:1/repeats:50                       1.19 us         1.19 us            1 L1-dcache-loads=739 items_per_second=53.7364M/s
BM_SORT_STD/64/1/iterations:1/repeats:50_mean                  1.26 us         1.26 us           50 L1-dcache-loads=685.36 items_per_second=51.0457M/s
BM_SORT_STD/64/1/iterations:1/repeats:50_median                1.25 us         1.25 us           50 L1-dcache-loads=685.5 items_per_second=51.1388M/s
BM_SORT_STD/64/1/iterations:1/repeats:50_stddev               0.070 us        0.068 us           50 L1-dcache-loads=28.1155 items_per_second=2.6845M/s
BM_SORT_STD/64/1/iterations:1/repeats:50_cv                    5.53 %          5.42 %            50 L1-dcache-loads=4.10% items_per_second=5.26%
BM_SORT_STD/128/1/iterations:1/repeats:50                      2.68 us         2.66 us            1 L1-dcache-loads=1.409k items_per_second=48.1928M/s
BM_SORT_STD/128/1/iterations:1/repeats:50                      2.49 us         2.48 us            1 L1-dcache-loads=1.41k items_per_second=51.6754M/s
BM_SORT_STD/128/1/iterations:1/repeats:50                      2.52 us         2.52 us            1 L1-dcache-loads=1.454k items_per_second=50.7735M/s
BM_SORT_STD/128/1/iterations:1/repeats:50                      2.34 us         2.33 us            1 L1-dcache-loads=1.505k items_per_second=54.8415M/s
BM_SORT_STD/128/1/iterations:1/repeats:50                      2.45 us         2.45 us            1 L1-dcache-loads=1.508k items_per_second=52.1597M/s
BM_SORT_STD/128/1/iterations:1/repeats:50                      2.41 us         2.41 us            1 L1-dcache-loads=1.407k items_per_second=53.024M/s
BM_SORT_STD/128/1/iterations:1/repeats:50                      2.49 us         2.49 us            1 L1-dcache-loads=1.493k items_per_second=51.3438M/s
BM_SORT_STD/128/1/iterations:1/repeats:50                      2.46 us         2.46 us            1 L1-dcache-loads=1.475k items_per_second=52.0537M/s
BM_SORT_STD/128/1/iterations:1/repeats:50                      2.50 us         2.50 us            1 L1-dcache-loads=1.482k items_per_second=51.1182M/s
BM_SORT_STD/128/1/iterations:1/repeats:50                      2.42 us         2.42 us            1 L1-dcache-loads=1.481k items_per_second=52.8271M/s
BM_SORT_STD/128/1/iterations:1/repeats:50                      2.54 us         2.54 us            1 L1-dcache-loads=1.47k items_per_second=50.4533M/s
BM_SORT_STD/128/1/iterations:1/repeats:50                      2.41 us         2.42 us            1 L1-dcache-loads=1.364k items_per_second=52.9363M/s
BM_SORT_STD/128/1/iterations:1/repeats:50                      2.32 us         2.31 us            1 L1-dcache-loads=1.485k items_per_second=55.3873M/s
BM_SORT_STD/128/1/iterations:1/repeats:50                      2.53 us         2.53 us            1 L1-dcache-loads=1.415k items_per_second=50.6329M/s
BM_SORT_STD/128/1/iterations:1/repeats:50                      2.37 us         2.37 us            1 L1-dcache-loads=1.474k items_per_second=53.9629M/s
BM_SORT_STD/128/1/iterations:1/repeats:50                      2.45 us         2.45 us            1 L1-dcache-loads=1.439k items_per_second=52.2876M/s
BM_SORT_STD/128/1/iterations:1/repeats:50                      2.46 us         2.47 us            1 L1-dcache-loads=1.463k items_per_second=51.8009M/s
BM_SORT_STD/128/1/iterations:1/repeats:50                      2.49 us         2.48 us            1 L1-dcache-loads=1.433k items_per_second=51.5298M/s
BM_SORT_STD/128/1/iterations:1/repeats:50                      2.45 us         2.44 us            1 L1-dcache-loads=1.456k items_per_second=52.3732M/s
BM_SORT_STD/128/1/iterations:1/repeats:50                      2.39 us         2.39 us            1 L1-dcache-loads=1.45k items_per_second=53.4447M/s
BM_SORT_STD/128/1/iterations:1/repeats:50                      2.45 us         2.44 us            1 L1-dcache-loads=1.429k items_per_second=52.3946M/s
BM_SORT_STD/128/1/iterations:1/repeats:50                      2.57 us         2.57 us            1 L1-dcache-loads=1.466k items_per_second=49.7474M/s
BM_SORT_STD/128/1/iterations:1/repeats:50                      2.41 us         2.40 us            1 L1-dcache-loads=1.479k items_per_second=53.2225M/s
BM_SORT_STD/128/1/iterations:1/repeats:50                      2.56 us         2.56 us            1 L1-dcache-loads=1.466k items_per_second=50M/s
BM_SORT_STD/128/1/iterations:1/repeats:50                      2.44 us         2.43 us            1 L1-dcache-loads=1.442k items_per_second=52.6099M/s
BM_SORT_STD/128/1/iterations:1/repeats:50                      2.37 us         2.38 us            1 L1-dcache-loads=1.48k items_per_second=53.6913M/s
BM_SORT_STD/128/1/iterations:1/repeats:50                      2.43 us         2.43 us            1 L1-dcache-loads=1.441k items_per_second=52.5883M/s
BM_SORT_STD/128/1/iterations:1/repeats:50                      2.52 us         2.51 us            1 L1-dcache-loads=1.482k items_per_second=50.9554M/s
BM_SORT_STD/128/1/iterations:1/repeats:50                      2.47 us         2.47 us            1 L1-dcache-loads=1.491k items_per_second=51.8849M/s
BM_SORT_STD/128/1/iterations:1/repeats:50                      2.51 us         2.51 us            1 L1-dcache-loads=1.457k items_per_second=50.9149M/s
BM_SORT_STD/128/1/iterations:1/repeats:50                      2.47 us         2.47 us            1 L1-dcache-loads=1.409k items_per_second=51.8849M/s
BM_SORT_STD/128/1/iterations:1/repeats:50                      2.26 us         2.26 us            1 L1-dcache-loads=1.403k items_per_second=56.5871M/s
BM_SORT_STD/128/1/iterations:1/repeats:50                      2.60 us         2.60 us            1 L1-dcache-loads=1.539k items_per_second=49.1929M/s
BM_SORT_STD/128/1/iterations:1/repeats:50                      2.57 us         2.56 us            1 L1-dcache-loads=1.428k items_per_second=49.922M/s
BM_SORT_STD/128/1/iterations:1/repeats:50                      2.35 us         2.35 us            1 L1-dcache-loads=1.442k items_per_second=54.4218M/s
BM_SORT_STD/128/1/iterations:1/repeats:50                      2.31 us         2.34 us            1 L1-dcache-loads=1.401k items_per_second=54.7009M/s
BM_SORT_STD/128/1/iterations:1/repeats:50                      2.66 us         2.67 us            1 L1-dcache-loads=1.434k items_per_second=47.958M/s
BM_SORT_STD/128/1/iterations:1/repeats:50                      2.44 us         2.45 us            1 L1-dcache-loads=1.522k items_per_second=52.3089M/s
BM_SORT_STD/128/1/iterations:1/repeats:50                      2.35 us         2.35 us            1 L1-dcache-loads=1.518k items_per_second=54.4913M/s
BM_SORT_STD/128/1/iterations:1/repeats:50                      2.33 us         2.33 us            1 L1-dcache-loads=1.486k items_per_second=54.8415M/s
BM_SORT_STD/128/1/iterations:1/repeats:50                      2.37 us         2.37 us            1 L1-dcache-loads=1.424k items_per_second=54.0312M/s
BM_SORT_STD/128/1/iterations:1/repeats:50                      2.32 us         2.32 us            1 L1-dcache-loads=1.489k items_per_second=55.1486M/s
BM_SORT_STD/128/1/iterations:1/repeats:50                      2.34 us         2.34 us            1 L1-dcache-loads=1.45k items_per_second=54.7711M/s
BM_SORT_STD/128/1/iterations:1/repeats:50                      2.41 us         2.41 us            1 L1-dcache-loads=1.476k items_per_second=53.1561M/s
BM_SORT_STD/128/1/iterations:1/repeats:50                      2.42 us         2.42 us            1 L1-dcache-loads=1.472k items_per_second=52.8707M/s
BM_SORT_STD/128/1/iterations:1/repeats:50                      2.36 us         2.36 us            1 L1-dcache-loads=1.459k items_per_second=54.2143M/s
BM_SORT_STD/128/1/iterations:1/repeats:50                      2.45 us         2.45 us            1 L1-dcache-loads=1.534k items_per_second=52.3303M/s
BM_SORT_STD/128/1/iterations:1/repeats:50                      2.33 us         2.33 us            1 L1-dcache-loads=1.45k items_per_second=54.9828M/s
BM_SORT_STD/128/1/iterations:1/repeats:50                      2.32 us         2.33 us            1 L1-dcache-loads=1.566k items_per_second=55.0301M/s
BM_SORT_STD/128/1/iterations:1/repeats:50                      2.46 us         2.46 us            1 L1-dcache-loads=1.446k items_per_second=51.9691M/s
BM_SORT_STD/128/1/iterations:1/repeats:50_mean                 2.44 us         2.44 us           50 L1-dcache-loads=1.46108k items_per_second=52.5128M/s
BM_SORT_STD/128/1/iterations:1/repeats:50_median               2.45 us         2.44 us           50 L1-dcache-loads=1.461k items_per_second=52.3839M/s
BM_SORT_STD/128/1/iterations:1/repeats:50_stddev              0.091 us        0.090 us           50 L1-dcache-loads=39.634 items_per_second=1.90407M/s
BM_SORT_STD/128/1/iterations:1/repeats:50_cv                   3.73 %          3.67 %            50 L1-dcache-loads=2.71% items_per_second=3.63%
BM_SORT_STD/256/1/iterations:1/repeats:50                      5.30 us         5.29 us            1 L1-dcache-loads=3.062k items_per_second=48.384M/s
BM_SORT_STD/256/1/iterations:1/repeats:50                      5.15 us         5.15 us            1 L1-dcache-loads=3.021k items_per_second=49.6991M/s
BM_SORT_STD/256/1/iterations:1/repeats:50                      5.21 us         5.21 us            1 L1-dcache-loads=3.394k items_per_second=49.1835M/s
BM_SORT_STD/256/1/iterations:1/repeats:50                      5.26 us         5.26 us            1 L1-dcache-loads=3.236k items_per_second=48.697M/s
BM_SORT_STD/256/1/iterations:1/repeats:50                      5.23 us         5.23 us            1 L1-dcache-loads=3.278k items_per_second=48.9858M/s
BM_SORT_STD/256/1/iterations:1/repeats:50                      4.84 us         4.83 us            1 L1-dcache-loads=3.405k items_per_second=52.9911M/s
BM_SORT_STD/256/1/iterations:1/repeats:50                      5.05 us         5.05 us            1 L1-dcache-loads=3.434k items_per_second=50.7132M/s
BM_SORT_STD/256/1/iterations:1/repeats:50                      5.08 us         5.08 us            1 L1-dcache-loads=3.138k items_per_second=50.364M/s
BM_SORT_STD/256/1/iterations:1/repeats:50                      4.94 us         4.94 us            1 L1-dcache-loads=3.272k items_per_second=51.8114M/s
BM_SORT_STD/256/1/iterations:1/repeats:50                      5.10 us         5.09 us            1 L1-dcache-loads=3.214k items_per_second=50.2848M/s
BM_SORT_STD/256/1/iterations:1/repeats:50                      5.01 us         5.01 us            1 L1-dcache-loads=3.275k items_per_second=51.0774M/s
BM_SORT_STD/256/1/iterations:1/repeats:50                      5.10 us         5.10 us            1 L1-dcache-loads=3.097k items_per_second=50.2256M/s
BM_SORT_STD/256/1/iterations:1/repeats:50                      5.19 us         5.19 us            1 L1-dcache-loads=3.208k items_per_second=49.3066M/s
BM_SORT_STD/256/1/iterations:1/repeats:50                      5.12 us         5.12 us            1 L1-dcache-loads=3.202k items_per_second=50.0195M/s
BM_SORT_STD/256/1/iterations:1/repeats:50                      5.01 us         5.01 us            1 L1-dcache-loads=3.182k items_per_second=51.0672M/s
BM_SORT_STD/256/1/iterations:1/repeats:50                      5.39 us         5.40 us            1 L1-dcache-loads=3.233k items_per_second=47.3986M/s
BM_SORT_STD/256/1/iterations:1/repeats:50                      4.92 us         4.92 us            1 L1-dcache-loads=2.994k items_per_second=52.0008M/s
BM_SORT_STD/256/1/iterations:1/repeats:50                      5.13 us         5.12 us            1 L1-dcache-loads=3.015k items_per_second=49.961M/s
BM_SORT_STD/256/1/iterations:1/repeats:50                      4.98 us         4.98 us            1 L1-dcache-loads=3.167k items_per_second=51.4469M/s
BM_SORT_STD/256/1/iterations:1/repeats:50                      5.08 us         5.09 us            1 L1-dcache-loads=3.401k items_per_second=50.2651M/s
BM_SORT_STD/256/1/iterations:1/repeats:50                      5.40 us         5.40 us            1 L1-dcache-loads=3.173k items_per_second=47.4074M/s
BM_SORT_STD/256/1/iterations:1/repeats:50                      4.91 us         4.91 us            1 L1-dcache-loads=3.104k items_per_second=52.1385M/s
BM_SORT_STD/256/1/iterations:1/repeats:50                      4.90 us         4.90 us            1 L1-dcache-loads=3.192k items_per_second=52.2129M/s
BM_SORT_STD/256/1/iterations:1/repeats:50                      5.08 us         5.08 us            1 L1-dcache-loads=3.237k items_per_second=50.4235M/s
BM_SORT_STD/256/1/iterations:1/repeats:50                      4.89 us         4.89 us            1 L1-dcache-loads=3.409k items_per_second=52.3517M/s
BM_SORT_STD/256/1/iterations:1/repeats:50                      4.91 us         4.91 us            1 L1-dcache-loads=3.058k items_per_second=52.1385M/s
BM_SORT_STD/256/1/iterations:1/repeats:50                      5.06 us         5.06 us            1 L1-dcache-loads=3.291k items_per_second=50.5829M/s
BM_SORT_STD/256/1/iterations:1/repeats:50                      5.12 us         5.11 us            1 L1-dcache-loads=3.134k items_per_second=50.088M/s
BM_SORT_STD/256/1/iterations:1/repeats:50                      5.18 us         5.18 us            1 L1-dcache-loads=3.22k items_per_second=49.459M/s
BM_SORT_STD/256/1/iterations:1/repeats:50                      5.21 us         5.21 us            1 L1-dcache-loads=3.253k items_per_second=49.0986M/s
BM_SORT_STD/256/1/iterations:1/repeats:50                      5.11 us         5.11 us            1 L1-dcache-loads=3.109k items_per_second=50.0978M/s
BM_SORT_STD/256/1/iterations:1/repeats:50                      5.14 us         5.14 us            1 L1-dcache-loads=3.123k items_per_second=49.8345M/s
BM_SORT_STD/256/1/iterations:1/repeats:50                      4.99 us         4.99 us            1 L1-dcache-loads=3.178k items_per_second=51.2513M/s
BM_SORT_STD/256/1/iterations:1/repeats:50                      5.11 us         5.10 us            1 L1-dcache-loads=3.13k items_per_second=50.1666M/s
BM_SORT_STD/256/1/iterations:1/repeats:50                      5.06 us         5.06 us            1 L1-dcache-loads=3.155k items_per_second=50.5929M/s
BM_SORT_STD/256/1/iterations:1/repeats:50                      4.93 us         4.92 us            1 L1-dcache-loads=3.118k items_per_second=52.0114M/s
BM_SORT_STD/256/1/iterations:1/repeats:50                      4.83 us         4.83 us            1 L1-dcache-loads=3.236k items_per_second=53.013M/s
BM_SORT_STD/256/1/iterations:1/repeats:50                      5.14 us         5.14 us            1 L1-dcache-loads=3.056k items_per_second=49.7764M/s
BM_SORT_STD/256/1/iterations:1/repeats:50                      5.07 us         5.07 us            1 L1-dcache-loads=3.142k items_per_second=50.5031M/s
BM_SORT_STD/256/1/iterations:1/repeats:50                      5.05 us         5.05 us            1 L1-dcache-loads=3.208k items_per_second=50.6931M/s
BM_SORT_STD/256/1/iterations:1/repeats:50                      5.03 us         5.03 us            1 L1-dcache-loads=3.091k items_per_second=50.8946M/s
BM_SORT_STD/256/1/iterations:1/repeats:50                      4.93 us         4.93 us            1 L1-dcache-loads=3.327k items_per_second=51.9375M/s
BM_SORT_STD/256/1/iterations:1/repeats:50                      4.98 us         4.99 us            1 L1-dcache-loads=3.157k items_per_second=51.3335M/s
BM_SORT_STD/256/1/iterations:1/repeats:50                      4.98 us         4.99 us            1 L1-dcache-loads=3.366k items_per_second=51.2821M/s
BM_SORT_STD/256/1/iterations:1/repeats:50                      5.02 us         5.02 us            1 L1-dcache-loads=3.02k items_per_second=50.996M/s
BM_SORT_STD/256/1/iterations:1/repeats:50                      4.97 us         4.97 us            1 L1-dcache-loads=3.177k items_per_second=51.5402M/s
BM_SORT_STD/256/1/iterations:1/repeats:50                      4.86 us         4.86 us            1 L1-dcache-loads=3.299k items_per_second=52.6641M/s
BM_SORT_STD/256/1/iterations:1/repeats:50                      5.15 us         5.15 us            1 L1-dcache-loads=3.234k items_per_second=49.757M/s
BM_SORT_STD/256/1/iterations:1/repeats:50                      5.11 us         5.11 us            1 L1-dcache-loads=3.273k items_per_second=50.1371M/s
BM_SORT_STD/256/1/iterations:1/repeats:50                      5.19 us         5.18 us            1 L1-dcache-loads=3.193k items_per_second=49.3827M/s
BM_SORT_STD/256/1/iterations:1/repeats:50_mean                 5.07 us         5.07 us           50 L1-dcache-loads=3.19782k items_per_second=50.553M/s
BM_SORT_STD/256/1/iterations:1/repeats:50_median               5.07 us         5.07 us           50 L1-dcache-loads=3.1925k items_per_second=50.4633M/s
BM_SORT_STD/256/1/iterations:1/repeats:50_stddev              0.131 us        0.131 us           50 L1-dcache-loads=109.664 items_per_second=1.29549M/s
BM_SORT_STD/256/1/iterations:1/repeats:50_cv                   2.59 %          2.58 %            50 L1-dcache-loads=3.43% items_per_second=2.56%
BM_SORT_STD/512/1/iterations:1/repeats:50                      10.9 us         10.9 us            1 L1-dcache-loads=6.931k items_per_second=47.1195M/s
BM_SORT_STD/512/1/iterations:1/repeats:50                      11.2 us         11.2 us            1 L1-dcache-loads=7.013k items_per_second=45.5638M/s
BM_SORT_STD/512/1/iterations:1/repeats:50                      10.8 us         10.8 us            1 L1-dcache-loads=6.926k items_per_second=47.4733M/s
BM_SORT_STD/512/1/iterations:1/repeats:50                      11.0 us         11.0 us            1 L1-dcache-loads=7.274k items_per_second=46.5878M/s
BM_SORT_STD/512/1/iterations:1/repeats:50                      10.9 us         10.9 us            1 L1-dcache-loads=6.857k items_per_second=47.1238M/s
BM_SORT_STD/512/1/iterations:1/repeats:50                      10.8 us         10.8 us            1 L1-dcache-loads=7.078k items_per_second=47.5881M/s
BM_SORT_STD/512/1/iterations:1/repeats:50                      10.9 us         10.9 us            1 L1-dcache-loads=7.116k items_per_second=47.1238M/s
BM_SORT_STD/512/1/iterations:1/repeats:50                      10.8 us         10.9 us            1 L1-dcache-loads=6.838k items_per_second=47.1715M/s
BM_SORT_STD/512/1/iterations:1/repeats:50                      10.7 us         10.7 us            1 L1-dcache-loads=6.92k items_per_second=47.9132M/s
BM_SORT_STD/512/1/iterations:1/repeats:50                      10.9 us         10.9 us            1 L1-dcache-loads=6.77k items_per_second=46.9811M/s
BM_SORT_STD/512/1/iterations:1/repeats:50                      10.8 us         10.8 us            1 L1-dcache-loads=6.907k items_per_second=47.202M/s
BM_SORT_STD/512/1/iterations:1/repeats:50                      10.8 us         10.8 us            1 L1-dcache-loads=6.896k items_per_second=47.5969M/s
BM_SORT_STD/512/1/iterations:1/repeats:50                      11.2 us         11.2 us            1 L1-dcache-loads=7.008k items_per_second=45.8207M/s
BM_SORT_STD/512/1/iterations:1/repeats:50                      10.9 us         10.9 us            1 L1-dcache-loads=6.754k items_per_second=47.0675M/s
BM_SORT_STD/512/1/iterations:1/repeats:50                      10.7 us         10.7 us            1 L1-dcache-loads=7.435k items_per_second=47.8684M/s
BM_SORT_STD/512/1/iterations:1/repeats:50                      10.3 us         10.3 us            1 L1-dcache-loads=6.969k items_per_second=49.5356M/s
BM_SORT_STD/512/1/iterations:1/repeats:50                      10.7 us         10.7 us            1 L1-dcache-loads=6.997k items_per_second=47.9625M/s
BM_SORT_STD/512/1/iterations:1/repeats:50                      10.9 us         10.9 us            1 L1-dcache-loads=6.93k items_per_second=46.9423M/s
BM_SORT_STD/512/1/iterations:1/repeats:50                      11.0 us         11.0 us            1 L1-dcache-loads=6.98k items_per_second=46.3852M/s
BM_SORT_STD/512/1/iterations:1/repeats:50                      10.6 us         10.6 us            1 L1-dcache-loads=6.813k items_per_second=48.0841M/s
BM_SORT_STD/512/1/iterations:1/repeats:50                      10.7 us         10.7 us            1 L1-dcache-loads=6.951k items_per_second=47.73M/s
BM_SORT_STD/512/1/iterations:1/repeats:50                      10.6 us         10.6 us            1 L1-dcache-loads=7.032k items_per_second=48.3658M/s
BM_SORT_STD/512/1/iterations:1/repeats:50                      11.1 us         11.1 us            1 L1-dcache-loads=6.964k items_per_second=45.9523M/s
BM_SORT_STD/512/1/iterations:1/repeats:50                      10.9 us         10.9 us            1 L1-dcache-loads=7.014k items_per_second=47.1108M/s
BM_SORT_STD/512/1/iterations:1/repeats:50                      10.8 us         10.8 us            1 L1-dcache-loads=7.334k items_per_second=47.3899M/s
BM_SORT_STD/512/1/iterations:1/repeats:50                      11.0 us         11.0 us            1 L1-dcache-loads=6.944k items_per_second=46.3516M/s
BM_SORT_STD/512/1/iterations:1/repeats:50                      10.7 us         10.7 us            1 L1-dcache-loads=7.192k items_per_second=47.7389M/s
BM_SORT_STD/512/1/iterations:1/repeats:50                      10.3 us         10.3 us            1 L1-dcache-loads=7.031k items_per_second=49.6894M/s
BM_SORT_STD/512/1/iterations:1/repeats:50                      10.7 us         10.7 us            1 L1-dcache-loads=6.989k items_per_second=47.6945M/s
BM_SORT_STD/512/1/iterations:1/repeats:50                      10.9 us         10.9 us            1 L1-dcache-loads=7.004k items_per_second=46.9682M/s
BM_SORT_STD/512/1/iterations:1/repeats:50                      10.9 us         10.9 us            1 L1-dcache-loads=6.899k items_per_second=47.0027M/s
BM_SORT_STD/512/1/iterations:1/repeats:50                      10.7 us         10.7 us            1 L1-dcache-loads=7.017k items_per_second=47.7656M/s
BM_SORT_STD/512/1/iterations:1/repeats:50                      10.9 us         10.9 us            1 L1-dcache-loads=6.978k items_per_second=47.0372M/s
BM_SORT_STD/512/1/iterations:1/repeats:50                      10.7 us         10.7 us            1 L1-dcache-loads=7.026k items_per_second=47.6767M/s
BM_SORT_STD/512/1/iterations:1/repeats:50                      10.8 us         10.8 us            1 L1-dcache-loads=7.298k items_per_second=47.346M/s
BM_SORT_STD/512/1/iterations:1/repeats:50                      11.0 us         11.0 us            1 L1-dcache-loads=6.875k items_per_second=46.7366M/s
BM_SORT_STD/512/1/iterations:1/repeats:50                      10.8 us         10.8 us            1 L1-dcache-loads=7.008k items_per_second=47.3417M/s
BM_SORT_STD/512/1/iterations:1/repeats:50                      10.8 us         10.8 us            1 L1-dcache-loads=6.756k items_per_second=47.3767M/s
BM_SORT_STD/512/1/iterations:1/repeats:50                      10.6 us         10.6 us            1 L1-dcache-loads=6.986k items_per_second=48.4436M/s
BM_SORT_STD/512/1/iterations:1/repeats:50                      10.5 us         10.5 us            1 L1-dcache-loads=7.376k items_per_second=48.5769M/s
BM_SORT_STD/512/1/iterations:1/repeats:50                      10.7 us         10.7 us            1 L1-dcache-loads=7.149k items_per_second=47.8192M/s
BM_SORT_STD/512/1/iterations:1/repeats:50                      10.9 us         10.9 us            1 L1-dcache-loads=7.247k items_per_second=46.8178M/s
BM_SORT_STD/512/1/iterations:1/repeats:50                      11.0 us         11.0 us            1 L1-dcache-loads=6.949k items_per_second=46.6813M/s
BM_SORT_STD/512/1/iterations:1/repeats:50                      11.1 us         11.1 us            1 L1-dcache-loads=6.879k items_per_second=46.0349M/s
BM_SORT_STD/512/1/iterations:1/repeats:50                      11.2 us         11.2 us            1 L1-dcache-loads=6.903k items_per_second=45.9028M/s
BM_SORT_STD/512/1/iterations:1/repeats:50                      10.7 us         10.7 us            1 L1-dcache-loads=7.181k items_per_second=47.9042M/s
BM_SORT_STD/512/1/iterations:1/repeats:50                      11.0 us         11.0 us            1 L1-dcache-loads=6.949k items_per_second=46.4441M/s
BM_SORT_STD/512/1/iterations:1/repeats:50                      10.9 us         10.9 us            1 L1-dcache-loads=6.737k items_per_second=46.994M/s
BM_SORT_STD/512/1/iterations:1/repeats:50                      10.9 us         10.9 us            1 L1-dcache-loads=7.34k items_per_second=46.9682M/s
BM_SORT_STD/512/1/iterations:1/repeats:50                      10.9 us         10.9 us            1 L1-dcache-loads=7.044k items_per_second=46.9208M/s
BM_SORT_STD/512/1/iterations:1/repeats:50_mean                 10.8 us         10.8 us           50 L1-dcache-loads=7.00928k items_per_second=47.2779M/s
BM_SORT_STD/512/1/iterations:1/repeats:50_median               10.9 us         10.9 us           50 L1-dcache-loads=6.983k items_per_second=47.1477M/s
BM_SORT_STD/512/1/iterations:1/repeats:50_stddev              0.188 us        0.189 us           50 L1-dcache-loads=164.377 items_per_second=830.432k/s
BM_SORT_STD/512/1/iterations:1/repeats:50_cv                   1.74 %          1.74 %            50 L1-dcache-loads=2.35% items_per_second=1.76%
BM_SORT_STD/1024/1/iterations:1/repeats:50                     26.6 us         26.6 us            1 L1-dcache-loads=15.723k items_per_second=38.5209M/s
BM_SORT_STD/1024/1/iterations:1/repeats:50                     26.5 us         26.5 us            1 L1-dcache-loads=14.789k items_per_second=38.6576M/s
BM_SORT_STD/1024/1/iterations:1/repeats:50                     25.8 us         25.8 us            1 L1-dcache-loads=15.382k items_per_second=39.6316M/s
BM_SORT_STD/1024/1/iterations:1/repeats:50                     26.0 us         26.0 us            1 L1-dcache-loads=15.576k items_per_second=39.4301M/s
BM_SORT_STD/1024/1/iterations:1/repeats:50                     22.6 us         22.6 us            1 L1-dcache-loads=16.29k items_per_second=45.3298M/s
BM_SORT_STD/1024/1/iterations:1/repeats:50                     24.0 us         24.0 us            1 L1-dcache-loads=15.385k items_per_second=42.5886M/s
BM_SORT_STD/1024/1/iterations:1/repeats:50                     23.3 us         23.3 us            1 L1-dcache-loads=15.585k items_per_second=43.9995M/s
BM_SORT_STD/1024/1/iterations:1/repeats:50                     24.7 us         24.7 us            1 L1-dcache-loads=15.611k items_per_second=41.3804M/s
BM_SORT_STD/1024/1/iterations:1/repeats:50                     23.7 us         23.7 us            1 L1-dcache-loads=15.22k items_per_second=43.1539M/s
BM_SORT_STD/1024/1/iterations:1/repeats:50                     22.9 us         22.9 us            1 L1-dcache-loads=15.515k items_per_second=44.7162M/s
BM_SORT_STD/1024/1/iterations:1/repeats:50                     23.8 us         23.8 us            1 L1-dcache-loads=15.4k items_per_second=43.1085M/s
BM_SORT_STD/1024/1/iterations:1/repeats:50                     22.9 us         22.9 us            1 L1-dcache-loads=15.711k items_per_second=44.6285M/s
BM_SORT_STD/1024/1/iterations:1/repeats:50                     23.6 us         23.6 us            1 L1-dcache-loads=15.198k items_per_second=43.3366M/s
BM_SORT_STD/1024/1/iterations:1/repeats:50                     23.3 us         23.3 us            1 L1-dcache-loads=15.226k items_per_second=43.9806M/s
BM_SORT_STD/1024/1/iterations:1/repeats:50                     23.3 us         23.3 us            1 L1-dcache-loads=15.867k items_per_second=44.0146M/s
BM_SORT_STD/1024/1/iterations:1/repeats:50                     23.5 us         23.5 us            1 L1-dcache-loads=14.969k items_per_second=43.5208M/s
BM_SORT_STD/1024/1/iterations:1/repeats:50                     23.6 us         23.6 us            1 L1-dcache-loads=15.964k items_per_second=43.4358M/s
BM_SORT_STD/1024/1/iterations:1/repeats:50                     24.0 us         24.0 us            1 L1-dcache-loads=15.053k items_per_second=42.6081M/s
BM_SORT_STD/1024/1/iterations:1/repeats:50                     23.7 us         23.7 us            1 L1-dcache-loads=15.251k items_per_second=43.2524M/s
BM_SORT_STD/1024/1/iterations:1/repeats:50                     23.1 us         23.1 us            1 L1-dcache-loads=16.054k items_per_second=44.2945M/s
BM_SORT_STD/1024/1/iterations:1/repeats:50                     23.2 us         23.2 us            1 L1-dcache-loads=15.373k items_per_second=44.0752M/s
BM_SORT_STD/1024/1/iterations:1/repeats:50                     22.8 us         22.8 us            1 L1-dcache-loads=16.011k items_per_second=44.93M/s
BM_SORT_STD/1024/1/iterations:1/repeats:50                     23.5 us         23.5 us            1 L1-dcache-loads=15.783k items_per_second=43.6246M/s
BM_SORT_STD/1024/1/iterations:1/repeats:50                     23.5 us         23.5 us            1 L1-dcache-loads=15.811k items_per_second=43.5689M/s
BM_SORT_STD/1024/1/iterations:1/repeats:50                     23.5 us         23.5 us            1 L1-dcache-loads=15.556k items_per_second=43.6004M/s
BM_SORT_STD/1024/1/iterations:1/repeats:50                     23.5 us         23.5 us            1 L1-dcache-loads=15.32k items_per_second=43.5763M/s
BM_SORT_STD/1024/1/iterations:1/repeats:50                     23.7 us         23.7 us            1 L1-dcache-loads=15.913k items_per_second=43.2031M/s
BM_SORT_STD/1024/1/iterations:1/repeats:50                     23.7 us         23.7 us            1 L1-dcache-loads=14.989k items_per_second=43.194M/s
BM_SORT_STD/1024/1/iterations:1/repeats:50                     23.1 us         23.1 us            1 L1-dcache-loads=15.469k items_per_second=44.2505M/s
BM_SORT_STD/1024/1/iterations:1/repeats:50                     23.5 us         23.5 us            1 L1-dcache-loads=15.46k items_per_second=43.5171M/s
BM_SORT_STD/1024/1/iterations:1/repeats:50                     23.4 us         23.4 us            1 L1-dcache-loads=15.396k items_per_second=43.7775M/s
BM_SORT_STD/1024/1/iterations:1/repeats:50                     23.8 us         23.8 us            1 L1-dcache-loads=14.945k items_per_second=42.9458M/s
BM_SORT_STD/1024/1/iterations:1/repeats:50                     23.5 us         23.5 us            1 L1-dcache-loads=15.068k items_per_second=43.6581M/s
BM_SORT_STD/1024/1/iterations:1/repeats:50                     23.6 us         23.6 us            1 L1-dcache-loads=15.017k items_per_second=43.4174M/s
BM_SORT_STD/1024/1/iterations:1/repeats:50                     23.5 us         23.5 us            1 L1-dcache-loads=15.476k items_per_second=43.619M/s
BM_SORT_STD/1024/1/iterations:1/repeats:50                     25.0 us         24.9 us            1 L1-dcache-loads=15.785k items_per_second=41.0421M/s
BM_SORT_STD/1024/1/iterations:1/repeats:50                     23.7 us         23.7 us            1 L1-dcache-loads=15.335k items_per_second=43.2432M/s
BM_SORT_STD/1024/1/iterations:1/repeats:50                     23.6 us         23.6 us            1 L1-dcache-loads=15.928k items_per_second=43.377M/s
BM_SORT_STD/1024/1/iterations:1/repeats:50                     23.1 us         23.1 us            1 L1-dcache-loads=15.271k items_per_second=44.4001M/s
BM_SORT_STD/1024/1/iterations:1/repeats:50                     24.0 us         24.0 us            1 L1-dcache-loads=15.206k items_per_second=42.6684M/s
BM_SORT_STD/1024/1/iterations:1/repeats:50                     23.5 us         23.5 us            1 L1-dcache-loads=15.67k items_per_second=43.6172M/s
BM_SORT_STD/1024/1/iterations:1/repeats:50                     23.8 us         23.8 us            1 L1-dcache-loads=15.561k items_per_second=42.9891M/s
BM_SORT_STD/1024/1/iterations:1/repeats:50                     23.8 us         23.8 us            1 L1-dcache-loads=15.319k items_per_second=43.0686M/s
BM_SORT_STD/1024/1/iterations:1/repeats:50                     24.1 us         24.1 us            1 L1-dcache-loads=15.29k items_per_second=42.4984M/s
BM_SORT_STD/1024/1/iterations:1/repeats:50                     24.0 us         24.0 us            1 L1-dcache-loads=15.432k items_per_second=42.7076M/s
BM_SORT_STD/1024/1/iterations:1/repeats:50                     24.0 us         24.0 us            1 L1-dcache-loads=15.629k items_per_second=42.7308M/s
BM_SORT_STD/1024/1/iterations:1/repeats:50                     23.7 us         23.7 us            1 L1-dcache-loads=15.456k items_per_second=43.2652M/s
BM_SORT_STD/1024/1/iterations:1/repeats:50                     24.4 us         24.4 us            1 L1-dcache-loads=16.053k items_per_second=41.9982M/s
BM_SORT_STD/1024/1/iterations:1/repeats:50                     23.9 us         23.9 us            1 L1-dcache-loads=15.936k items_per_second=42.8883M/s
BM_SORT_STD/1024/1/iterations:1/repeats:50                     23.4 us         23.4 us            1 L1-dcache-loads=15.946k items_per_second=43.7944M/s
BM_SORT_STD/1024/1/iterations:1/repeats:50_mean                23.8 us         23.8 us           50 L1-dcache-loads=15.5035k items_per_second=43.0567M/s
BM_SORT_STD/1024/1/iterations:1/repeats:50_median              23.6 us         23.6 us           50 L1-dcache-loads=15.4645k items_per_second=43.3568M/s
BM_SORT_STD/1024/1/iterations:1/repeats:50_stddev             0.844 us        0.842 us           50 L1-dcache-loads=339.643 items_per_second=1.43266M/s
BM_SORT_STD/1024/1/iterations:1/repeats:50_cv                  3.54 %          3.54 %            50 L1-dcache-loads=2.19% items_per_second=3.33%
BM_SORT_STD/2048/1/iterations:1/repeats:50                     52.2 us         52.2 us            1 L1-dcache-loads=32.883k items_per_second=39.2345M/s
BM_SORT_STD/2048/1/iterations:1/repeats:50                     51.3 us         51.3 us            1 L1-dcache-loads=34.054k items_per_second=39.9321M/s
BM_SORT_STD/2048/1/iterations:1/repeats:50                     51.8 us         51.8 us            1 L1-dcache-loads=33.429k items_per_second=39.5565M/s
BM_SORT_STD/2048/1/iterations:1/repeats:50                     52.1 us         52.0 us            1 L1-dcache-loads=34.704k items_per_second=39.3589M/s
BM_SORT_STD/2048/1/iterations:1/repeats:50                     53.6 us         53.6 us            1 L1-dcache-loads=33.17k items_per_second=38.1947M/s
BM_SORT_STD/2048/1/iterations:1/repeats:50                     52.7 us         52.7 us            1 L1-dcache-loads=33.539k items_per_second=38.8298M/s
BM_SORT_STD/2048/1/iterations:1/repeats:50                     52.7 us         52.7 us            1 L1-dcache-loads=34.92k items_per_second=38.8895M/s
BM_SORT_STD/2048/1/iterations:1/repeats:50                     52.4 us         52.4 us            1 L1-dcache-loads=33.998k items_per_second=39.0981M/s
BM_SORT_STD/2048/1/iterations:1/repeats:50                     52.0 us         52.0 us            1 L1-dcache-loads=33.953k items_per_second=39.3536M/s
BM_SORT_STD/2048/1/iterations:1/repeats:50                     52.8 us         52.8 us            1 L1-dcache-loads=34.04k items_per_second=38.8129M/s
BM_SORT_STD/2048/1/iterations:1/repeats:50                     53.0 us         53.0 us            1 L1-dcache-loads=33.194k items_per_second=38.6576M/s
BM_SORT_STD/2048/1/iterations:1/repeats:50                     52.5 us         52.5 us            1 L1-dcache-loads=34.711k items_per_second=39.0385M/s
BM_SORT_STD/2048/1/iterations:1/repeats:50                     52.6 us         52.6 us            1 L1-dcache-loads=35.039k items_per_second=38.9213M/s
BM_SORT_STD/2048/1/iterations:1/repeats:50                     52.8 us         52.8 us            1 L1-dcache-loads=34.853k items_per_second=38.7666M/s
BM_SORT_STD/2048/1/iterations:1/repeats:50                     52.3 us         52.3 us            1 L1-dcache-loads=34.104k items_per_second=39.1939M/s
BM_SORT_STD/2048/1/iterations:1/repeats:50                     53.1 us         53.1 us            1 L1-dcache-loads=33.018k items_per_second=38.5535M/s
BM_SORT_STD/2048/1/iterations:1/repeats:50                     53.2 us         53.2 us            1 L1-dcache-loads=34.15k items_per_second=38.5085M/s
BM_SORT_STD/2048/1/iterations:1/repeats:50                     52.3 us         52.3 us            1 L1-dcache-loads=33.701k items_per_second=39.1572M/s
BM_SORT_STD/2048/1/iterations:1/repeats:50                     52.9 us         52.9 us            1 L1-dcache-loads=34.826k items_per_second=38.7512M/s
BM_SORT_STD/2048/1/iterations:1/repeats:50                     53.2 us         53.2 us            1 L1-dcache-loads=33.566k items_per_second=38.4883M/s
BM_SORT_STD/2048/1/iterations:1/repeats:50                     53.3 us         53.3 us            1 L1-dcache-loads=33.437k items_per_second=38.4291M/s
BM_SORT_STD/2048/1/iterations:1/repeats:50                     54.4 us         54.4 us            1 L1-dcache-loads=33.738k items_per_second=37.6644M/s
BM_SORT_STD/2048/1/iterations:1/repeats:50                     52.9 us         52.9 us            1 L1-dcache-loads=33.625k items_per_second=38.6904M/s
BM_SORT_STD/2048/1/iterations:1/repeats:50                     52.8 us         52.8 us            1 L1-dcache-loads=33.393k items_per_second=38.7879M/s
BM_SORT_STD/2048/1/iterations:1/repeats:50                     52.9 us         52.9 us            1 L1-dcache-loads=33.62k items_per_second=38.7043M/s
BM_SORT_STD/2048/1/iterations:1/repeats:50                     53.0 us         53.0 us            1 L1-dcache-loads=32.714k items_per_second=38.6736M/s
BM_SORT_STD/2048/1/iterations:1/repeats:50                     54.5 us         54.5 us            1 L1-dcache-loads=33.202k items_per_second=37.5621M/s
BM_SORT_STD/2048/1/iterations:1/repeats:50                     52.7 us         52.7 us            1 L1-dcache-loads=33.227k items_per_second=38.8489M/s
BM_SORT_STD/2048/1/iterations:1/repeats:50                     52.4 us         52.4 us            1 L1-dcache-loads=33.899k items_per_second=39.0542M/s
BM_SORT_STD/2048/1/iterations:1/repeats:50                     52.3 us         52.2 us            1 L1-dcache-loads=34.126k items_per_second=39.2029M/s
BM_SORT_STD/2048/1/iterations:1/repeats:50                     53.1 us         53.1 us            1 L1-dcache-loads=35.066k items_per_second=38.5404M/s
BM_SORT_STD/2048/1/iterations:1/repeats:50                     53.3 us         53.3 us            1 L1-dcache-loads=33.38k items_per_second=38.4283M/s
BM_SORT_STD/2048/1/iterations:1/repeats:50                     51.8 us         51.8 us            1 L1-dcache-loads=35.413k items_per_second=39.5382M/s
BM_SORT_STD/2048/1/iterations:1/repeats:50                     52.9 us         52.9 us            1 L1-dcache-loads=33.525k items_per_second=38.6933M/s
BM_SORT_STD/2048/1/iterations:1/repeats:50                     51.7 us         51.7 us            1 L1-dcache-loads=33.539k items_per_second=39.6024M/s
BM_SORT_STD/2048/1/iterations:1/repeats:50                     52.2 us         52.2 us            1 L1-dcache-loads=34.976k items_per_second=39.2578M/s
BM_SORT_STD/2048/1/iterations:1/repeats:50                     53.0 us         53.0 us            1 L1-dcache-loads=33.559k items_per_second=38.6612M/s
BM_SORT_STD/2048/1/iterations:1/repeats:50                     52.4 us         52.3 us            1 L1-dcache-loads=34.184k items_per_second=39.1213M/s
BM_SORT_STD/2048/1/iterations:1/repeats:50                     52.7 us         52.7 us            1 L1-dcache-loads=33.975k items_per_second=38.8932M/s
BM_SORT_STD/2048/1/iterations:1/repeats:50                     53.0 us         53.0 us            1 L1-dcache-loads=34.084k items_per_second=38.651M/s
BM_SORT_STD/2048/1/iterations:1/repeats:50                     52.7 us         52.7 us            1 L1-dcache-loads=33.729k items_per_second=38.8792M/s
BM_SORT_STD/2048/1/iterations:1/repeats:50                     53.9 us         53.8 us            1 L1-dcache-loads=32.684k items_per_second=38.033M/s
BM_SORT_STD/2048/1/iterations:1/repeats:50                     54.1 us         54.1 us            1 L1-dcache-loads=33.088k items_per_second=37.8712M/s
BM_SORT_STD/2048/1/iterations:1/repeats:50                     52.9 us         52.9 us            1 L1-dcache-loads=34.089k items_per_second=38.705M/s
BM_SORT_STD/2048/1/iterations:1/repeats:50                     51.1 us         51.2 us            1 L1-dcache-loads=34.247k items_per_second=40.0368M/s
BM_SORT_STD/2048/1/iterations:1/repeats:50                     53.2 us         53.2 us            1 L1-dcache-loads=33.619k items_per_second=38.5281M/s
BM_SORT_STD/2048/1/iterations:1/repeats:50                     53.5 us         53.5 us            1 L1-dcache-loads=33.07k items_per_second=38.2675M/s
BM_SORT_STD/2048/1/iterations:1/repeats:50                     53.0 us         52.9 us            1 L1-dcache-loads=34.002k items_per_second=38.678M/s
BM_SORT_STD/2048/1/iterations:1/repeats:50                     53.1 us         53.1 us            1 L1-dcache-loads=33.843k items_per_second=38.5651M/s
BM_SORT_STD/2048/1/iterations:1/repeats:50                     52.1 us         52.1 us            1 L1-dcache-loads=33.99k items_per_second=39.2751M/s
BM_SORT_STD/2048/1/iterations:1/repeats:50_mean                52.8 us         52.8 us           50 L1-dcache-loads=33.8579k items_per_second=38.8228M/s
BM_SORT_STD/2048/1/iterations:1/repeats:50_median              52.8 us         52.8 us           50 L1-dcache-loads=33.7905k items_per_second=38.7772M/s
BM_SORT_STD/2048/1/iterations:1/repeats:50_stddev             0.683 us        0.684 us           50 L1-dcache-loads=647.954 items_per_second=502.34k/s
BM_SORT_STD/2048/1/iterations:1/repeats:50_cv                  1.29 %          1.30 %            50 L1-dcache-loads=1.91% items_per_second=1.29%
BM_SORT_STD/4096/1/iterations:1/repeats:50                      116 us          116 us            1 L1-dcache-loads=72.866k items_per_second=35.4466M/s
BM_SORT_STD/4096/1/iterations:1/repeats:50                      117 us          117 us            1 L1-dcache-loads=72.154k items_per_second=35.1265M/s
BM_SORT_STD/4096/1/iterations:1/repeats:50                      114 us          114 us            1 L1-dcache-loads=72.551k items_per_second=35.8675M/s
BM_SORT_STD/4096/1/iterations:1/repeats:50                      112 us          112 us            1 L1-dcache-loads=74.838k items_per_second=36.4371M/s
BM_SORT_STD/4096/1/iterations:1/repeats:50                      113 us          113 us            1 L1-dcache-loads=77.067k items_per_second=36.1432M/s
BM_SORT_STD/4096/1/iterations:1/repeats:50                      117 us          117 us            1 L1-dcache-loads=72.115k items_per_second=34.9987M/s
BM_SORT_STD/4096/1/iterations:1/repeats:50                      114 us          114 us            1 L1-dcache-loads=76.003k items_per_second=36.0455M/s
BM_SORT_STD/4096/1/iterations:1/repeats:50                      117 us          117 us            1 L1-dcache-loads=71.676k items_per_second=35.0973M/s
BM_SORT_STD/4096/1/iterations:1/repeats:50                      115 us          115 us            1 L1-dcache-loads=71.835k items_per_second=35.7214M/s
BM_SORT_STD/4096/1/iterations:1/repeats:50                      113 us          113 us            1 L1-dcache-loads=74.625k items_per_second=36.2321M/s
BM_SORT_STD/4096/1/iterations:1/repeats:50                      116 us          116 us            1 L1-dcache-loads=74.746k items_per_second=35.2687M/s
BM_SORT_STD/4096/1/iterations:1/repeats:50                      116 us          116 us            1 L1-dcache-loads=73.789k items_per_second=35.2569M/s
BM_SORT_STD/4096/1/iterations:1/repeats:50                      115 us          115 us            1 L1-dcache-loads=73.365k items_per_second=35.6304M/s
BM_SORT_STD/4096/1/iterations:1/repeats:50                      118 us          118 us            1 L1-dcache-loads=72.418k items_per_second=34.6681M/s
BM_SORT_STD/4096/1/iterations:1/repeats:50                      115 us          115 us            1 L1-dcache-loads=72.316k items_per_second=35.5886M/s
BM_SORT_STD/4096/1/iterations:1/repeats:50                      115 us          115 us            1 L1-dcache-loads=73.218k items_per_second=35.4856M/s
BM_SORT_STD/4096/1/iterations:1/repeats:50                      117 us          117 us            1 L1-dcache-loads=73.26k items_per_second=34.9613M/s
BM_SORT_STD/4096/1/iterations:1/repeats:50                      116 us          116 us            1 L1-dcache-loads=72.587k items_per_second=35.3521M/s
BM_SORT_STD/4096/1/iterations:1/repeats:50                      116 us          116 us            1 L1-dcache-loads=73.794k items_per_second=35.4491M/s
BM_SORT_STD/4096/1/iterations:1/repeats:50                      116 us          116 us            1 L1-dcache-loads=76.684k items_per_second=35.2848M/s
BM_SORT_STD/4096/1/iterations:1/repeats:50                      113 us          113 us            1 L1-dcache-loads=75.426k items_per_second=36.233M/s
BM_SORT_STD/4096/1/iterations:1/repeats:50                      118 us          118 us            1 L1-dcache-loads=71.785k items_per_second=34.7646M/s
BM_SORT_STD/4096/1/iterations:1/repeats:50                      113 us          113 us            1 L1-dcache-loads=73.608k items_per_second=36.0906M/s
BM_SORT_STD/4096/1/iterations:1/repeats:50                      113 us          113 us            1 L1-dcache-loads=74.19k items_per_second=36.2436M/s
BM_SORT_STD/4096/1/iterations:1/repeats:50                      114 us          114 us            1 L1-dcache-loads=75.574k items_per_second=35.9927M/s
BM_SORT_STD/4096/1/iterations:1/repeats:50                      116 us          116 us            1 L1-dcache-loads=74.971k items_per_second=35.3372M/s
BM_SORT_STD/4096/1/iterations:1/repeats:50                      113 us          113 us            1 L1-dcache-loads=74.463k items_per_second=36.353M/s
BM_SORT_STD/4096/1/iterations:1/repeats:50                      115 us          115 us            1 L1-dcache-loads=72.928k items_per_second=35.6869M/s
BM_SORT_STD/4096/1/iterations:1/repeats:50                      112 us          112 us            1 L1-dcache-loads=77.548k items_per_second=36.4546M/s
BM_SORT_STD/4096/1/iterations:1/repeats:50                      116 us          116 us            1 L1-dcache-loads=73.582k items_per_second=35.4239M/s
BM_SORT_STD/4096/1/iterations:1/repeats:50                      115 us          115 us            1 L1-dcache-loads=72.07k items_per_second=35.6931M/s
BM_SORT_STD/4096/1/iterations:1/repeats:50                      115 us          115 us            1 L1-dcache-loads=73.769k items_per_second=35.5053M/s
BM_SORT_STD/4096/1/iterations:1/repeats:50                      115 us          115 us            1 L1-dcache-loads=72.302k items_per_second=35.7707M/s
BM_SORT_STD/4096/1/iterations:1/repeats:50                      116 us          116 us            1 L1-dcache-loads=72.28k items_per_second=35.3891M/s
BM_SORT_STD/4096/1/iterations:1/repeats:50                      117 us          117 us            1 L1-dcache-loads=71.385k items_per_second=35.0379M/s
BM_SORT_STD/4096/1/iterations:1/repeats:50                      114 us          114 us            1 L1-dcache-loads=72.164k items_per_second=35.9494M/s
BM_SORT_STD/4096/1/iterations:1/repeats:50                      115 us          115 us            1 L1-dcache-loads=73.618k items_per_second=35.6004M/s
BM_SORT_STD/4096/1/iterations:1/repeats:50                      115 us          115 us            1 L1-dcache-loads=72.196k items_per_second=35.5275M/s
BM_SORT_STD/4096/1/iterations:1/repeats:50                      116 us          116 us            1 L1-dcache-loads=73.149k items_per_second=35.1739M/s
BM_SORT_STD/4096/1/iterations:1/repeats:50                      117 us          117 us            1 L1-dcache-loads=70.958k items_per_second=35.0844M/s
BM_SORT_STD/4096/1/iterations:1/repeats:50                      114 us          114 us            1 L1-dcache-loads=72.654k items_per_second=35.7886M/s
BM_SORT_STD/4096/1/iterations:1/repeats:50                      115 us          115 us            1 L1-dcache-loads=73.292k items_per_second=35.7249M/s
BM_SORT_STD/4096/1/iterations:1/repeats:50                      117 us          117 us            1 L1-dcache-loads=72.43k items_per_second=35.1555M/s
BM_SORT_STD/4096/1/iterations:1/repeats:50                      115 us          115 us            1 L1-dcache-loads=74.388k items_per_second=35.5207M/s
BM_SORT_STD/4096/1/iterations:1/repeats:50                      117 us          117 us            1 L1-dcache-loads=73.969k items_per_second=34.8943M/s
BM_SORT_STD/4096/1/iterations:1/repeats:50                      115 us          115 us            1 L1-dcache-loads=73.608k items_per_second=35.7333M/s
BM_SORT_STD/4096/1/iterations:1/repeats:50                      112 us          112 us            1 L1-dcache-loads=76.224k items_per_second=36.6002M/s
BM_SORT_STD/4096/1/iterations:1/repeats:50                      116 us          116 us            1 L1-dcache-loads=73.248k items_per_second=35.2918M/s
BM_SORT_STD/4096/1/iterations:1/repeats:50                      115 us          115 us            1 L1-dcache-loads=72.62k items_per_second=35.6648M/s
BM_SORT_STD/4096/1/iterations:1/repeats:50                      114 us          114 us            1 L1-dcache-loads=72.872k items_per_second=36.023M/s
BM_SORT_STD/4096/1/iterations:1/repeats:50_mean                 115 us          115 us           50 L1-dcache-loads=73.5036k items_per_second=35.5954M/s
BM_SORT_STD/4096/1/iterations:1/repeats:50_median               115 us          115 us           50 L1-dcache-loads=73.254k items_per_second=35.5581M/s
BM_SORT_STD/4096/1/iterations:1/repeats:50_stddev              1.50 us         1.50 us           50 L1-dcache-loads=1.50525k items_per_second=464.815k/s
BM_SORT_STD/4096/1/iterations:1/repeats:50_cv                  1.30 %          1.30 %            50 L1-dcache-loads=2.05% items_per_second=1.31%
BM_SORT_STD/8192/1/iterations:1/repeats:50                      250 us          250 us            1 L1-dcache-loads=159.642k items_per_second=32.8124M/s
BM_SORT_STD/8192/1/iterations:1/repeats:50                      242 us          242 us            1 L1-dcache-loads=158.879k items_per_second=33.8584M/s
BM_SORT_STD/8192/1/iterations:1/repeats:50                      242 us          242 us            1 L1-dcache-loads=161.199k items_per_second=33.8675M/s
BM_SORT_STD/8192/1/iterations:1/repeats:50                      245 us          245 us            1 L1-dcache-loads=157.92k items_per_second=33.4512M/s
BM_SORT_STD/8192/1/iterations:1/repeats:50                      248 us          248 us            1 L1-dcache-loads=157.66k items_per_second=33.0107M/s
BM_SORT_STD/8192/1/iterations:1/repeats:50                      247 us          247 us            1 L1-dcache-loads=160.476k items_per_second=33.2221M/s
BM_SORT_STD/8192/1/iterations:1/repeats:50                      246 us          246 us            1 L1-dcache-loads=157.544k items_per_second=33.2762M/s
BM_SORT_STD/8192/1/iterations:1/repeats:50                      244 us          244 us            1 L1-dcache-loads=159.652k items_per_second=33.5405M/s
BM_SORT_STD/8192/1/iterations:1/repeats:50                      247 us          247 us            1 L1-dcache-loads=157.783k items_per_second=33.1989M/s
BM_SORT_STD/8192/1/iterations:1/repeats:50                      244 us          244 us            1 L1-dcache-loads=157.271k items_per_second=33.6085M/s
BM_SORT_STD/8192/1/iterations:1/repeats:50                      245 us          245 us            1 L1-dcache-loads=164.9k items_per_second=33.4331M/s
BM_SORT_STD/8192/1/iterations:1/repeats:50                      249 us          249 us            1 L1-dcache-loads=160.251k items_per_second=32.9046M/s
BM_SORT_STD/8192/1/iterations:1/repeats:50                      249 us          249 us            1 L1-dcache-loads=160.503k items_per_second=32.8395M/s
BM_SORT_STD/8192/1/iterations:1/repeats:50                      249 us          249 us            1 L1-dcache-loads=155.075k items_per_second=32.9649M/s
BM_SORT_STD/8192/1/iterations:1/repeats:50                      247 us          247 us            1 L1-dcache-loads=160.889k items_per_second=33.1722M/s
BM_SORT_STD/8192/1/iterations:1/repeats:50                      244 us          244 us            1 L1-dcache-loads=156.549k items_per_second=33.5142M/s
BM_SORT_STD/8192/1/iterations:1/repeats:50                      248 us          248 us            1 L1-dcache-loads=159.857k items_per_second=33.0066M/s
BM_SORT_STD/8192/1/iterations:1/repeats:50                      250 us          250 us            1 L1-dcache-loads=159.048k items_per_second=32.8087M/s
BM_SORT_STD/8192/1/iterations:1/repeats:50                      248 us          248 us            1 L1-dcache-loads=162.965k items_per_second=33.0308M/s
BM_SORT_STD/8192/1/iterations:1/repeats:50                      248 us          248 us            1 L1-dcache-loads=159.374k items_per_second=33.0572M/s
BM_SORT_STD/8192/1/iterations:1/repeats:50                      246 us          246 us            1 L1-dcache-loads=158.414k items_per_second=33.3341M/s
BM_SORT_STD/8192/1/iterations:1/repeats:50                      249 us          249 us            1 L1-dcache-loads=155.141k items_per_second=32.9635M/s
BM_SORT_STD/8192/1/iterations:1/repeats:50                      248 us          248 us            1 L1-dcache-loads=155.757k items_per_second=32.9873M/s
BM_SORT_STD/8192/1/iterations:1/repeats:50                      246 us          246 us            1 L1-dcache-loads=162.681k items_per_second=33.3392M/s
BM_SORT_STD/8192/1/iterations:1/repeats:50                      249 us          249 us            1 L1-dcache-loads=156.837k items_per_second=32.9075M/s
BM_SORT_STD/8192/1/iterations:1/repeats:50                      246 us          246 us            1 L1-dcache-loads=158.793k items_per_second=33.2566M/s
BM_SORT_STD/8192/1/iterations:1/repeats:50                      246 us          246 us            1 L1-dcache-loads=160.026k items_per_second=33.2554M/s
BM_SORT_STD/8192/1/iterations:1/repeats:50                      239 us          239 us            1 L1-dcache-loads=156.327k items_per_second=34.3256M/s
BM_SORT_STD/8192/1/iterations:1/repeats:50                      242 us          242 us            1 L1-dcache-loads=159.22k items_per_second=33.8477M/s
BM_SORT_STD/8192/1/iterations:1/repeats:50                      243 us          243 us            1 L1-dcache-loads=154.818k items_per_second=33.665M/s
BM_SORT_STD/8192/1/iterations:1/repeats:50                      240 us          240 us            1 L1-dcache-loads=157.8k items_per_second=34.0713M/s
BM_SORT_STD/8192/1/iterations:1/repeats:50                      235 us          235 us            1 L1-dcache-loads=162.36k items_per_second=34.8162M/s
BM_SORT_STD/8192/1/iterations:1/repeats:50                      242 us          242 us            1 L1-dcache-loads=155.257k items_per_second=33.8206M/s
BM_SORT_STD/8192/1/iterations:1/repeats:50                      242 us          242 us            1 L1-dcache-loads=159.156k items_per_second=33.8417M/s
BM_SORT_STD/8192/1/iterations:1/repeats:50                      239 us          239 us            1 L1-dcache-loads=157.861k items_per_second=34.328M/s
BM_SORT_STD/8192/1/iterations:1/repeats:50                      241 us          241 us            1 L1-dcache-loads=159.495k items_per_second=34.0539M/s
BM_SORT_STD/8192/1/iterations:1/repeats:50                      241 us          241 us            1 L1-dcache-loads=163.183k items_per_second=33.9306M/s
BM_SORT_STD/8192/1/iterations:1/repeats:50                      244 us          244 us            1 L1-dcache-loads=156.326k items_per_second=33.5472M/s
BM_SORT_STD/8192/1/iterations:1/repeats:50                      240 us          240 us            1 L1-dcache-loads=158.479k items_per_second=34.1659M/s
BM_SORT_STD/8192/1/iterations:1/repeats:50                      249 us          249 us            1 L1-dcache-loads=156.054k items_per_second=32.8683M/s
BM_SORT_STD/8192/1/iterations:1/repeats:50                      246 us          246 us            1 L1-dcache-loads=156.325k items_per_second=33.3272M/s
BM_SORT_STD/8192/1/iterations:1/repeats:50                      240 us          240 us            1 L1-dcache-loads=160.804k items_per_second=34.1129M/s
BM_SORT_STD/8192/1/iterations:1/repeats:50                      241 us          241 us            1 L1-dcache-loads=166.759k items_per_second=33.962M/s
BM_SORT_STD/8192/1/iterations:1/repeats:50                      249 us          249 us            1 L1-dcache-loads=157.945k items_per_second=32.9095M/s
BM_SORT_STD/8192/1/iterations:1/repeats:50                      242 us          242 us            1 L1-dcache-loads=164.286k items_per_second=33.7866M/s
BM_SORT_STD/8192/1/iterations:1/repeats:50                      245 us          245 us            1 L1-dcache-loads=157.254k items_per_second=33.4765M/s
BM_SORT_STD/8192/1/iterations:1/repeats:50                      250 us          250 us            1 L1-dcache-loads=155.78k items_per_second=32.8059M/s
BM_SORT_STD/8192/1/iterations:1/repeats:50                      241 us          241 us            1 L1-dcache-loads=167.144k items_per_second=33.994M/s
BM_SORT_STD/8192/1/iterations:1/repeats:50                      246 us          246 us            1 L1-dcache-loads=155.411k items_per_second=33.3666M/s
BM_SORT_STD/8192/1/iterations:1/repeats:50                      246 us          246 us            1 L1-dcache-loads=158.327k items_per_second=33.3237M/s
BM_SORT_STD/8192/1/iterations:1/repeats:50_mean                 245 us          245 us           50 L1-dcache-loads=159.029k items_per_second=33.4594M/s
BM_SORT_STD/8192/1/iterations:1/repeats:50_median               246 us          246 us           50 L1-dcache-loads=158.636k items_per_second=33.3529M/s
BM_SORT_STD/8192/1/iterations:1/repeats:50_stddev              3.51 us         3.52 us           50 L1-dcache-loads=2.93464k items_per_second=484.101k/s
BM_SORT_STD/8192/1/iterations:1/repeats:50_cv                  1.44 %          1.44 %            50 L1-dcache-loads=1.85% items_per_second=1.45%
BM_SORT_STD/16384/1/iterations:1/repeats:50                     524 us          524 us            1 L1-dcache-loads=343.28k items_per_second=31.2527M/s
BM_SORT_STD/16384/1/iterations:1/repeats:50                     527 us          527 us            1 L1-dcache-loads=352.235k items_per_second=31.0743M/s
BM_SORT_STD/16384/1/iterations:1/repeats:50                     524 us          524 us            1 L1-dcache-loads=336.695k items_per_second=31.2536M/s
BM_SORT_STD/16384/1/iterations:1/repeats:50                     524 us          524 us            1 L1-dcache-loads=347.159k items_per_second=31.2424M/s
BM_SORT_STD/16384/1/iterations:1/repeats:50                     527 us          527 us            1 L1-dcache-loads=351.039k items_per_second=31.0835M/s
BM_SORT_STD/16384/1/iterations:1/repeats:50                     534 us          534 us            1 L1-dcache-loads=340.093k items_per_second=30.7032M/s
BM_SORT_STD/16384/1/iterations:1/repeats:50                     531 us          531 us            1 L1-dcache-loads=352.208k items_per_second=30.8531M/s
BM_SORT_STD/16384/1/iterations:1/repeats:50                     541 us          541 us            1 L1-dcache-loads=340.402k items_per_second=30.3105M/s
BM_SORT_STD/16384/1/iterations:1/repeats:50                     533 us          533 us            1 L1-dcache-loads=340.732k items_per_second=30.7485M/s
BM_SORT_STD/16384/1/iterations:1/repeats:50                     538 us          538 us            1 L1-dcache-loads=335.244k items_per_second=30.4349M/s
BM_SORT_STD/16384/1/iterations:1/repeats:50                     539 us          539 us            1 L1-dcache-loads=339.772k items_per_second=30.3901M/s
BM_SORT_STD/16384/1/iterations:1/repeats:50                     532 us          532 us            1 L1-dcache-loads=337.758k items_per_second=30.7839M/s
BM_SORT_STD/16384/1/iterations:1/repeats:50                     534 us          534 us            1 L1-dcache-loads=345.435k items_per_second=30.6851M/s
BM_SORT_STD/16384/1/iterations:1/repeats:50                     538 us          538 us            1 L1-dcache-loads=337.129k items_per_second=30.4638M/s
BM_SORT_STD/16384/1/iterations:1/repeats:50                     533 us          533 us            1 L1-dcache-loads=342.172k items_per_second=30.7433M/s
BM_SORT_STD/16384/1/iterations:1/repeats:50                     522 us          522 us            1 L1-dcache-loads=342.555k items_per_second=31.4155M/s
BM_SORT_STD/16384/1/iterations:1/repeats:50                     538 us          538 us            1 L1-dcache-loads=342.765k items_per_second=30.4567M/s
BM_SORT_STD/16384/1/iterations:1/repeats:50                     528 us          528 us            1 L1-dcache-loads=342.904k items_per_second=31.0489M/s
BM_SORT_STD/16384/1/iterations:1/repeats:50                     528 us          528 us            1 L1-dcache-loads=347.242k items_per_second=31.0174M/s
BM_SORT_STD/16384/1/iterations:1/repeats:50                     520 us          520 us            1 L1-dcache-loads=343.427k items_per_second=31.5344M/s
BM_SORT_STD/16384/1/iterations:1/repeats:50                     527 us          527 us            1 L1-dcache-loads=345.933k items_per_second=31.1048M/s
BM_SORT_STD/16384/1/iterations:1/repeats:50                     530 us          530 us            1 L1-dcache-loads=349.239k items_per_second=30.8987M/s
BM_SORT_STD/16384/1/iterations:1/repeats:50                     529 us          529 us            1 L1-dcache-loads=341.901k items_per_second=30.9789M/s
BM_SORT_STD/16384/1/iterations:1/repeats:50                     531 us          531 us            1 L1-dcache-loads=346.404k items_per_second=30.8589M/s
BM_SORT_STD/16384/1/iterations:1/repeats:50                     525 us          525 us            1 L1-dcache-loads=342.446k items_per_second=31.1852M/s
BM_SORT_STD/16384/1/iterations:1/repeats:50                     521 us          521 us            1 L1-dcache-loads=350.678k items_per_second=31.4267M/s
BM_SORT_STD/16384/1/iterations:1/repeats:50                     539 us          539 us            1 L1-dcache-loads=339.093k items_per_second=30.3842M/s
BM_SORT_STD/16384/1/iterations:1/repeats:50                     521 us          521 us            1 L1-dcache-loads=350.826k items_per_second=31.4175M/s
BM_SORT_STD/16384/1/iterations:1/repeats:50                     533 us          533 us            1 L1-dcache-loads=340.402k items_per_second=30.7582M/s
BM_SORT_STD/16384/1/iterations:1/repeats:50                     532 us          532 us            1 L1-dcache-loads=337.852k items_per_second=30.791M/s
BM_SORT_STD/16384/1/iterations:1/repeats:50                     530 us          530 us            1 L1-dcache-loads=341.731k items_per_second=30.9056M/s
BM_SORT_STD/16384/1/iterations:1/repeats:50                     533 us          533 us            1 L1-dcache-loads=344.854k items_per_second=30.7589M/s
BM_SORT_STD/16384/1/iterations:1/repeats:50                     537 us          537 us            1 L1-dcache-loads=340.364k items_per_second=30.5289M/s
BM_SORT_STD/16384/1/iterations:1/repeats:50                     523 us          523 us            1 L1-dcache-loads=358.661k items_per_second=31.3246M/s
BM_SORT_STD/16384/1/iterations:1/repeats:50                     533 us          533 us            1 L1-dcache-loads=340.592k items_per_second=30.7322M/s
BM_SORT_STD/16384/1/iterations:1/repeats:50                     535 us          535 us            1 L1-dcache-loads=335.883k items_per_second=30.638M/s
BM_SORT_STD/16384/1/iterations:1/repeats:50                     531 us          532 us            1 L1-dcache-loads=338.432k items_per_second=30.8257M/s
BM_SORT_STD/16384/1/iterations:1/repeats:50                     531 us          531 us            1 L1-dcache-loads=341.897k items_per_second=30.8785M/s
BM_SORT_STD/16384/1/iterations:1/repeats:50                     534 us          534 us            1 L1-dcache-loads=342.735k items_per_second=30.6811M/s
BM_SORT_STD/16384/1/iterations:1/repeats:50                     544 us          544 us            1 L1-dcache-loads=333.134k items_per_second=30.1358M/s
BM_SORT_STD/16384/1/iterations:1/repeats:50                     537 us          537 us            1 L1-dcache-loads=341.019k items_per_second=30.5072M/s
BM_SORT_STD/16384/1/iterations:1/repeats:50                     536 us          536 us            1 L1-dcache-loads=341.656k items_per_second=30.5398M/s
BM_SORT_STD/16384/1/iterations:1/repeats:50                     534 us          534 us            1 L1-dcache-loads=336.164k items_per_second=30.7056M/s
BM_SORT_STD/16384/1/iterations:1/repeats:50                     523 us          523 us            1 L1-dcache-loads=346.695k items_per_second=31.3139M/s
BM_SORT_STD/16384/1/iterations:1/repeats:50                     539 us          539 us            1 L1-dcache-loads=353.406k items_per_second=30.407M/s
BM_SORT_STD/16384/1/iterations:1/repeats:50                     531 us          531 us            1 L1-dcache-loads=341.546k items_per_second=30.828M/s
BM_SORT_STD/16384/1/iterations:1/repeats:50                     530 us          530 us            1 L1-dcache-loads=343.743k items_per_second=30.8979M/s
BM_SORT_STD/16384/1/iterations:1/repeats:50                     528 us          528 us            1 L1-dcache-loads=343.439k items_per_second=31.0258M/s
BM_SORT_STD/16384/1/iterations:1/repeats:50                     531 us          531 us            1 L1-dcache-loads=338.112k items_per_second=30.8455M/s
BM_SORT_STD/16384/1/iterations:1/repeats:50                     542 us          542 us            1 L1-dcache-loads=338.072k items_per_second=30.214M/s
BM_SORT_STD/16384/1/iterations:1/repeats:50_mean                531 us          531 us           50 L1-dcache-loads=342.943k items_per_second=30.8399M/s
BM_SORT_STD/16384/1/iterations:1/repeats:50_median              531 us          531 us           50 L1-dcache-loads=342.036k items_per_second=30.8269M/s
BM_SORT_STD/16384/1/iterations:1/repeats:50_stddev             5.81 us         5.82 us           50 L1-dcache-loads=5.2636k items_per_second=337.786k/s
BM_SORT_STD/16384/1/iterations:1/repeats:50_cv                 1.09 %          1.09 %            50 L1-dcache-loads=1.53% items_per_second=1.10%
BM_SORT_STD/32768/1/iterations:1/repeats:50                    1132 us         1132 us            1 L1-dcache-loads=739.173k items_per_second=28.9563M/s
BM_SORT_STD/32768/1/iterations:1/repeats:50                    1144 us         1144 us            1 L1-dcache-loads=726.46k items_per_second=28.6449M/s
BM_SORT_STD/32768/1/iterations:1/repeats:50                    1145 us         1145 us            1 L1-dcache-loads=721.102k items_per_second=28.6216M/s
BM_SORT_STD/32768/1/iterations:1/repeats:50                    1134 us         1134 us            1 L1-dcache-loads=724.364k items_per_second=28.8855M/s
BM_SORT_STD/32768/1/iterations:1/repeats:50                    1115 us         1115 us            1 L1-dcache-loads=754.386k items_per_second=29.396M/s
BM_SORT_STD/32768/1/iterations:1/repeats:50                    1160 us         1160 us            1 L1-dcache-loads=759.851k items_per_second=28.2578M/s
BM_SORT_STD/32768/1/iterations:1/repeats:50                    1149 us         1149 us            1 L1-dcache-loads=723.212k items_per_second=28.5311M/s
BM_SORT_STD/32768/1/iterations:1/repeats:50                    1176 us         1176 us            1 L1-dcache-loads=739.463k items_per_second=27.8688M/s
BM_SORT_STD/32768/1/iterations:1/repeats:50                    1161 us         1161 us            1 L1-dcache-loads=724.21k items_per_second=28.2147M/s
BM_SORT_STD/32768/1/iterations:1/repeats:50                    1146 us         1146 us            1 L1-dcache-loads=739.25k items_per_second=28.6004M/s
BM_SORT_STD/32768/1/iterations:1/repeats:50                    1152 us         1152 us            1 L1-dcache-loads=724.941k items_per_second=28.4411M/s
BM_SORT_STD/32768/1/iterations:1/repeats:50                    1168 us         1168 us            1 L1-dcache-loads=729.374k items_per_second=28.0562M/s
BM_SORT_STD/32768/1/iterations:1/repeats:50                    1158 us         1158 us            1 L1-dcache-loads=765.904k items_per_second=28.2884M/s
BM_SORT_STD/32768/1/iterations:1/repeats:50                    1163 us         1163 us            1 L1-dcache-loads=732.645k items_per_second=28.1672M/s
BM_SORT_STD/32768/1/iterations:1/repeats:50                    1167 us         1167 us            1 L1-dcache-loads=732.064k items_per_second=28.0825M/s
BM_SORT_STD/32768/1/iterations:1/repeats:50                    1165 us         1165 us            1 L1-dcache-loads=719.445k items_per_second=28.1278M/s
BM_SORT_STD/32768/1/iterations:1/repeats:50                    1163 us         1163 us            1 L1-dcache-loads=721.024k items_per_second=28.1655M/s
BM_SORT_STD/32768/1/iterations:1/repeats:50                    1134 us         1134 us            1 L1-dcache-loads=752.134k items_per_second=28.9024M/s
BM_SORT_STD/32768/1/iterations:1/repeats:50                    1124 us         1124 us            1 L1-dcache-loads=747.439k items_per_second=29.1411M/s
BM_SORT_STD/32768/1/iterations:1/repeats:50                    1180 us         1180 us            1 L1-dcache-loads=718.891k items_per_second=27.78M/s
BM_SORT_STD/32768/1/iterations:1/repeats:50                    1171 us         1171 us            1 L1-dcache-loads=737.405k items_per_second=27.978M/s
BM_SORT_STD/32768/1/iterations:1/repeats:50                    1169 us         1169 us            1 L1-dcache-loads=735.964k items_per_second=28.0332M/s
BM_SORT_STD/32768/1/iterations:1/repeats:50                    1182 us         1182 us            1 L1-dcache-loads=724.641k items_per_second=27.7114M/s
BM_SORT_STD/32768/1/iterations:1/repeats:50                    1157 us         1157 us            1 L1-dcache-loads=723.32k items_per_second=28.3127M/s
BM_SORT_STD/32768/1/iterations:1/repeats:50                    1166 us         1166 us            1 L1-dcache-loads=728.241k items_per_second=28.1077M/s
BM_SORT_STD/32768/1/iterations:1/repeats:50                    1189 us         1189 us            1 L1-dcache-loads=722.129k items_per_second=27.5669M/s
BM_SORT_STD/32768/1/iterations:1/repeats:50                    1177 us         1177 us            1 L1-dcache-loads=723.659k items_per_second=27.8457M/s
BM_SORT_STD/32768/1/iterations:1/repeats:50                    1171 us         1171 us            1 L1-dcache-loads=737.643k items_per_second=27.9882M/s
BM_SORT_STD/32768/1/iterations:1/repeats:50                    1132 us         1132 us            1 L1-dcache-loads=739.603k items_per_second=28.9373M/s
BM_SORT_STD/32768/1/iterations:1/repeats:50                    1142 us         1142 us            1 L1-dcache-loads=722.956k items_per_second=28.6855M/s
BM_SORT_STD/32768/1/iterations:1/repeats:50                    1153 us         1153 us            1 L1-dcache-loads=726.344k items_per_second=28.424M/s
BM_SORT_STD/32768/1/iterations:1/repeats:50                    1192 us         1192 us            1 L1-dcache-loads=732.679k items_per_second=27.4787M/s
BM_SORT_STD/32768/1/iterations:1/repeats:50                    1191 us         1191 us            1 L1-dcache-loads=717.651k items_per_second=27.5222M/s
BM_SORT_STD/32768/1/iterations:1/repeats:50                    1185 us         1185 us            1 L1-dcache-loads=721.296k items_per_second=27.6442M/s
BM_SORT_STD/32768/1/iterations:1/repeats:50                    1185 us         1185 us            1 L1-dcache-loads=752.757k items_per_second=27.6632M/s
BM_SORT_STD/32768/1/iterations:1/repeats:50                    1143 us         1143 us            1 L1-dcache-loads=743.249k items_per_second=28.673M/s
BM_SORT_STD/32768/1/iterations:1/repeats:50                    1145 us         1145 us            1 L1-dcache-loads=724.739k items_per_second=28.6231M/s
BM_SORT_STD/32768/1/iterations:1/repeats:50                    1137 us         1137 us            1 L1-dcache-loads=725.318k items_per_second=28.8106M/s
BM_SORT_STD/32768/1/iterations:1/repeats:50                    1149 us         1149 us            1 L1-dcache-loads=732.734k items_per_second=28.5154M/s
BM_SORT_STD/32768/1/iterations:1/repeats:50                    1180 us         1180 us            1 L1-dcache-loads=728.712k items_per_second=27.7639M/s
BM_SORT_STD/32768/1/iterations:1/repeats:50                    1180 us         1180 us            1 L1-dcache-loads=741.221k items_per_second=27.7739M/s
BM_SORT_STD/32768/1/iterations:1/repeats:50                    1164 us         1164 us            1 L1-dcache-loads=713.138k items_per_second=28.1449M/s
BM_SORT_STD/32768/1/iterations:1/repeats:50                    1146 us         1146 us            1 L1-dcache-loads=721.483k items_per_second=28.5913M/s
BM_SORT_STD/32768/1/iterations:1/repeats:50                    1142 us         1142 us            1 L1-dcache-loads=743.749k items_per_second=28.6867M/s
BM_SORT_STD/32768/1/iterations:1/repeats:50                    1181 us         1181 us            1 L1-dcache-loads=723.131k items_per_second=27.7414M/s
BM_SORT_STD/32768/1/iterations:1/repeats:50                    1149 us         1149 us            1 L1-dcache-loads=724.533k items_per_second=28.5254M/s
BM_SORT_STD/32768/1/iterations:1/repeats:50                    1185 us         1185 us            1 L1-dcache-loads=721.227k items_per_second=27.6546M/s
BM_SORT_STD/32768/1/iterations:1/repeats:50                    1170 us         1170 us            1 L1-dcache-loads=736.538k items_per_second=28.0045M/s
BM_SORT_STD/32768/1/iterations:1/repeats:50                    1126 us         1126 us            1 L1-dcache-loads=745.506k items_per_second=29.1036M/s
BM_SORT_STD/32768/1/iterations:1/repeats:50                    1182 us         1182 us            1 L1-dcache-loads=729.976k items_per_second=27.7217M/s
BM_SORT_STD/32768/1/iterations:1/repeats:50_mean               1160 us         1160 us           50 L1-dcache-loads=731.937k items_per_second=28.2672M/s
BM_SORT_STD/32768/1/iterations:1/repeats:50_median             1162 us         1162 us           50 L1-dcache-loads=728.476k items_per_second=28.191M/s
BM_SORT_STD/32768/1/iterations:1/repeats:50_stddev             19.6 us         19.6 us           50 L1-dcache-loads=11.759k items_per_second=480.645k/s
BM_SORT_STD/32768/1/iterations:1/repeats:50_cv                 1.69 %          1.69 %            50 L1-dcache-loads=1.61% items_per_second=1.70%
BM_QUICKSORT/4/1/iterations:1/repeats:50                      0.587 us        0.571 us            1 L1-dcache-loads=105 items_per_second=7.00525M/s
BM_QUICKSORT/4/1/iterations:1/repeats:50                      0.410 us        0.407 us            1 L1-dcache-loads=110 items_per_second=9.82801M/s
BM_QUICKSORT/4/1/iterations:1/repeats:50                      0.342 us        0.337 us            1 L1-dcache-loads=104 items_per_second=11.8694M/s
BM_QUICKSORT/4/1/iterations:1/repeats:50                      0.363 us        0.357 us            1 L1-dcache-loads=107 items_per_second=11.2045M/s
BM_QUICKSORT/4/1/iterations:1/repeats:50                      0.324 us        0.322 us            1 L1-dcache-loads=104 items_per_second=12.4224M/s
BM_QUICKSORT/4/1/iterations:1/repeats:50                      0.356 us        0.354 us            1 L1-dcache-loads=105 items_per_second=11.2994M/s
BM_QUICKSORT/4/1/iterations:1/repeats:50                      0.341 us        0.333 us            1 L1-dcache-loads=104 items_per_second=12.012M/s
BM_QUICKSORT/4/1/iterations:1/repeats:50                      0.342 us        0.341 us            1 L1-dcache-loads=104 items_per_second=11.7302M/s
BM_QUICKSORT/4/1/iterations:1/repeats:50                      0.343 us        0.341 us            1 L1-dcache-loads=107 items_per_second=11.7302M/s
BM_QUICKSORT/4/1/iterations:1/repeats:50                      0.360 us        0.355 us            1 L1-dcache-loads=118 items_per_second=11.2676M/s
BM_QUICKSORT/4/1/iterations:1/repeats:50                      0.316 us        0.315 us            1 L1-dcache-loads=100 items_per_second=12.6984M/s
BM_QUICKSORT/4/1/iterations:1/repeats:50                      0.328 us        0.327 us            1 L1-dcache-loads=99 items_per_second=12.2324M/s
BM_QUICKSORT/4/1/iterations:1/repeats:50                      0.327 us        0.320 us            1 L1-dcache-loads=105 items_per_second=12.5M/s
BM_QUICKSORT/4/1/iterations:1/repeats:50                      0.352 us        0.352 us            1 L1-dcache-loads=112 items_per_second=11.3636M/s
BM_QUICKSORT/4/1/iterations:1/repeats:50                      0.367 us        0.367 us            1 L1-dcache-loads=118 items_per_second=10.8992M/s
BM_QUICKSORT/4/1/iterations:1/repeats:50                      0.332 us        0.332 us            1 L1-dcache-loads=105 items_per_second=12.0482M/s
BM_QUICKSORT/4/1/iterations:1/repeats:50                      0.323 us        0.328 us            1 L1-dcache-loads=99 items_per_second=12.1951M/s
BM_QUICKSORT/4/1/iterations:1/repeats:50                      0.339 us        0.335 us            1 L1-dcache-loads=107 items_per_second=11.9403M/s
BM_QUICKSORT/4/1/iterations:1/repeats:50                      0.336 us        0.335 us            1 L1-dcache-loads=100 items_per_second=11.9403M/s
BM_QUICKSORT/4/1/iterations:1/repeats:50                      0.333 us        0.334 us            1 L1-dcache-loads=111 items_per_second=11.976M/s
BM_QUICKSORT/4/1/iterations:1/repeats:50                      0.314 us        0.322 us            1 L1-dcache-loads=112 items_per_second=12.4224M/s
BM_QUICKSORT/4/1/iterations:1/repeats:50                      0.317 us        0.319 us            1 L1-dcache-loads=118 items_per_second=12.5392M/s
BM_QUICKSORT/4/1/iterations:1/repeats:50                      0.312 us        0.313 us            1 L1-dcache-loads=105 items_per_second=12.7796M/s
BM_QUICKSORT/4/1/iterations:1/repeats:50                      0.316 us        0.315 us            1 L1-dcache-loads=112 items_per_second=12.6984M/s
BM_QUICKSORT/4/1/iterations:1/repeats:50                      0.327 us        0.325 us            1 L1-dcache-loads=111 items_per_second=12.3077M/s
BM_QUICKSORT/4/1/iterations:1/repeats:50                      0.324 us        0.323 us            1 L1-dcache-loads=100 items_per_second=12.3839M/s
BM_QUICKSORT/4/1/iterations:1/repeats:50                      0.303 us        0.312 us            1 L1-dcache-loads=105 items_per_second=12.8205M/s
BM_QUICKSORT/4/1/iterations:1/repeats:50                      0.321 us        0.323 us            1 L1-dcache-loads=110 items_per_second=12.3839M/s
BM_QUICKSORT/4/1/iterations:1/repeats:50                      0.323 us        0.325 us            1 L1-dcache-loads=104 items_per_second=12.3077M/s
BM_QUICKSORT/4/1/iterations:1/repeats:50                      0.318 us        0.318 us            1 L1-dcache-loads=105 items_per_second=12.5786M/s
BM_QUICKSORT/4/1/iterations:1/repeats:50                      0.328 us        0.327 us            1 L1-dcache-loads=99 items_per_second=12.2324M/s
BM_QUICKSORT/4/1/iterations:1/repeats:50                      0.309 us        0.311 us            1 L1-dcache-loads=110 items_per_second=12.8617M/s
BM_QUICKSORT/4/1/iterations:1/repeats:50                      0.340 us        0.326 us            1 L1-dcache-loads=100 items_per_second=12.2699M/s
BM_QUICKSORT/4/1/iterations:1/repeats:50                      0.351 us        0.330 us            1 L1-dcache-loads=111 items_per_second=12.1212M/s
BM_QUICKSORT/4/1/iterations:1/repeats:50                      0.321 us        0.317 us            1 L1-dcache-loads=105 items_per_second=12.6183M/s
BM_QUICKSORT/4/1/iterations:1/repeats:50                      0.326 us        0.323 us            1 L1-dcache-loads=104 items_per_second=12.3839M/s
BM_QUICKSORT/4/1/iterations:1/repeats:50                      0.329 us        0.327 us            1 L1-dcache-loads=107 items_per_second=12.2324M/s
BM_QUICKSORT/4/1/iterations:1/repeats:50                      0.326 us        0.322 us            1 L1-dcache-loads=100 items_per_second=12.4224M/s
BM_QUICKSORT/4/1/iterations:1/repeats:50                      0.312 us        0.310 us            1 L1-dcache-loads=105 items_per_second=12.9032M/s
BM_QUICKSORT/4/1/iterations:1/repeats:50                      0.333 us        0.331 us            1 L1-dcache-loads=118 items_per_second=12.0846M/s
BM_QUICKSORT/4/1/iterations:1/repeats:50                      0.318 us        0.317 us            1 L1-dcache-loads=107 items_per_second=12.6183M/s
BM_QUICKSORT/4/1/iterations:1/repeats:50                      0.306 us        0.307 us            1 L1-dcache-loads=104 items_per_second=13.0293M/s
BM_QUICKSORT/4/1/iterations:1/repeats:50                      0.306 us        0.307 us            1 L1-dcache-loads=105 items_per_second=13.0293M/s
BM_QUICKSORT/4/1/iterations:1/repeats:50                      0.313 us        0.312 us            1 L1-dcache-loads=99 items_per_second=12.8205M/s
BM_QUICKSORT/4/1/iterations:1/repeats:50                      0.316 us        0.317 us            1 L1-dcache-loads=99 items_per_second=12.6183M/s
BM_QUICKSORT/4/1/iterations:1/repeats:50                      0.306 us        0.306 us            1 L1-dcache-loads=118 items_per_second=13.0719M/s
BM_QUICKSORT/4/1/iterations:1/repeats:50                      0.317 us        0.319 us            1 L1-dcache-loads=99 items_per_second=12.5392M/s
BM_QUICKSORT/4/1/iterations:1/repeats:50                      0.311 us        0.318 us            1 L1-dcache-loads=107 items_per_second=12.5786M/s
BM_QUICKSORT/4/1/iterations:1/repeats:50                      0.310 us        0.311 us            1 L1-dcache-loads=110 items_per_second=12.8617M/s
BM_QUICKSORT/4/1/iterations:1/repeats:50                      0.316 us        0.316 us            1 L1-dcache-loads=111 items_per_second=12.6582M/s
BM_QUICKSORT/4/1/iterations:1/repeats:50_mean                 0.334 us        0.332 us           50 L1-dcache-loads=106.48 items_per_second=12.1468M/s
BM_QUICKSORT/4/1/iterations:1/repeats:50_median               0.325 us        0.323 us           50 L1-dcache-loads=105 items_per_second=12.3839M/s
BM_QUICKSORT/4/1/iterations:1/repeats:50_stddev               0.041 us        0.039 us           50 L1-dcache-loads=5.53003 items_per_second=959.15k/s
BM_QUICKSORT/4/1/iterations:1/repeats:50_cv                   12.42 %         11.68 %            50 L1-dcache-loads=5.19% items_per_second=7.90%
BM_QUICKSORT/8/1/iterations:1/repeats:50                      0.493 us        0.484 us            1 L1-dcache-loads=153 items_per_second=16.5289M/s
BM_QUICKSORT/8/1/iterations:1/repeats:50                      0.397 us        0.396 us            1 L1-dcache-loads=137 items_per_second=20.202M/s
BM_QUICKSORT/8/1/iterations:1/repeats:50                      0.439 us        0.448 us            1 L1-dcache-loads=159 items_per_second=17.8571M/s
BM_QUICKSORT/8/1/iterations:1/repeats:50                      0.377 us        0.374 us            1 L1-dcache-loads=142 items_per_second=21.3904M/s
BM_QUICKSORT/8/1/iterations:1/repeats:50                      0.383 us        0.377 us            1 L1-dcache-loads=135 items_per_second=21.2202M/s
BM_QUICKSORT/8/1/iterations:1/repeats:50                      0.393 us        0.393 us            1 L1-dcache-loads=126 items_per_second=20.3562M/s
BM_QUICKSORT/8/1/iterations:1/repeats:50                      0.399 us        0.397 us            1 L1-dcache-loads=128 items_per_second=20.1511M/s
BM_QUICKSORT/8/1/iterations:1/repeats:50                      0.419 us        0.421 us            1 L1-dcache-loads=133 items_per_second=19.0024M/s
BM_QUICKSORT/8/1/iterations:1/repeats:50                      0.438 us        0.437 us            1 L1-dcache-loads=161 items_per_second=18.3066M/s
BM_QUICKSORT/8/1/iterations:1/repeats:50                      0.377 us        0.376 us            1 L1-dcache-loads=130 items_per_second=21.2766M/s
BM_QUICKSORT/8/1/iterations:1/repeats:50                      0.376 us        0.377 us            1 L1-dcache-loads=144 items_per_second=21.2202M/s
BM_QUICKSORT/8/1/iterations:1/repeats:50                      0.395 us        0.392 us            1 L1-dcache-loads=142 items_per_second=20.4082M/s
BM_QUICKSORT/8/1/iterations:1/repeats:50                      0.401 us        0.397 us            1 L1-dcache-loads=132 items_per_second=20.1511M/s
BM_QUICKSORT/8/1/iterations:1/repeats:50                      0.363 us        0.364 us            1 L1-dcache-loads=136 items_per_second=21.978M/s
BM_QUICKSORT/8/1/iterations:1/repeats:50                      0.394 us        0.396 us            1 L1-dcache-loads=150 items_per_second=20.202M/s
BM_QUICKSORT/8/1/iterations:1/repeats:50                      0.402 us        0.415 us            1 L1-dcache-loads=134 items_per_second=19.2771M/s
BM_QUICKSORT/8/1/iterations:1/repeats:50                      0.405 us        0.405 us            1 L1-dcache-loads=126 items_per_second=19.7531M/s
BM_QUICKSORT/8/1/iterations:1/repeats:50                      0.469 us        0.461 us            1 L1-dcache-loads=152 items_per_second=17.3536M/s
BM_QUICKSORT/8/1/iterations:1/repeats:50                      0.364 us        0.364 us            1 L1-dcache-loads=146 items_per_second=21.978M/s
BM_QUICKSORT/8/1/iterations:1/repeats:50                      0.368 us        0.368 us            1 L1-dcache-loads=132 items_per_second=21.7391M/s
BM_QUICKSORT/8/1/iterations:1/repeats:50                      0.390 us        0.389 us            1 L1-dcache-loads=133 items_per_second=20.5656M/s
BM_QUICKSORT/8/1/iterations:1/repeats:50                      0.365 us        0.367 us            1 L1-dcache-loads=135 items_per_second=21.7984M/s
BM_QUICKSORT/8/1/iterations:1/repeats:50                      0.370 us        0.369 us            1 L1-dcache-loads=137 items_per_second=21.6802M/s
BM_QUICKSORT/8/1/iterations:1/repeats:50                      0.388 us        0.388 us            1 L1-dcache-loads=143 items_per_second=20.6186M/s
BM_QUICKSORT/8/1/iterations:1/repeats:50                      0.406 us        0.401 us            1 L1-dcache-loads=139 items_per_second=19.9501M/s
BM_QUICKSORT/8/1/iterations:1/repeats:50                      0.385 us        0.386 us            1 L1-dcache-loads=140 items_per_second=20.7254M/s
BM_QUICKSORT/8/1/iterations:1/repeats:50                      0.419 us        0.420 us            1 L1-dcache-loads=142 items_per_second=19.0476M/s
BM_QUICKSORT/8/1/iterations:1/repeats:50                      0.393 us        0.394 us            1 L1-dcache-loads=135 items_per_second=20.3046M/s
BM_QUICKSORT/8/1/iterations:1/repeats:50                      0.386 us        0.385 us            1 L1-dcache-loads=133 items_per_second=20.7792M/s
BM_QUICKSORT/8/1/iterations:1/repeats:50                      0.381 us        0.373 us            1 L1-dcache-loads=125 items_per_second=21.4477M/s
BM_QUICKSORT/8/1/iterations:1/repeats:50                      0.401 us        0.403 us            1 L1-dcache-loads=138 items_per_second=19.8511M/s
BM_QUICKSORT/8/1/iterations:1/repeats:50                      0.373 us        0.368 us            1 L1-dcache-loads=142 items_per_second=21.7391M/s
BM_QUICKSORT/8/1/iterations:1/repeats:50                      0.383 us        0.384 us            1 L1-dcache-loads=134 items_per_second=20.8333M/s
BM_QUICKSORT/8/1/iterations:1/repeats:50                      0.410 us        0.406 us            1 L1-dcache-loads=130 items_per_second=19.7044M/s
BM_QUICKSORT/8/1/iterations:1/repeats:50                      0.395 us        0.394 us            1 L1-dcache-loads=151 items_per_second=20.3046M/s
BM_QUICKSORT/8/1/iterations:1/repeats:50                      0.385 us        0.384 us            1 L1-dcache-loads=141 items_per_second=20.8333M/s
BM_QUICKSORT/8/1/iterations:1/repeats:50                      0.397 us        0.396 us            1 L1-dcache-loads=135 items_per_second=20.202M/s
BM_QUICKSORT/8/1/iterations:1/repeats:50                      0.387 us        0.386 us            1 L1-dcache-loads=147 items_per_second=20.7254M/s
BM_QUICKSORT/8/1/iterations:1/repeats:50                      0.387 us        0.386 us            1 L1-dcache-loads=143 items_per_second=20.7254M/s
BM_QUICKSORT/8/1/iterations:1/repeats:50                      0.362 us        0.368 us            1 L1-dcache-loads=137 items_per_second=21.7391M/s
BM_QUICKSORT/8/1/iterations:1/repeats:50                      0.356 us        0.358 us            1 L1-dcache-loads=125 items_per_second=22.3464M/s
BM_QUICKSORT/8/1/iterations:1/repeats:50                      0.407 us        0.406 us            1 L1-dcache-loads=159 items_per_second=19.7044M/s
BM_QUICKSORT/8/1/iterations:1/repeats:50                      0.377 us        0.377 us            1 L1-dcache-loads=130 items_per_second=21.2202M/s
BM_QUICKSORT/8/1/iterations:1/repeats:50                      0.352 us        0.352 us            1 L1-dcache-loads=147 items_per_second=22.7273M/s
BM_QUICKSORT/8/1/iterations:1/repeats:50                      0.399 us        0.406 us            1 L1-dcache-loads=139 items_per_second=19.7044M/s
BM_QUICKSORT/8/1/iterations:1/repeats:50                      0.366 us        0.367 us            1 L1-dcache-loads=134 items_per_second=21.7984M/s
BM_QUICKSORT/8/1/iterations:1/repeats:50                      0.384 us        0.378 us            1 L1-dcache-loads=148 items_per_second=21.164M/s
BM_QUICKSORT/8/1/iterations:1/repeats:50                      0.395 us        0.394 us            1 L1-dcache-loads=135 items_per_second=20.3046M/s
BM_QUICKSORT/8/1/iterations:1/repeats:50                      0.372 us        0.370 us            1 L1-dcache-loads=136 items_per_second=21.6216M/s
BM_QUICKSORT/8/1/iterations:1/repeats:50                      0.393 us        0.392 us            1 L1-dcache-loads=127 items_per_second=20.4082M/s
BM_QUICKSORT/8/1/iterations:1/repeats:50_mean                 0.392 us        0.392 us           50 L1-dcache-loads=138.76 items_per_second=20.4985M/s
BM_QUICKSORT/8/1/iterations:1/repeats:50_median               0.389 us        0.389 us           50 L1-dcache-loads=137 items_per_second=20.5921M/s
BM_QUICKSORT/8/1/iterations:1/repeats:50_stddev               0.026 us        0.026 us           50 L1-dcache-loads=8.91813 items_per_second=1.23952M/s
BM_QUICKSORT/8/1/iterations:1/repeats:50_cv                    6.65 %          6.53 %            50 L1-dcache-loads=6.43% items_per_second=6.05%
BM_QUICKSORT/16/1/iterations:1/repeats:50                     0.623 us        0.605 us            1 L1-dcache-loads=216 items_per_second=26.4463M/s
BM_QUICKSORT/16/1/iterations:1/repeats:50                     0.516 us        0.513 us            1 L1-dcache-loads=221 items_per_second=31.1891M/s
BM_QUICKSORT/16/1/iterations:1/repeats:50                     0.598 us        0.592 us            1 L1-dcache-loads=233 items_per_second=27.027M/s
BM_QUICKSORT/16/1/iterations:1/repeats:50                     0.527 us        0.519 us            1 L1-dcache-loads=208 items_per_second=30.8285M/s
BM_QUICKSORT/16/1/iterations:1/repeats:50                     0.537 us        0.536 us            1 L1-dcache-loads=215 items_per_second=29.8507M/s
BM_QUICKSORT/16/1/iterations:1/repeats:50                     0.485 us        0.486 us            1 L1-dcache-loads=227 items_per_second=32.9218M/s
BM_QUICKSORT/16/1/iterations:1/repeats:50                     0.584 us        0.583 us            1 L1-dcache-loads=224 items_per_second=27.4443M/s
BM_QUICKSORT/16/1/iterations:1/repeats:50                     0.500 us        0.505 us            1 L1-dcache-loads=203 items_per_second=31.6832M/s
BM_QUICKSORT/16/1/iterations:1/repeats:50                     0.510 us        0.509 us            1 L1-dcache-loads=213 items_per_second=31.4342M/s
BM_QUICKSORT/16/1/iterations:1/repeats:50                     0.551 us        0.546 us            1 L1-dcache-loads=213 items_per_second=29.304M/s
BM_QUICKSORT/16/1/iterations:1/repeats:50                     0.516 us        0.520 us            1 L1-dcache-loads=254 items_per_second=30.7692M/s
BM_QUICKSORT/16/1/iterations:1/repeats:50                     0.491 us        0.502 us            1 L1-dcache-loads=231 items_per_second=31.8725M/s
BM_QUICKSORT/16/1/iterations:1/repeats:50                     0.514 us        0.511 us            1 L1-dcache-loads=215 items_per_second=31.3112M/s
BM_QUICKSORT/16/1/iterations:1/repeats:50                     0.509 us        0.502 us            1 L1-dcache-loads=206 items_per_second=31.8725M/s
BM_QUICKSORT/16/1/iterations:1/repeats:50                     0.479 us        0.478 us            1 L1-dcache-loads=218 items_per_second=33.4728M/s
BM_QUICKSORT/16/1/iterations:1/repeats:50                     0.507 us        0.505 us            1 L1-dcache-loads=194 items_per_second=31.6832M/s
BM_QUICKSORT/16/1/iterations:1/repeats:50                     0.549 us        0.549 us            1 L1-dcache-loads=207 items_per_second=29.1439M/s
BM_QUICKSORT/16/1/iterations:1/repeats:50                     0.528 us        0.524 us            1 L1-dcache-loads=204 items_per_second=30.5344M/s
BM_QUICKSORT/16/1/iterations:1/repeats:50                     0.516 us        0.511 us            1 L1-dcache-loads=220 items_per_second=31.3112M/s
BM_QUICKSORT/16/1/iterations:1/repeats:50                     0.482 us        0.481 us            1 L1-dcache-loads=211 items_per_second=33.264M/s
BM_QUICKSORT/16/1/iterations:1/repeats:50                     0.485 us        0.482 us            1 L1-dcache-loads=258 items_per_second=33.195M/s
BM_QUICKSORT/16/1/iterations:1/repeats:50                     0.506 us        0.507 us            1 L1-dcache-loads=217 items_per_second=31.5582M/s
BM_QUICKSORT/16/1/iterations:1/repeats:50                     0.538 us        0.537 us            1 L1-dcache-loads=256 items_per_second=29.7952M/s
BM_QUICKSORT/16/1/iterations:1/repeats:50                     0.514 us        0.514 us            1 L1-dcache-loads=232 items_per_second=31.1284M/s
BM_QUICKSORT/16/1/iterations:1/repeats:50                     0.471 us        0.471 us            1 L1-dcache-loads=205 items_per_second=33.9703M/s
BM_QUICKSORT/16/1/iterations:1/repeats:50                     0.500 us        0.500 us            1 L1-dcache-loads=215 items_per_second=32M/s
BM_QUICKSORT/16/1/iterations:1/repeats:50                     0.482 us        0.480 us            1 L1-dcache-loads=230 items_per_second=33.3333M/s
BM_QUICKSORT/16/1/iterations:1/repeats:50                     0.463 us        0.461 us            1 L1-dcache-loads=238 items_per_second=34.7072M/s
BM_QUICKSORT/16/1/iterations:1/repeats:50                     0.487 us        0.478 us            1 L1-dcache-loads=237 items_per_second=33.4728M/s
BM_QUICKSORT/16/1/iterations:1/repeats:50                     0.542 us        0.540 us            1 L1-dcache-loads=229 items_per_second=29.6296M/s
BM_QUICKSORT/16/1/iterations:1/repeats:50                     0.491 us        0.492 us            1 L1-dcache-loads=207 items_per_second=32.5203M/s
BM_QUICKSORT/16/1/iterations:1/repeats:50                     0.524 us        0.528 us            1 L1-dcache-loads=233 items_per_second=30.303M/s
BM_QUICKSORT/16/1/iterations:1/repeats:50                     0.557 us        0.558 us            1 L1-dcache-loads=250 items_per_second=28.6738M/s
BM_QUICKSORT/16/1/iterations:1/repeats:50                     0.531 us        0.520 us            1 L1-dcache-loads=207 items_per_second=30.7692M/s
BM_QUICKSORT/16/1/iterations:1/repeats:50                     0.476 us        0.482 us            1 L1-dcache-loads=211 items_per_second=33.195M/s
BM_QUICKSORT/16/1/iterations:1/repeats:50                     0.513 us        0.512 us            1 L1-dcache-loads=233 items_per_second=31.25M/s
BM_QUICKSORT/16/1/iterations:1/repeats:50                     0.488 us        0.487 us            1 L1-dcache-loads=199 items_per_second=32.8542M/s
BM_QUICKSORT/16/1/iterations:1/repeats:50                     0.484 us        0.483 us            1 L1-dcache-loads=227 items_per_second=33.1263M/s
BM_QUICKSORT/16/1/iterations:1/repeats:50                     0.448 us        0.446 us            1 L1-dcache-loads=203 items_per_second=35.8744M/s
BM_QUICKSORT/16/1/iterations:1/repeats:50                     0.490 us        0.490 us            1 L1-dcache-loads=233 items_per_second=32.6531M/s
BM_QUICKSORT/16/1/iterations:1/repeats:50                     0.515 us        0.511 us            1 L1-dcache-loads=250 items_per_second=31.3112M/s
BM_QUICKSORT/16/1/iterations:1/repeats:50                     0.536 us        0.536 us            1 L1-dcache-loads=233 items_per_second=29.8507M/s
BM_QUICKSORT/16/1/iterations:1/repeats:50                     0.512 us        0.513 us            1 L1-dcache-loads=224 items_per_second=31.1891M/s
BM_QUICKSORT/16/1/iterations:1/repeats:50                     0.501 us        0.501 us            1 L1-dcache-loads=212 items_per_second=31.9361M/s
BM_QUICKSORT/16/1/iterations:1/repeats:50                     0.476 us        0.476 us            1 L1-dcache-loads=207 items_per_second=33.6134M/s
BM_QUICKSORT/16/1/iterations:1/repeats:50                     0.502 us        0.496 us            1 L1-dcache-loads=224 items_per_second=32.2581M/s
BM_QUICKSORT/16/1/iterations:1/repeats:50                     0.497 us        0.497 us            1 L1-dcache-loads=193 items_per_second=32.1932M/s
BM_QUICKSORT/16/1/iterations:1/repeats:50                     0.494 us        0.493 us            1 L1-dcache-loads=200 items_per_second=32.4544M/s
BM_QUICKSORT/16/1/iterations:1/repeats:50                     0.571 us        0.571 us            1 L1-dcache-loads=223 items_per_second=28.021M/s
BM_QUICKSORT/16/1/iterations:1/repeats:50                     0.526 us        0.526 us            1 L1-dcache-loads=225 items_per_second=30.4183M/s
BM_QUICKSORT/16/1/iterations:1/repeats:50_mean                0.513 us        0.511 us           50 L1-dcache-loads=220.88 items_per_second=31.4124M/s
BM_QUICKSORT/16/1/iterations:1/repeats:50_median              0.509 us        0.508 us           50 L1-dcache-loads=219 items_per_second=31.4962M/s
BM_QUICKSORT/16/1/iterations:1/repeats:50_stddev              0.034 us        0.033 us           50 L1-dcache-loads=15.9663 items_per_second=1.92248M/s
BM_QUICKSORT/16/1/iterations:1/repeats:50_cv                   6.64 %          6.37 %            50 L1-dcache-loads=7.23% items_per_second=6.12%
BM_QUICKSORT/32/1/iterations:1/repeats:50                     0.812 us        0.799 us            1 L1-dcache-loads=430 items_per_second=40.0501M/s
BM_QUICKSORT/32/1/iterations:1/repeats:50                     0.809 us        0.807 us            1 L1-dcache-loads=374 items_per_second=39.653M/s
BM_QUICKSORT/32/1/iterations:1/repeats:50                     0.820 us        0.828 us            1 L1-dcache-loads=376 items_per_second=38.6473M/s
BM_QUICKSORT/32/1/iterations:1/repeats:50                     0.789 us        0.788 us            1 L1-dcache-loads=460 items_per_second=40.6091M/s
BM_QUICKSORT/32/1/iterations:1/repeats:50                     0.866 us        0.866 us            1 L1-dcache-loads=438 items_per_second=36.9515M/s
BM_QUICKSORT/32/1/iterations:1/repeats:50                     0.766 us        0.767 us            1 L1-dcache-loads=415 items_per_second=41.721M/s
BM_QUICKSORT/32/1/iterations:1/repeats:50                     0.793 us        0.800 us            1 L1-dcache-loads=401 items_per_second=40M/s
BM_QUICKSORT/32/1/iterations:1/repeats:50                     0.828 us        0.829 us            1 L1-dcache-loads=399 items_per_second=38.6007M/s
BM_QUICKSORT/32/1/iterations:1/repeats:50                     0.819 us        0.819 us            1 L1-dcache-loads=432 items_per_second=39.072M/s
BM_QUICKSORT/32/1/iterations:1/repeats:50                     0.753 us        0.747 us            1 L1-dcache-loads=433 items_per_second=42.838M/s
BM_QUICKSORT/32/1/iterations:1/repeats:50                     0.833 us        0.832 us            1 L1-dcache-loads=428 items_per_second=38.4615M/s
BM_QUICKSORT/32/1/iterations:1/repeats:50                     0.777 us        0.778 us            1 L1-dcache-loads=383 items_per_second=41.1311M/s
BM_QUICKSORT/32/1/iterations:1/repeats:50                     0.789 us        0.797 us            1 L1-dcache-loads=392 items_per_second=40.1506M/s
BM_QUICKSORT/32/1/iterations:1/repeats:50                     0.780 us        0.781 us            1 L1-dcache-loads=463 items_per_second=40.9731M/s
BM_QUICKSORT/32/1/iterations:1/repeats:50                     0.797 us        0.797 us            1 L1-dcache-loads=385 items_per_second=40.1506M/s
BM_QUICKSORT/32/1/iterations:1/repeats:50                     0.833 us        0.831 us            1 L1-dcache-loads=399 items_per_second=38.5078M/s
BM_QUICKSORT/32/1/iterations:1/repeats:50                     0.780 us        0.777 us            1 L1-dcache-loads=405 items_per_second=41.184M/s
BM_QUICKSORT/32/1/iterations:1/repeats:50                     0.809 us        0.802 us            1 L1-dcache-loads=406 items_per_second=39.9002M/s
BM_QUICKSORT/32/1/iterations:1/repeats:50                     0.761 us        0.760 us            1 L1-dcache-loads=401 items_per_second=42.1053M/s
BM_QUICKSORT/32/1/iterations:1/repeats:50                     0.755 us        0.763 us            1 L1-dcache-loads=405 items_per_second=41.9397M/s
BM_QUICKSORT/32/1/iterations:1/repeats:50                     0.814 us        0.811 us            1 L1-dcache-loads=428 items_per_second=39.4575M/s
BM_QUICKSORT/32/1/iterations:1/repeats:50                     0.817 us        0.810 us            1 L1-dcache-loads=450 items_per_second=39.5062M/s
BM_QUICKSORT/32/1/iterations:1/repeats:50                     0.787 us        0.786 us            1 L1-dcache-loads=383 items_per_second=40.7125M/s
BM_QUICKSORT/32/1/iterations:1/repeats:50                     0.747 us        0.747 us            1 L1-dcache-loads=376 items_per_second=42.838M/s
BM_QUICKSORT/32/1/iterations:1/repeats:50                     0.735 us        0.733 us            1 L1-dcache-loads=422 items_per_second=43.6562M/s
BM_QUICKSORT/32/1/iterations:1/repeats:50                     0.737 us        0.747 us            1 L1-dcache-loads=389 items_per_second=42.838M/s
BM_QUICKSORT/32/1/iterations:1/repeats:50                     0.744 us        0.744 us            1 L1-dcache-loads=454 items_per_second=43.0108M/s
BM_QUICKSORT/32/1/iterations:1/repeats:50                     0.790 us        0.789 us            1 L1-dcache-loads=438 items_per_second=40.5577M/s
BM_QUICKSORT/32/1/iterations:1/repeats:50                     0.833 us        0.832 us            1 L1-dcache-loads=389 items_per_second=38.4615M/s
BM_QUICKSORT/32/1/iterations:1/repeats:50                     0.764 us        0.761 us            1 L1-dcache-loads=388 items_per_second=42.0499M/s
BM_QUICKSORT/32/1/iterations:1/repeats:50                     0.792 us        0.791 us            1 L1-dcache-loads=410 items_per_second=40.4551M/s
BM_QUICKSORT/32/1/iterations:1/repeats:50                     0.800 us        0.800 us            1 L1-dcache-loads=399 items_per_second=40M/s
BM_QUICKSORT/32/1/iterations:1/repeats:50                     0.766 us        0.771 us            1 L1-dcache-loads=401 items_per_second=41.5045M/s
BM_QUICKSORT/32/1/iterations:1/repeats:50                     0.784 us        0.767 us            1 L1-dcache-loads=430 items_per_second=41.721M/s
BM_QUICKSORT/32/1/iterations:1/repeats:50                     0.815 us        0.814 us            1 L1-dcache-loads=418 items_per_second=39.312M/s
BM_QUICKSORT/32/1/iterations:1/repeats:50                     0.774 us        0.775 us            1 L1-dcache-loads=405 items_per_second=41.2903M/s
BM_QUICKSORT/32/1/iterations:1/repeats:50                     0.769 us        0.768 us            1 L1-dcache-loads=437 items_per_second=41.6667M/s
BM_QUICKSORT/32/1/iterations:1/repeats:50                     0.777 us        0.776 us            1 L1-dcache-loads=487 items_per_second=41.2371M/s
BM_QUICKSORT/32/1/iterations:1/repeats:50                     0.773 us        0.771 us            1 L1-dcache-loads=379 items_per_second=41.5045M/s
BM_QUICKSORT/32/1/iterations:1/repeats:50                     0.770 us        0.772 us            1 L1-dcache-loads=392 items_per_second=41.4508M/s
BM_QUICKSORT/32/1/iterations:1/repeats:50                     0.768 us        0.762 us            1 L1-dcache-loads=388 items_per_second=41.9948M/s
BM_QUICKSORT/32/1/iterations:1/repeats:50                     0.798 us        0.796 us            1 L1-dcache-loads=416 items_per_second=40.201M/s
BM_QUICKSORT/32/1/iterations:1/repeats:50                     0.779 us        0.784 us            1 L1-dcache-loads=515 items_per_second=40.8163M/s
BM_QUICKSORT/32/1/iterations:1/repeats:50                     0.735 us        0.735 us            1 L1-dcache-loads=500 items_per_second=43.5374M/s
BM_QUICKSORT/32/1/iterations:1/repeats:50                     0.795 us        0.795 us            1 L1-dcache-loads=442 items_per_second=40.2516M/s
BM_QUICKSORT/32/1/iterations:1/repeats:50                     0.758 us        0.756 us            1 L1-dcache-loads=434 items_per_second=42.328M/s
BM_QUICKSORT/32/1/iterations:1/repeats:50                     0.766 us        0.782 us            1 L1-dcache-loads=449 items_per_second=40.9207M/s
BM_QUICKSORT/32/1/iterations:1/repeats:50                     0.846 us        0.837 us            1 L1-dcache-loads=447 items_per_second=38.2318M/s
BM_QUICKSORT/32/1/iterations:1/repeats:50                     0.801 us        0.799 us            1 L1-dcache-loads=419 items_per_second=40.0501M/s
BM_QUICKSORT/32/1/iterations:1/repeats:50                     0.792 us        0.792 us            1 L1-dcache-loads=414 items_per_second=40.404M/s
BM_QUICKSORT/32/1/iterations:1/repeats:50_mean                0.788 us        0.787 us           50 L1-dcache-loads=418.48 items_per_second=40.6923M/s
BM_QUICKSORT/32/1/iterations:1/repeats:50_median              0.788 us        0.787 us           50 L1-dcache-loads=414.5 items_per_second=40.6608M/s
BM_QUICKSORT/32/1/iterations:1/repeats:50_stddev              0.030 us        0.029 us           50 L1-dcache-loads=31.8685 items_per_second=1.48117M/s
BM_QUICKSORT/32/1/iterations:1/repeats:50_cv                   3.77 %          3.67 %            50 L1-dcache-loads=7.62% items_per_second=3.64%
BM_QUICKSORT/64/1/iterations:1/repeats:50                      1.49 us         1.47 us            1 L1-dcache-loads=806 items_per_second=43.5374M/s
BM_QUICKSORT/64/1/iterations:1/repeats:50                      1.36 us         1.36 us            1 L1-dcache-loads=989 items_per_second=47.0242M/s
BM_QUICKSORT/64/1/iterations:1/repeats:50                      1.42 us         1.42 us            1 L1-dcache-loads=823 items_per_second=45.134M/s
BM_QUICKSORT/64/1/iterations:1/repeats:50                      1.39 us         1.38 us            1 L1-dcache-loads=1.014k items_per_second=46.2094M/s
BM_QUICKSORT/64/1/iterations:1/repeats:50                      1.33 us         1.32 us            1 L1-dcache-loads=796 items_per_second=48.5216M/s
BM_QUICKSORT/64/1/iterations:1/repeats:50                      1.48 us         1.47 us            1 L1-dcache-loads=829 items_per_second=43.4487M/s
BM_QUICKSORT/64/1/iterations:1/repeats:50                      1.36 us         1.37 us            1 L1-dcache-loads=833 items_per_second=46.5793M/s
BM_QUICKSORT/64/1/iterations:1/repeats:50                      1.47 us         1.47 us            1 L1-dcache-loads=821 items_per_second=43.6264M/s
BM_QUICKSORT/64/1/iterations:1/repeats:50                      1.38 us         1.38 us            1 L1-dcache-loads=807 items_per_second=46.2762M/s
BM_QUICKSORT/64/1/iterations:1/repeats:50                      1.42 us         1.42 us            1 L1-dcache-loads=919 items_per_second=44.9123M/s
BM_QUICKSORT/64/1/iterations:1/repeats:50                      1.33 us         1.35 us            1 L1-dcache-loads=1.072k items_per_second=47.4777M/s
BM_QUICKSORT/64/1/iterations:1/repeats:50                      1.43 us         1.42 us            1 L1-dcache-loads=834 items_per_second=44.9438M/s
BM_QUICKSORT/64/1/iterations:1/repeats:50                      1.49 us         1.48 us            1 L1-dcache-loads=980 items_per_second=43.2432M/s
BM_QUICKSORT/64/1/iterations:1/repeats:50                      1.31 us         1.31 us            1 L1-dcache-loads=870 items_per_second=48.7062M/s
BM_QUICKSORT/64/1/iterations:1/repeats:50                      1.37 us         1.37 us            1 L1-dcache-loads=814 items_per_second=46.7153M/s
BM_QUICKSORT/64/1/iterations:1/repeats:50                      1.35 us         1.35 us            1 L1-dcache-loads=783 items_per_second=47.513M/s
BM_QUICKSORT/64/1/iterations:1/repeats:50                      1.40 us         1.41 us            1 L1-dcache-loads=941 items_per_second=45.3579M/s
BM_QUICKSORT/64/1/iterations:1/repeats:50                      1.40 us         1.39 us            1 L1-dcache-loads=822 items_per_second=45.977M/s
BM_QUICKSORT/64/1/iterations:1/repeats:50                      1.37 us         1.36 us            1 L1-dcache-loads=885 items_per_second=46.9208M/s
BM_QUICKSORT/64/1/iterations:1/repeats:50                      1.28 us         1.28 us            1 L1-dcache-loads=828 items_per_second=49.922M/s
BM_QUICKSORT/64/1/iterations:1/repeats:50                      1.38 us         1.39 us            1 L1-dcache-loads=932 items_per_second=46.176M/s
BM_QUICKSORT/64/1/iterations:1/repeats:50                      1.31 us         1.33 us            1 L1-dcache-loads=1.003k items_per_second=48.1928M/s
BM_QUICKSORT/64/1/iterations:1/repeats:50                      1.47 us         1.47 us            1 L1-dcache-loads=955 items_per_second=43.4193M/s
BM_QUICKSORT/64/1/iterations:1/repeats:50                      1.37 us         1.37 us            1 L1-dcache-loads=842 items_per_second=46.8521M/s
BM_QUICKSORT/64/1/iterations:1/repeats:50                      1.29 us         1.29 us            1 L1-dcache-loads=825 items_per_second=49.6894M/s
BM_QUICKSORT/64/1/iterations:1/repeats:50                      1.38 us         1.38 us            1 L1-dcache-loads=808 items_per_second=46.3768M/s
BM_QUICKSORT/64/1/iterations:1/repeats:50                      1.39 us         1.38 us            1 L1-dcache-loads=985 items_per_second=46.2094M/s
BM_QUICKSORT/64/1/iterations:1/repeats:50                      1.41 us         1.41 us            1 L1-dcache-loads=1.041k items_per_second=45.2617M/s
BM_QUICKSORT/64/1/iterations:1/repeats:50                      1.35 us         1.35 us            1 L1-dcache-loads=928 items_per_second=47.4777M/s
BM_QUICKSORT/64/1/iterations:1/repeats:50                      1.34 us         1.34 us            1 L1-dcache-loads=838 items_per_second=47.69M/s
BM_QUICKSORT/64/1/iterations:1/repeats:50                      1.42 us         1.42 us            1 L1-dcache-loads=872 items_per_second=44.9438M/s
BM_QUICKSORT/64/1/iterations:1/repeats:50                      1.39 us         1.38 us            1 L1-dcache-loads=885 items_per_second=46.3432M/s
BM_QUICKSORT/64/1/iterations:1/repeats:50                      1.36 us         1.36 us            1 L1-dcache-loads=884 items_per_second=46.9208M/s
BM_QUICKSORT/64/1/iterations:1/repeats:50                      1.48 us         1.46 us            1 L1-dcache-loads=857 items_per_second=43.686M/s
BM_QUICKSORT/64/1/iterations:1/repeats:50                      1.28 us         1.28 us            1 L1-dcache-loads=864 items_per_second=49.8442M/s
BM_QUICKSORT/64/1/iterations:1/repeats:50                      1.38 us         1.39 us            1 L1-dcache-loads=797 items_per_second=45.944M/s
BM_QUICKSORT/64/1/iterations:1/repeats:50                      1.41 us         1.42 us            1 L1-dcache-loads=877 items_per_second=45.1658M/s
BM_QUICKSORT/64/1/iterations:1/repeats:50                      1.36 us         1.36 us            1 L1-dcache-loads=831 items_per_second=46.9208M/s
BM_QUICKSORT/64/1/iterations:1/repeats:50                      1.40 us         1.39 us            1 L1-dcache-loads=830 items_per_second=46.0101M/s
BM_QUICKSORT/64/1/iterations:1/repeats:50                      1.36 us         1.36 us            1 L1-dcache-loads=972 items_per_second=46.9552M/s
BM_QUICKSORT/64/1/iterations:1/repeats:50                      1.37 us         1.37 us            1 L1-dcache-loads=817 items_per_second=46.7153M/s
BM_QUICKSORT/64/1/iterations:1/repeats:50                      1.36 us         1.36 us            1 L1-dcache-loads=961 items_per_second=47.0242M/s
BM_QUICKSORT/64/1/iterations:1/repeats:50                      1.39 us         1.39 us            1 L1-dcache-loads=789 items_per_second=46.176M/s
BM_QUICKSORT/64/1/iterations:1/repeats:50                      1.36 us         1.37 us            1 L1-dcache-loads=810 items_per_second=46.8521M/s
BM_QUICKSORT/64/1/iterations:1/repeats:50                      1.35 us         1.34 us            1 L1-dcache-loads=936 items_per_second=47.619M/s
BM_QUICKSORT/64/1/iterations:1/repeats:50                      1.33 us         1.33 us            1 L1-dcache-loads=856 items_per_second=48.1928M/s
BM_QUICKSORT/64/1/iterations:1/repeats:50                      1.26 us         1.26 us            1 L1-dcache-loads=850 items_per_second=50.9554M/s
BM_QUICKSORT/64/1/iterations:1/repeats:50                      1.35 us         1.34 us            1 L1-dcache-loads=915 items_per_second=47.8326M/s
BM_QUICKSORT/64/1/iterations:1/repeats:50                      1.41 us         1.41 us            1 L1-dcache-loads=791 items_per_second=45.2617M/s
BM_QUICKSORT/64/1/iterations:1/repeats:50                      1.40 us         1.40 us            1 L1-dcache-loads=944 items_per_second=45.6165M/s
BM_QUICKSORT/64/1/iterations:1/repeats:50_mean                 1.38 us         1.38 us           50 L1-dcache-loads=879.22 items_per_second=46.4874M/s
BM_QUICKSORT/64/1/iterations:1/repeats:50_median               1.37 us         1.38 us           50 L1-dcache-loads=856.5 items_per_second=46.4781M/s
BM_QUICKSORT/64/1/iterations:1/repeats:50_stddev              0.053 us        0.051 us           50 L1-dcache-loads=74.2624 items_per_second=1.74043M/s
BM_QUICKSORT/64/1/iterations:1/repeats:50_cv                   3.88 %          3.73 %            50 L1-dcache-loads=8.45% items_per_second=3.74%
BM_QUICKSORT/128/1/iterations:1/repeats:50                     2.79 us         2.78 us            1 L1-dcache-loads=1.942k items_per_second=46.0763M/s
BM_QUICKSORT/128/1/iterations:1/repeats:50                     2.70 us         2.70 us            1 L1-dcache-loads=1.996k items_per_second=47.425M/s
BM_QUICKSORT/128/1/iterations:1/repeats:50                     2.74 us         2.75 us            1 L1-dcache-loads=1.706k items_per_second=46.6133M/s
BM_QUICKSORT/128/1/iterations:1/repeats:50                     2.80 us         2.79 us            1 L1-dcache-loads=1.997k items_per_second=45.8289M/s
BM_QUICKSORT/128/1/iterations:1/repeats:50                     2.83 us         2.82 us            1 L1-dcache-loads=2.214k items_per_second=45.3097M/s
BM_QUICKSORT/128/1/iterations:1/repeats:50                     2.53 us         2.53 us            1 L1-dcache-loads=1.851k items_per_second=50.6529M/s
BM_QUICKSORT/128/1/iterations:1/repeats:50                     2.72 us         2.72 us            1 L1-dcache-loads=1.87k items_per_second=47.0242M/s
BM_QUICKSORT/128/1/iterations:1/repeats:50                     2.72 us         2.72 us            1 L1-dcache-loads=2.025k items_per_second=47.0935M/s
BM_QUICKSORT/128/1/iterations:1/repeats:50                     2.78 us         2.78 us            1 L1-dcache-loads=1.833k items_per_second=46.0597M/s
BM_QUICKSORT/128/1/iterations:1/repeats:50                     2.72 us         2.72 us            1 L1-dcache-loads=1.765k items_per_second=46.9897M/s
BM_QUICKSORT/128/1/iterations:1/repeats:50                     2.74 us         2.74 us            1 L1-dcache-loads=1.86k items_per_second=46.7665M/s
BM_QUICKSORT/128/1/iterations:1/repeats:50                     2.67 us         2.66 us            1 L1-dcache-loads=1.832k items_per_second=48.0661M/s
BM_QUICKSORT/128/1/iterations:1/repeats:50                     2.56 us         2.56 us            1 L1-dcache-loads=1.734k items_per_second=50.0195M/s
BM_QUICKSORT/128/1/iterations:1/repeats:50                     2.78 us         2.78 us            1 L1-dcache-loads=1.91k items_per_second=46.0929M/s
BM_QUICKSORT/128/1/iterations:1/repeats:50                     2.67 us         2.67 us            1 L1-dcache-loads=1.966k items_per_second=47.8863M/s
BM_QUICKSORT/128/1/iterations:1/repeats:50                     2.83 us         2.82 us            1 L1-dcache-loads=1.766k items_per_second=45.3258M/s
BM_QUICKSORT/128/1/iterations:1/repeats:50                     2.66 us         2.67 us            1 L1-dcache-loads=1.762k items_per_second=47.976M/s
BM_QUICKSORT/128/1/iterations:1/repeats:50                     2.70 us         2.69 us            1 L1-dcache-loads=1.822k items_per_second=47.513M/s
BM_QUICKSORT/128/1/iterations:1/repeats:50                     2.69 us         2.69 us            1 L1-dcache-loads=2.212k items_per_second=47.5836M/s
BM_QUICKSORT/128/1/iterations:1/repeats:50                     2.64 us         2.64 us            1 L1-dcache-loads=2.075k items_per_second=48.4848M/s
BM_QUICKSORT/128/1/iterations:1/repeats:50                     2.74 us         2.73 us            1 L1-dcache-loads=1.803k items_per_second=46.8007M/s
BM_QUICKSORT/128/1/iterations:1/repeats:50                     2.85 us         2.84 us            1 L1-dcache-loads=1.74k items_per_second=45.0863M/s
BM_QUICKSORT/128/1/iterations:1/repeats:50                     2.76 us         2.76 us            1 L1-dcache-loads=1.864k items_per_second=46.3768M/s
BM_QUICKSORT/128/1/iterations:1/repeats:50                     2.72 us         2.72 us            1 L1-dcache-loads=2.016k items_per_second=47.0761M/s
BM_QUICKSORT/128/1/iterations:1/repeats:50                     2.62 us         2.62 us            1 L1-dcache-loads=1.877k items_per_second=48.911M/s
BM_QUICKSORT/128/1/iterations:1/repeats:50                     2.62 us         2.63 us            1 L1-dcache-loads=1.948k items_per_second=48.7433M/s
BM_QUICKSORT/128/1/iterations:1/repeats:50                     2.80 us         2.80 us            1 L1-dcache-loads=1.976k items_per_second=45.6817M/s
BM_QUICKSORT/128/1/iterations:1/repeats:50                     2.69 us         2.69 us            1 L1-dcache-loads=1.805k items_per_second=47.513M/s
BM_QUICKSORT/128/1/iterations:1/repeats:50                     2.61 us         2.61 us            1 L1-dcache-loads=2.234k items_per_second=49.1363M/s
BM_QUICKSORT/128/1/iterations:1/repeats:50                     2.80 us         2.80 us            1 L1-dcache-loads=1.925k items_per_second=45.7633M/s
BM_QUICKSORT/128/1/iterations:1/repeats:50                     2.67 us         2.67 us            1 L1-dcache-loads=2.098k items_per_second=47.9221M/s
BM_QUICKSORT/128/1/iterations:1/repeats:50                     2.83 us         2.83 us            1 L1-dcache-loads=2.081k items_per_second=45.1977M/s
BM_QUICKSORT/128/1/iterations:1/repeats:50                     2.65 us         2.66 us            1 L1-dcache-loads=1.835k items_per_second=48.1928M/s
BM_QUICKSORT/128/1/iterations:1/repeats:50                     2.78 us         2.77 us            1 L1-dcache-loads=2.277k items_per_second=46.1428M/s
BM_QUICKSORT/128/1/iterations:1/repeats:50                     2.72 us         2.72 us            1 L1-dcache-loads=1.969k items_per_second=47.1455M/s
BM_QUICKSORT/128/1/iterations:1/repeats:50                     2.85 us         2.84 us            1 L1-dcache-loads=1.675k items_per_second=45.0387M/s
BM_QUICKSORT/128/1/iterations:1/repeats:50                     2.64 us         2.64 us            1 L1-dcache-loads=1.841k items_per_second=48.5216M/s
BM_QUICKSORT/128/1/iterations:1/repeats:50                     2.75 us         2.75 us            1 L1-dcache-loads=1.768k items_per_second=46.5116M/s
BM_QUICKSORT/128/1/iterations:1/repeats:50                     2.69 us         2.69 us            1 L1-dcache-loads=1.83k items_per_second=47.4954M/s
BM_QUICKSORT/128/1/iterations:1/repeats:50                     2.70 us         2.71 us            1 L1-dcache-loads=1.94k items_per_second=47.3023M/s
BM_QUICKSORT/128/1/iterations:1/repeats:50                     2.87 us         2.87 us            1 L1-dcache-loads=1.848k items_per_second=44.5372M/s
BM_QUICKSORT/128/1/iterations:1/repeats:50                     2.58 us         2.58 us            1 L1-dcache-loads=1.931k items_per_second=49.6316M/s
BM_QUICKSORT/128/1/iterations:1/repeats:50                     2.71 us         2.71 us            1 L1-dcache-loads=1.991k items_per_second=47.2325M/s
BM_QUICKSORT/128/1/iterations:1/repeats:50                     2.60 us         2.59 us            1 L1-dcache-loads=1.906k items_per_second=49.3256M/s
BM_QUICKSORT/128/1/iterations:1/repeats:50                     2.80 us         2.80 us            1 L1-dcache-loads=1.869k items_per_second=45.6491M/s
BM_QUICKSORT/128/1/iterations:1/repeats:50                     2.64 us         2.64 us            1 L1-dcache-loads=1.78k items_per_second=48.4115M/s
BM_QUICKSORT/128/1/iterations:1/repeats:50                     2.75 us         2.74 us            1 L1-dcache-loads=1.767k items_per_second=46.6472M/s
BM_QUICKSORT/128/1/iterations:1/repeats:50                     2.62 us         2.63 us            1 L1-dcache-loads=1.97k items_per_second=48.6322M/s
BM_QUICKSORT/128/1/iterations:1/repeats:50                     2.69 us         2.68 us            1 L1-dcache-loads=1.934k items_per_second=47.69M/s
BM_QUICKSORT/128/1/iterations:1/repeats:50                     2.70 us         2.69 us            1 L1-dcache-loads=1.665k items_per_second=47.4954M/s
BM_QUICKSORT/128/1/iterations:1/repeats:50_mean                2.71 us         2.71 us           50 L1-dcache-loads=1.90602k items_per_second=47.212M/s
BM_QUICKSORT/128/1/iterations:1/repeats:50_median              2.71 us         2.71 us           50 L1-dcache-loads=1.8735k items_per_second=47.189M/s
BM_QUICKSORT/128/1/iterations:1/repeats:50_stddev             0.080 us        0.079 us           50 L1-dcache-loads=142.337 items_per_second=1.38181M/s
BM_QUICKSORT/128/1/iterations:1/repeats:50_cv                  2.95 %          2.91 %            50 L1-dcache-loads=7.47% items_per_second=2.93%
BM_QUICKSORT/256/1/iterations:1/repeats:50                     5.78 us         5.76 us            1 L1-dcache-loads=4.296k items_per_second=44.4136M/s
BM_QUICKSORT/256/1/iterations:1/repeats:50                     5.74 us         5.74 us            1 L1-dcache-loads=4.192k items_per_second=44.6226M/s
BM_QUICKSORT/256/1/iterations:1/repeats:50                     5.49 us         5.49 us            1 L1-dcache-loads=4.047k items_per_second=46.6217M/s
BM_QUICKSORT/256/1/iterations:1/repeats:50                     6.10 us         6.13 us            1 L1-dcache-loads=4.431k items_per_second=41.7618M/s
BM_QUICKSORT/256/1/iterations:1/repeats:50                     5.75 us         5.75 us            1 L1-dcache-loads=4.144k items_per_second=44.5372M/s
BM_QUICKSORT/256/1/iterations:1/repeats:50                     5.80 us         5.80 us            1 L1-dcache-loads=3.987k items_per_second=44.1532M/s
BM_QUICKSORT/256/1/iterations:1/repeats:50                     5.89 us         5.89 us            1 L1-dcache-loads=4.393k items_per_second=43.434M/s
BM_QUICKSORT/256/1/iterations:1/repeats:50                     5.89 us         5.89 us            1 L1-dcache-loads=4.133k items_per_second=43.4561M/s
BM_QUICKSORT/256/1/iterations:1/repeats:50                     5.72 us         5.72 us            1 L1-dcache-loads=4.385k items_per_second=44.7474M/s
BM_QUICKSORT/256/1/iterations:1/repeats:50                     5.83 us         5.83 us            1 L1-dcache-loads=4.376k items_per_second=43.941M/s
BM_QUICKSORT/256/1/iterations:1/repeats:50                     5.64 us         5.64 us            1 L1-dcache-loads=5.129k items_per_second=45.4303M/s
BM_QUICKSORT/256/1/iterations:1/repeats:50                     5.71 us         5.71 us            1 L1-dcache-loads=4.172k items_per_second=44.8493M/s
BM_QUICKSORT/256/1/iterations:1/repeats:50                     5.54 us         5.54 us            1 L1-dcache-loads=3.833k items_per_second=46.1677M/s
BM_QUICKSORT/256/1/iterations:1/repeats:50                     5.77 us         5.77 us            1 L1-dcache-loads=4.225k items_per_second=44.3828M/s
BM_QUICKSORT/256/1/iterations:1/repeats:50                     5.69 us         5.69 us            1 L1-dcache-loads=4.084k items_per_second=44.9833M/s
BM_QUICKSORT/256/1/iterations:1/repeats:50                     5.44 us         5.45 us            1 L1-dcache-loads=4.7k items_per_second=46.9897M/s
BM_QUICKSORT/256/1/iterations:1/repeats:50                     5.83 us         5.83 us            1 L1-dcache-loads=4.357k items_per_second=43.8957M/s
BM_QUICKSORT/256/1/iterations:1/repeats:50                     5.72 us         5.71 us            1 L1-dcache-loads=4.159k items_per_second=44.8022M/s
BM_QUICKSORT/256/1/iterations:1/repeats:50                     5.75 us         5.75 us            1 L1-dcache-loads=4.528k items_per_second=44.514M/s
BM_QUICKSORT/256/1/iterations:1/repeats:50                     5.57 us         5.57 us            1 L1-dcache-loads=4.468k items_per_second=45.9523M/s
BM_QUICKSORT/256/1/iterations:1/repeats:50                     5.68 us         5.68 us            1 L1-dcache-loads=4.047k items_per_second=45.0784M/s
BM_QUICKSORT/256/1/iterations:1/repeats:50                     5.69 us         5.70 us            1 L1-dcache-loads=3.86k items_per_second=44.9438M/s
BM_QUICKSORT/256/1/iterations:1/repeats:50                     5.78 us         5.78 us            1 L1-dcache-loads=4.186k items_per_second=44.283M/s
BM_QUICKSORT/256/1/iterations:1/repeats:50                     5.50 us         5.50 us            1 L1-dcache-loads=4.507k items_per_second=46.5539M/s
BM_QUICKSORT/256/1/iterations:1/repeats:50                     5.64 us         5.65 us            1 L1-dcache-loads=4.277k items_per_second=45.3418M/s
BM_QUICKSORT/256/1/iterations:1/repeats:50                     5.83 us         5.83 us            1 L1-dcache-loads=3.82k items_per_second=43.941M/s
BM_QUICKSORT/256/1/iterations:1/repeats:50                     5.71 us         5.71 us            1 L1-dcache-loads=4.49k items_per_second=44.8572M/s
BM_QUICKSORT/256/1/iterations:1/repeats:50                     5.70 us         5.71 us            1 L1-dcache-loads=4.113k items_per_second=44.8651M/s
BM_QUICKSORT/256/1/iterations:1/repeats:50                     5.51 us         5.51 us            1 L1-dcache-loads=4.412k items_per_second=46.4357M/s
BM_QUICKSORT/256/1/iterations:1/repeats:50                     5.72 us         5.72 us            1 L1-dcache-loads=4.375k items_per_second=44.7474M/s
BM_QUICKSORT/256/1/iterations:1/repeats:50                     5.68 us         5.68 us            1 L1-dcache-loads=4.631k items_per_second=45.0784M/s
BM_QUICKSORT/256/1/iterations:1/repeats:50                     5.81 us         5.82 us            1 L1-dcache-loads=4.026k items_per_second=44.0165M/s
BM_QUICKSORT/256/1/iterations:1/repeats:50                     5.67 us         5.68 us            1 L1-dcache-loads=3.845k items_per_second=45.1022M/s
BM_QUICKSORT/256/1/iterations:1/repeats:50                     5.96 us         5.95 us            1 L1-dcache-loads=3.96k items_per_second=43.0542M/s
BM_QUICKSORT/256/1/iterations:1/repeats:50                     5.63 us         5.63 us            1 L1-dcache-loads=4.134k items_per_second=45.4788M/s
BM_QUICKSORT/256/1/iterations:1/repeats:50                     5.68 us         5.69 us            1 L1-dcache-loads=4.191k items_per_second=44.9754M/s
BM_QUICKSORT/256/1/iterations:1/repeats:50                     6.86 us         6.86 us            1 L1-dcache-loads=4.557k items_per_second=37.3069M/s
BM_QUICKSORT/256/1/iterations:1/repeats:50                     5.93 us         5.92 us            1 L1-dcache-loads=4.136k items_per_second=43.2068M/s
BM_QUICKSORT/256/1/iterations:1/repeats:50                     5.57 us         5.57 us            1 L1-dcache-loads=4.203k items_per_second=45.9688M/s
BM_QUICKSORT/256/1/iterations:1/repeats:50                     5.70 us         5.70 us            1 L1-dcache-loads=4.091k items_per_second=44.9202M/s
BM_QUICKSORT/256/1/iterations:1/repeats:50                     5.58 us         5.59 us            1 L1-dcache-loads=4.056k items_per_second=45.8289M/s
BM_QUICKSORT/256/1/iterations:1/repeats:50                     5.73 us         5.74 us            1 L1-dcache-loads=4.27k items_per_second=44.6304M/s
BM_QUICKSORT/256/1/iterations:1/repeats:50                     5.83 us         5.83 us            1 L1-dcache-loads=4.413k items_per_second=43.9183M/s
BM_QUICKSORT/256/1/iterations:1/repeats:50                     5.68 us         5.67 us            1 L1-dcache-loads=4.011k items_per_second=45.1499M/s
BM_QUICKSORT/256/1/iterations:1/repeats:50                     5.47 us         5.48 us            1 L1-dcache-loads=4.075k items_per_second=46.7409M/s
BM_QUICKSORT/256/1/iterations:1/repeats:50                     5.72 us         5.73 us            1 L1-dcache-loads=4.764k items_per_second=44.7162M/s
BM_QUICKSORT/256/1/iterations:1/repeats:50                     5.43 us         5.43 us            1 L1-dcache-loads=4.207k items_per_second=47.1195M/s
BM_QUICKSORT/256/1/iterations:1/repeats:50                     5.67 us         5.67 us            1 L1-dcache-loads=4.367k items_per_second=45.126M/s
BM_QUICKSORT/256/1/iterations:1/repeats:50                     5.85 us         5.86 us            1 L1-dcache-loads=4.85k items_per_second=43.6637M/s
BM_QUICKSORT/256/1/iterations:1/repeats:50                     5.55 us         5.55 us            1 L1-dcache-loads=4.516k items_per_second=46.1178M/s
BM_QUICKSORT/256/1/iterations:1/repeats:50_mean                5.73 us         5.73 us           50 L1-dcache-loads=4.26858k items_per_second=44.7365M/s
BM_QUICKSORT/256/1/iterations:1/repeats:50_median              5.71 us         5.71 us           50 L1-dcache-loads=4.205k items_per_second=44.8533M/s
BM_QUICKSORT/256/1/iterations:1/repeats:50_stddev             0.213 us        0.213 us           50 L1-dcache-loads=269.692 items_per_second=1.51691M/s
BM_QUICKSORT/256/1/iterations:1/repeats:50_cv                  3.72 %          3.72 %            50 L1-dcache-loads=6.32% items_per_second=3.39%
BM_QUICKSORT/512/1/iterations:1/repeats:50                     12.5 us         12.5 us            1 L1-dcache-loads=9k items_per_second=41.1146M/s
BM_QUICKSORT/512/1/iterations:1/repeats:50                     11.8 us         11.8 us            1 L1-dcache-loads=9.45k items_per_second=43.2761M/s
BM_QUICKSORT/512/1/iterations:1/repeats:50                     12.3 us         12.3 us            1 L1-dcache-loads=9.239k items_per_second=41.6226M/s
BM_QUICKSORT/512/1/iterations:1/repeats:50                     12.4 us         12.4 us            1 L1-dcache-loads=8.787k items_per_second=41.3203M/s
BM_QUICKSORT/512/1/iterations:1/repeats:50                     12.2 us         12.2 us            1 L1-dcache-loads=9.333k items_per_second=41.8437M/s
BM_QUICKSORT/512/1/iterations:1/repeats:50                     12.0 us         12.0 us            1 L1-dcache-loads=10.147k items_per_second=42.7272M/s
BM_QUICKSORT/512/1/iterations:1/repeats:50                     11.8 us         11.8 us            1 L1-dcache-loads=10.459k items_per_second=43.2579M/s
BM_QUICKSORT/512/1/iterations:1/repeats:50                     12.5 us         12.5 us            1 L1-dcache-loads=9.808k items_per_second=41.0618M/s
BM_QUICKSORT/512/1/iterations:1/repeats:50                     12.0 us         12.0 us            1 L1-dcache-loads=9.801k items_per_second=42.8237M/s
BM_QUICKSORT/512/1/iterations:1/repeats:50                     12.4 us         12.4 us            1 L1-dcache-loads=9.184k items_per_second=41.4206M/s
BM_QUICKSORT/512/1/iterations:1/repeats:50                     12.2 us         12.2 us            1 L1-dcache-loads=9.975k items_per_second=41.8711M/s
BM_QUICKSORT/512/1/iterations:1/repeats:50                     11.8 us         11.8 us            1 L1-dcache-loads=10.341k items_per_second=43.5522M/s
BM_QUICKSORT/512/1/iterations:1/repeats:50                     12.3 us         12.3 us            1 L1-dcache-loads=8.735k items_per_second=41.7755M/s
BM_QUICKSORT/512/1/iterations:1/repeats:50                     12.2 us         12.2 us            1 L1-dcache-loads=10.851k items_per_second=41.9363M/s
BM_QUICKSORT/512/1/iterations:1/repeats:50                     12.3 us         12.3 us            1 L1-dcache-loads=9.779k items_per_second=41.599M/s
BM_QUICKSORT/512/1/iterations:1/repeats:50                     11.8 us         11.8 us            1 L1-dcache-loads=9.711k items_per_second=43.3237M/s
BM_QUICKSORT/512/1/iterations:1/repeats:50                     11.7 us         11.7 us            1 L1-dcache-loads=10.264k items_per_second=43.8394M/s
BM_QUICKSORT/512/1/iterations:1/repeats:50                     12.2 us         12.2 us            1 L1-dcache-loads=8.958k items_per_second=41.854M/s
BM_QUICKSORT/512/1/iterations:1/repeats:50                     12.1 us         12.1 us            1 L1-dcache-loads=9.231k items_per_second=42.2791M/s
BM_QUICKSORT/512/1/iterations:1/repeats:50                     12.1 us         12.1 us            1 L1-dcache-loads=10.272k items_per_second=42.2303M/s
BM_QUICKSORT/512/1/iterations:1/repeats:50                     12.4 us         12.4 us            1 L1-dcache-loads=9.851k items_per_second=41.2238M/s
BM_QUICKSORT/512/1/iterations:1/repeats:50                     12.2 us         12.2 us            1 L1-dcache-loads=9.082k items_per_second=41.8335M/s
BM_QUICKSORT/512/1/iterations:1/repeats:50                     12.2 us         12.2 us            1 L1-dcache-loads=10.87k items_per_second=41.7993M/s
BM_QUICKSORT/512/1/iterations:1/repeats:50                     12.5 us         12.5 us            1 L1-dcache-loads=9.019k items_per_second=40.9567M/s
BM_QUICKSORT/512/1/iterations:1/repeats:50                     12.0 us         12.0 us            1 L1-dcache-loads=10.233k items_per_second=42.7557M/s
BM_QUICKSORT/512/1/iterations:1/repeats:50                     12.3 us         12.3 us            1 L1-dcache-loads=8.534k items_per_second=41.5719M/s
BM_QUICKSORT/512/1/iterations:1/repeats:50                     12.7 us         12.7 us            1 L1-dcache-loads=9.21k items_per_second=40.4583M/s
BM_QUICKSORT/512/1/iterations:1/repeats:50                     11.8 us         11.8 us            1 L1-dcache-loads=10.093k items_per_second=43.3458M/s
BM_QUICKSORT/512/1/iterations:1/repeats:50                     12.2 us         12.2 us            1 L1-dcache-loads=9.666k items_per_second=42.0465M/s
BM_QUICKSORT/512/1/iterations:1/repeats:50                     12.2 us         12.2 us            1 L1-dcache-loads=10.501k items_per_second=41.8472M/s
BM_QUICKSORT/512/1/iterations:1/repeats:50                     11.7 us         11.7 us            1 L1-dcache-loads=9.425k items_per_second=43.6525M/s
BM_QUICKSORT/512/1/iterations:1/repeats:50                     11.8 us         11.8 us            1 L1-dcache-loads=10.155k items_per_second=43.2359M/s
BM_QUICKSORT/512/1/iterations:1/repeats:50                     12.5 us         12.5 us            1 L1-dcache-loads=9.161k items_per_second=41.108M/s
BM_QUICKSORT/512/1/iterations:1/repeats:50                     11.9 us         11.9 us            1 L1-dcache-loads=9.678k items_per_second=42.9026M/s
BM_QUICKSORT/512/1/iterations:1/repeats:50                     12.5 us         12.5 us            1 L1-dcache-loads=9.722k items_per_second=41.1179M/s
BM_QUICKSORT/512/1/iterations:1/repeats:50                     12.2 us         12.2 us            1 L1-dcache-loads=9.101k items_per_second=41.8882M/s
BM_QUICKSORT/512/1/iterations:1/repeats:50                     12.1 us         12.1 us            1 L1-dcache-loads=9.031k items_per_second=42.2791M/s
BM_QUICKSORT/512/1/iterations:1/repeats:50                     11.9 us         11.9 us            1 L1-dcache-loads=9.482k items_per_second=42.8847M/s
BM_QUICKSORT/512/1/iterations:1/repeats:50                     11.9 us         11.9 us            1 L1-dcache-loads=9.386k items_per_second=42.971M/s
BM_QUICKSORT/512/1/iterations:1/repeats:50                     12.4 us         12.4 us            1 L1-dcache-loads=9.23k items_per_second=41.2571M/s
BM_QUICKSORT/512/1/iterations:1/repeats:50                     11.9 us         11.9 us            1 L1-dcache-loads=9.788k items_per_second=42.9747M/s
BM_QUICKSORT/512/1/iterations:1/repeats:50                     12.1 us         12.1 us            1 L1-dcache-loads=10.806k items_per_second=42.1885M/s
BM_QUICKSORT/512/1/iterations:1/repeats:50                     11.7 us         11.7 us            1 L1-dcache-loads=9.375k items_per_second=43.645M/s
BM_QUICKSORT/512/1/iterations:1/repeats:50                     12.3 us         12.3 us            1 L1-dcache-loads=9.469k items_per_second=41.6972M/s
BM_QUICKSORT/512/1/iterations:1/repeats:50                     12.3 us         12.3 us            1 L1-dcache-loads=9.794k items_per_second=41.721M/s
BM_QUICKSORT/512/1/iterations:1/repeats:50                     12.0 us         12.0 us            1 L1-dcache-loads=9.449k items_per_second=42.6809M/s
BM_QUICKSORT/512/1/iterations:1/repeats:50                     11.7 us         11.7 us            1 L1-dcache-loads=9.802k items_per_second=43.8094M/s
BM_QUICKSORT/512/1/iterations:1/repeats:50                     12.3 us         12.3 us            1 L1-dcache-loads=9.774k items_per_second=41.772M/s
BM_QUICKSORT/512/1/iterations:1/repeats:50                     11.7 us         11.7 us            1 L1-dcache-loads=9.4k items_per_second=43.7047M/s
BM_QUICKSORT/512/1/iterations:1/repeats:50                     12.1 us         12.1 us            1 L1-dcache-loads=9.959k items_per_second=42.3315M/s
BM_QUICKSORT/512/1/iterations:1/repeats:50_mean                12.1 us         12.1 us           50 L1-dcache-loads=9.64742k items_per_second=42.2478M/s
BM_QUICKSORT/512/1/iterations:1/repeats:50_median              12.2 us         12.2 us           50 L1-dcache-loads=9.672k items_per_second=41.9914M/s
BM_QUICKSORT/512/1/iterations:1/repeats:50_stddev             0.254 us        0.253 us           50 L1-dcache-loads=555.572 items_per_second=884.253k/s
BM_QUICKSORT/512/1/iterations:1/repeats:50_cv                  2.10 %          2.09 %            50 L1-dcache-loads=5.76% items_per_second=2.09%
BM_QUICKSORT/1024/1/iterations:1/repeats:50                    29.3 us         29.3 us            1 L1-dcache-loads=21.444k items_per_second=34.9679M/s
BM_QUICKSORT/1024/1/iterations:1/repeats:50                    28.3 us         28.3 us            1 L1-dcache-loads=21.506k items_per_second=36.1467M/s
BM_QUICKSORT/1024/1/iterations:1/repeats:50                    27.0 us         26.9 us            1 L1-dcache-loads=20.491k items_per_second=37.9991M/s
BM_QUICKSORT/1024/1/iterations:1/repeats:50                    26.1 us         26.1 us            1 L1-dcache-loads=21.864k items_per_second=39.1842M/s
BM_QUICKSORT/1024/1/iterations:1/repeats:50                    26.4 us         26.5 us            1 L1-dcache-loads=20.612k items_per_second=38.7058M/s
BM_QUICKSORT/1024/1/iterations:1/repeats:50                    26.0 us         26.0 us            1 L1-dcache-loads=21.033k items_per_second=39.3801M/s
BM_QUICKSORT/1024/1/iterations:1/repeats:50                    26.6 us         26.6 us            1 L1-dcache-loads=23.68k items_per_second=38.4659M/s
BM_QUICKSORT/1024/1/iterations:1/repeats:50                    26.2 us         26.2 us            1 L1-dcache-loads=19.734k items_per_second=39.087M/s
BM_QUICKSORT/1024/1/iterations:1/repeats:50                    26.9 us         26.9 us            1 L1-dcache-loads=20.316k items_per_second=38.0499M/s
BM_QUICKSORT/1024/1/iterations:1/repeats:50                    26.8 us         26.8 us            1 L1-dcache-loads=19.84k items_per_second=38.1563M/s
BM_QUICKSORT/1024/1/iterations:1/repeats:50                    26.4 us         26.4 us            1 L1-dcache-loads=20.087k items_per_second=38.7791M/s
BM_QUICKSORT/1024/1/iterations:1/repeats:50                    26.4 us         26.4 us            1 L1-dcache-loads=21.127k items_per_second=38.7482M/s
BM_QUICKSORT/1024/1/iterations:1/repeats:50                    27.2 us         27.2 us            1 L1-dcache-loads=19.076k items_per_second=37.6388M/s
BM_QUICKSORT/1024/1/iterations:1/repeats:50                    26.3 us         26.3 us            1 L1-dcache-loads=20.293k items_per_second=38.9073M/s
BM_QUICKSORT/1024/1/iterations:1/repeats:50                    26.2 us         26.2 us            1 L1-dcache-loads=20.985k items_per_second=39.1108M/s
BM_QUICKSORT/1024/1/iterations:1/repeats:50                    26.7 us         26.7 us            1 L1-dcache-loads=20.207k items_per_second=38.3305M/s
BM_QUICKSORT/1024/1/iterations:1/repeats:50                    25.9 us         25.9 us            1 L1-dcache-loads=21.371k items_per_second=39.526M/s
BM_QUICKSORT/1024/1/iterations:1/repeats:50                    26.4 us         26.4 us            1 L1-dcache-loads=19.843k items_per_second=38.7996M/s
BM_QUICKSORT/1024/1/iterations:1/repeats:50                    26.6 us         26.6 us            1 L1-dcache-loads=20.973k items_per_second=38.5441M/s
BM_QUICKSORT/1024/1/iterations:1/repeats:50                    26.0 us         26.0 us            1 L1-dcache-loads=21.582k items_per_second=39.4529M/s
BM_QUICKSORT/1024/1/iterations:1/repeats:50                    25.9 us         25.9 us            1 L1-dcache-loads=20.599k items_per_second=39.5001M/s
BM_QUICKSORT/1024/1/iterations:1/repeats:50                    27.0 us         27.0 us            1 L1-dcache-loads=20.169k items_per_second=37.9639M/s
BM_QUICKSORT/1024/1/iterations:1/repeats:50                    26.0 us         26.0 us            1 L1-dcache-loads=22.31k items_per_second=39.3816M/s
BM_QUICKSORT/1024/1/iterations:1/repeats:50                    26.3 us         26.3 us            1 L1-dcache-loads=21.214k items_per_second=38.9324M/s
BM_QUICKSORT/1024/1/iterations:1/repeats:50                    26.2 us         26.2 us            1 L1-dcache-loads=20.513k items_per_second=39.0735M/s
BM_QUICKSORT/1024/1/iterations:1/repeats:50                    26.7 us         26.7 us            1 L1-dcache-loads=19.709k items_per_second=38.3363M/s
BM_QUICKSORT/1024/1/iterations:1/repeats:50                    25.7 us         25.7 us            1 L1-dcache-loads=22.251k items_per_second=39.801M/s
BM_QUICKSORT/1024/1/iterations:1/repeats:50                    25.6 us         25.6 us            1 L1-dcache-loads=21.863k items_per_second=39.9641M/s
BM_QUICKSORT/1024/1/iterations:1/repeats:50                    26.0 us         26.0 us            1 L1-dcache-loads=21.367k items_per_second=39.3438M/s
BM_QUICKSORT/1024/1/iterations:1/repeats:50                    25.4 us         25.4 us            1 L1-dcache-loads=20.819k items_per_second=40.288M/s
BM_QUICKSORT/1024/1/iterations:1/repeats:50                    26.2 us         26.2 us            1 L1-dcache-loads=20.798k items_per_second=39.0571M/s
BM_QUICKSORT/1024/1/iterations:1/repeats:50                    25.7 us         25.7 us            1 L1-dcache-loads=22.339k items_per_second=39.7855M/s
BM_QUICKSORT/1024/1/iterations:1/repeats:50                    26.6 us         26.6 us            1 L1-dcache-loads=20.646k items_per_second=38.4514M/s
BM_QUICKSORT/1024/1/iterations:1/repeats:50                    26.6 us         26.6 us            1 L1-dcache-loads=20.799k items_per_second=38.4529M/s
BM_QUICKSORT/1024/1/iterations:1/repeats:50                    25.9 us         25.9 us            1 L1-dcache-loads=21.955k items_per_second=39.5138M/s
BM_QUICKSORT/1024/1/iterations:1/repeats:50                    26.5 us         26.5 us            1 L1-dcache-loads=20.809k items_per_second=38.6576M/s
BM_QUICKSORT/1024/1/iterations:1/repeats:50                    25.9 us         25.9 us            1 L1-dcache-loads=21.079k items_per_second=39.5626M/s
BM_QUICKSORT/1024/1/iterations:1/repeats:50                    25.6 us         25.6 us            1 L1-dcache-loads=22.975k items_per_second=40.0485M/s
BM_QUICKSORT/1024/1/iterations:1/repeats:50                    26.1 us         26.1 us            1 L1-dcache-loads=20.676k items_per_second=39.2623M/s
BM_QUICKSORT/1024/1/iterations:1/repeats:50                    25.2 us         25.2 us            1 L1-dcache-loads=22.635k items_per_second=40.6914M/s
BM_QUICKSORT/1024/1/iterations:1/repeats:50                    25.6 us         25.6 us            1 L1-dcache-loads=21.376k items_per_second=40.0047M/s
BM_QUICKSORT/1024/1/iterations:1/repeats:50                    26.1 us         26.1 us            1 L1-dcache-loads=21.385k items_per_second=39.1812M/s
BM_QUICKSORT/1024/1/iterations:1/repeats:50                    26.0 us         26.0 us            1 L1-dcache-loads=19.873k items_per_second=39.3695M/s
BM_QUICKSORT/1024/1/iterations:1/repeats:50                    26.1 us         26.1 us            1 L1-dcache-loads=21.596k items_per_second=39.1887M/s
BM_QUICKSORT/1024/1/iterations:1/repeats:50                    26.0 us         26.0 us            1 L1-dcache-loads=20.811k items_per_second=39.4392M/s
BM_QUICKSORT/1024/1/iterations:1/repeats:50                    26.2 us         26.2 us            1 L1-dcache-loads=20.37k items_per_second=39.0825M/s
BM_QUICKSORT/1024/1/iterations:1/repeats:50                    25.4 us         25.4 us            1 L1-dcache-loads=21.341k items_per_second=40.3436M/s
BM_QUICKSORT/1024/1/iterations:1/repeats:50                    25.7 us         25.7 us            1 L1-dcache-loads=21.197k items_per_second=39.8785M/s
BM_QUICKSORT/1024/1/iterations:1/repeats:50                    25.7 us         25.7 us            1 L1-dcache-loads=21.103k items_per_second=39.8211M/s
BM_QUICKSORT/1024/1/iterations:1/repeats:50                    26.8 us         26.8 us            1 L1-dcache-loads=22.894k items_per_second=38.2789M/s
BM_QUICKSORT/1024/1/iterations:1/repeats:50_mean               26.3 us         26.3 us           50 L1-dcache-loads=21.0707k items_per_second=38.9727M/s
BM_QUICKSORT/1024/1/iterations:1/repeats:50_median             26.2 us         26.2 us           50 L1-dcache-loads=21.009k items_per_second=39.0989M/s
BM_QUICKSORT/1024/1/iterations:1/repeats:50_stddev            0.694 us        0.693 us           50 L1-dcache-loads=927.835 items_per_second=980.426k/s
BM_QUICKSORT/1024/1/iterations:1/repeats:50_cv                 2.64 %          2.64 %            50 L1-dcache-loads=4.40% items_per_second=2.52%
BM_QUICKSORT/2048/1/iterations:1/repeats:50                    56.1 us         56.1 us            1 L1-dcache-loads=49.699k items_per_second=36.5167M/s
BM_QUICKSORT/2048/1/iterations:1/repeats:50                    55.8 us         55.8 us            1 L1-dcache-loads=46.177k items_per_second=36.6907M/s
BM_QUICKSORT/2048/1/iterations:1/repeats:50                    56.7 us         56.7 us            1 L1-dcache-loads=44.901k items_per_second=36.1454M/s
BM_QUICKSORT/2048/1/iterations:1/repeats:50                    57.7 us         57.7 us            1 L1-dcache-loads=45.32k items_per_second=35.5204M/s
BM_QUICKSORT/2048/1/iterations:1/repeats:50                    56.6 us         56.6 us            1 L1-dcache-loads=49.378k items_per_second=36.155M/s
BM_QUICKSORT/2048/1/iterations:1/repeats:50                    57.1 us         57.1 us            1 L1-dcache-loads=47.255k items_per_second=35.8487M/s
BM_QUICKSORT/2048/1/iterations:1/repeats:50                    56.6 us         56.6 us            1 L1-dcache-loads=48.185k items_per_second=36.1985M/s
BM_QUICKSORT/2048/1/iterations:1/repeats:50                    57.6 us         57.6 us            1 L1-dcache-loads=44.321k items_per_second=35.5531M/s
BM_QUICKSORT/2048/1/iterations:1/repeats:50                    56.5 us         56.5 us            1 L1-dcache-loads=45.93k items_per_second=36.251M/s
BM_QUICKSORT/2048/1/iterations:1/repeats:50                    57.6 us         57.6 us            1 L1-dcache-loads=46.207k items_per_second=35.5346M/s
BM_QUICKSORT/2048/1/iterations:1/repeats:50                    57.2 us         57.2 us            1 L1-dcache-loads=45.407k items_per_second=35.7848M/s
BM_QUICKSORT/2048/1/iterations:1/repeats:50                    56.0 us         56.0 us            1 L1-dcache-loads=45.372k items_per_second=36.5825M/s
BM_QUICKSORT/2048/1/iterations:1/repeats:50                    55.7 us         55.7 us            1 L1-dcache-loads=45.396k items_per_second=36.7836M/s
BM_QUICKSORT/2048/1/iterations:1/repeats:50                    56.3 us         56.3 us            1 L1-dcache-loads=45.843k items_per_second=36.3649M/s
BM_QUICKSORT/2048/1/iterations:1/repeats:50                    56.0 us         56.0 us            1 L1-dcache-loads=45.007k items_per_second=36.5505M/s
BM_QUICKSORT/2048/1/iterations:1/repeats:50                    56.6 us         56.6 us            1 L1-dcache-loads=46.18k items_per_second=36.1576M/s
BM_QUICKSORT/2048/1/iterations:1/repeats:50                    55.3 us         55.3 us            1 L1-dcache-loads=47.285k items_per_second=37.0257M/s
BM_QUICKSORT/2048/1/iterations:1/repeats:50                    56.5 us         56.5 us            1 L1-dcache-loads=45.156k items_per_second=36.2394M/s
BM_QUICKSORT/2048/1/iterations:1/repeats:50                    57.2 us         57.2 us            1 L1-dcache-loads=44.378k items_per_second=35.7786M/s
BM_QUICKSORT/2048/1/iterations:1/repeats:50                    56.2 us         56.2 us            1 L1-dcache-loads=46.557k items_per_second=36.44M/s
BM_QUICKSORT/2048/1/iterations:1/repeats:50                    54.7 us         54.7 us            1 L1-dcache-loads=54.041k items_per_second=37.468M/s
BM_QUICKSORT/2048/1/iterations:1/repeats:50                    57.2 us         57.2 us            1 L1-dcache-loads=47.471k items_per_second=35.8286M/s
BM_QUICKSORT/2048/1/iterations:1/repeats:50                    54.7 us         54.7 us            1 L1-dcache-loads=51.757k items_per_second=37.4201M/s
BM_QUICKSORT/2048/1/iterations:1/repeats:50                    55.0 us         55.0 us            1 L1-dcache-loads=47.591k items_per_second=37.237M/s
BM_QUICKSORT/2048/1/iterations:1/repeats:50                    55.8 us         55.8 us            1 L1-dcache-loads=48.051k items_per_second=36.6986M/s
BM_QUICKSORT/2048/1/iterations:1/repeats:50                    55.3 us         55.3 us            1 L1-dcache-loads=46.159k items_per_second=37.0551M/s
BM_QUICKSORT/2048/1/iterations:1/repeats:50                    56.6 us         56.6 us            1 L1-dcache-loads=45.676k items_per_second=36.1754M/s
BM_QUICKSORT/2048/1/iterations:1/repeats:50                    56.1 us         56.1 us            1 L1-dcache-loads=48.245k items_per_second=36.5342M/s
BM_QUICKSORT/2048/1/iterations:1/repeats:50                    57.9 us         57.9 us            1 L1-dcache-loads=44.299k items_per_second=35.3439M/s
BM_QUICKSORT/2048/1/iterations:1/repeats:50                    55.9 us         55.9 us            1 L1-dcache-loads=46.023k items_per_second=36.6506M/s
BM_QUICKSORT/2048/1/iterations:1/repeats:50                    56.6 us         56.6 us            1 L1-dcache-loads=44.428k items_per_second=36.1601M/s
BM_QUICKSORT/2048/1/iterations:1/repeats:50                    57.0 us         57.0 us            1 L1-dcache-loads=42.947k items_per_second=35.9298M/s
BM_QUICKSORT/2048/1/iterations:1/repeats:50                    54.8 us         54.8 us            1 L1-dcache-loads=49.135k items_per_second=37.3593M/s
BM_QUICKSORT/2048/1/iterations:1/repeats:50                    57.4 us         57.4 us            1 L1-dcache-loads=45.126k items_per_second=35.6801M/s
BM_QUICKSORT/2048/1/iterations:1/repeats:50                    56.4 us         56.4 us            1 L1-dcache-loads=48.368k items_per_second=36.3359M/s
BM_QUICKSORT/2048/1/iterations:1/repeats:50                    56.3 us         56.3 us            1 L1-dcache-loads=51.116k items_per_second=36.394M/s
BM_QUICKSORT/2048/1/iterations:1/repeats:50                    57.3 us         57.3 us            1 L1-dcache-loads=44.667k items_per_second=35.7336M/s
BM_QUICKSORT/2048/1/iterations:1/repeats:50                    55.9 us         55.9 us            1 L1-dcache-loads=47.018k items_per_second=36.6414M/s
BM_QUICKSORT/2048/1/iterations:1/repeats:50                    56.5 us         56.5 us            1 L1-dcache-loads=44.753k items_per_second=36.251M/s
BM_QUICKSORT/2048/1/iterations:1/repeats:50                    56.2 us         56.2 us            1 L1-dcache-loads=45.295k items_per_second=36.4718M/s
BM_QUICKSORT/2048/1/iterations:1/repeats:50                    56.5 us         56.5 us            1 L1-dcache-loads=44.978k items_per_second=36.2427M/s
BM_QUICKSORT/2048/1/iterations:1/repeats:50                    57.9 us         57.9 us            1 L1-dcache-loads=46.643k items_per_second=35.3829M/s
BM_QUICKSORT/2048/1/iterations:1/repeats:50                    57.6 us         57.6 us            1 L1-dcache-loads=49.732k items_per_second=35.5691M/s
BM_QUICKSORT/2048/1/iterations:1/repeats:50                    57.4 us         57.4 us            1 L1-dcache-loads=44.397k items_per_second=35.6826M/s
BM_QUICKSORT/2048/1/iterations:1/repeats:50                    57.9 us         57.9 us            1 L1-dcache-loads=44.023k items_per_second=35.3463M/s
BM_QUICKSORT/2048/1/iterations:1/repeats:50                    57.6 us         57.6 us            1 L1-dcache-loads=43.517k items_per_second=35.5327M/s
BM_QUICKSORT/2048/1/iterations:1/repeats:50                    56.9 us         56.9 us            1 L1-dcache-loads=45.366k items_per_second=35.9955M/s
BM_QUICKSORT/2048/1/iterations:1/repeats:50                    57.7 us         57.7 us            1 L1-dcache-loads=45.225k items_per_second=35.5007M/s
BM_QUICKSORT/2048/1/iterations:1/repeats:50                    56.9 us         56.9 us            1 L1-dcache-loads=45.186k items_per_second=35.9873M/s
BM_QUICKSORT/2048/1/iterations:1/repeats:50                    57.9 us         57.9 us            1 L1-dcache-loads=45.388k items_per_second=35.3548M/s
BM_QUICKSORT/2048/1/iterations:1/repeats:50_mean               56.6 us         56.6 us           50 L1-dcache-loads=46.4115k items_per_second=36.2017M/s
BM_QUICKSORT/2048/1/iterations:1/repeats:50_median             56.6 us         56.6 us           50 L1-dcache-loads=45.7595k items_per_second=36.1869M/s
BM_QUICKSORT/2048/1/iterations:1/repeats:50_stddev            0.886 us        0.885 us           50 L1-dcache-loads=2.20791k items_per_second=569.569k/s
BM_QUICKSORT/2048/1/iterations:1/repeats:50_cv                 1.57 %          1.56 %            50 L1-dcache-loads=4.76% items_per_second=1.57%
BM_QUICKSORT/4096/1/iterations:1/repeats:50                     131 us          131 us            1 L1-dcache-loads=98.258k items_per_second=31.3735M/s
BM_QUICKSORT/4096/1/iterations:1/repeats:50                     123 us          123 us            1 L1-dcache-loads=97.563k items_per_second=33.3073M/s
BM_QUICKSORT/4096/1/iterations:1/repeats:50                     123 us          123 us            1 L1-dcache-loads=96.089k items_per_second=33.3975M/s
BM_QUICKSORT/4096/1/iterations:1/repeats:50                     125 us          125 us            1 L1-dcache-loads=99.586k items_per_second=32.7512M/s
BM_QUICKSORT/4096/1/iterations:1/repeats:50                     124 us          124 us            1 L1-dcache-loads=102.057k items_per_second=33.0536M/s
BM_QUICKSORT/4096/1/iterations:1/repeats:50                     124 us          124 us            1 L1-dcache-loads=102.383k items_per_second=33.0453M/s
BM_QUICKSORT/4096/1/iterations:1/repeats:50                     121 us          121 us            1 L1-dcache-loads=106.043k items_per_second=33.8096M/s
BM_QUICKSORT/4096/1/iterations:1/repeats:50                     125 us          125 us            1 L1-dcache-loads=94.329k items_per_second=32.8497M/s
BM_QUICKSORT/4096/1/iterations:1/repeats:50                     123 us          123 us            1 L1-dcache-loads=94.865k items_per_second=33.2157M/s
BM_QUICKSORT/4096/1/iterations:1/repeats:50                     126 us          126 us            1 L1-dcache-loads=99.887k items_per_second=32.5601M/s
BM_QUICKSORT/4096/1/iterations:1/repeats:50                     122 us          122 us            1 L1-dcache-loads=98.922k items_per_second=33.5906M/s
BM_QUICKSORT/4096/1/iterations:1/repeats:50                     124 us          124 us            1 L1-dcache-loads=96.578k items_per_second=33.0752M/s
BM_QUICKSORT/4096/1/iterations:1/repeats:50                     120 us          120 us            1 L1-dcache-loads=108.487k items_per_second=34.1721M/s
BM_QUICKSORT/4096/1/iterations:1/repeats:50                     122 us          122 us            1 L1-dcache-loads=100.175k items_per_second=33.6715M/s
BM_QUICKSORT/4096/1/iterations:1/repeats:50                     126 us          126 us            1 L1-dcache-loads=104.599k items_per_second=32.5048M/s
BM_QUICKSORT/4096/1/iterations:1/repeats:50                     127 us          127 us            1 L1-dcache-loads=95.658k items_per_second=32.1431M/s
BM_QUICKSORT/4096/1/iterations:1/repeats:50                     123 us          123 us            1 L1-dcache-loads=102.446k items_per_second=33.3833M/s
BM_QUICKSORT/4096/1/iterations:1/repeats:50                     126 us          126 us            1 L1-dcache-loads=96.282k items_per_second=32.4987M/s
BM_QUICKSORT/4096/1/iterations:1/repeats:50                     121 us          121 us            1 L1-dcache-loads=107.479k items_per_second=33.8776M/s
BM_QUICKSORT/4096/1/iterations:1/repeats:50                     123 us          123 us            1 L1-dcache-loads=97.894k items_per_second=33.3436M/s
BM_QUICKSORT/4096/1/iterations:1/repeats:50                     125 us          125 us            1 L1-dcache-loads=105.746k items_per_second=32.7104M/s
BM_QUICKSORT/4096/1/iterations:1/repeats:50                     123 us          123 us            1 L1-dcache-loads=103.568k items_per_second=33.2416M/s
BM_QUICKSORT/4096/1/iterations:1/repeats:50                     121 us          121 us            1 L1-dcache-loads=99.89k items_per_second=33.9216M/s
BM_QUICKSORT/4096/1/iterations:1/repeats:50                     127 us          127 us            1 L1-dcache-loads=94.758k items_per_second=32.2886M/s
BM_QUICKSORT/4096/1/iterations:1/repeats:50                     122 us          122 us            1 L1-dcache-loads=105.48k items_per_second=33.565M/s
BM_QUICKSORT/4096/1/iterations:1/repeats:50                     127 us          127 us            1 L1-dcache-loads=98.638k items_per_second=32.3669M/s
BM_QUICKSORT/4096/1/iterations:1/repeats:50                     125 us          125 us            1 L1-dcache-loads=99.017k items_per_second=32.7961M/s
BM_QUICKSORT/4096/1/iterations:1/repeats:50                     123 us          123 us            1 L1-dcache-loads=102.476k items_per_second=33.3057M/s
BM_QUICKSORT/4096/1/iterations:1/repeats:50                     125 us          125 us            1 L1-dcache-loads=95.931k items_per_second=32.7656M/s
BM_QUICKSORT/4096/1/iterations:1/repeats:50                     124 us          124 us            1 L1-dcache-loads=96.568k items_per_second=33.0328M/s
BM_QUICKSORT/4096/1/iterations:1/repeats:50                     123 us          123 us            1 L1-dcache-loads=99.161k items_per_second=33.2287M/s
BM_QUICKSORT/4096/1/iterations:1/repeats:50                     123 us          123 us            1 L1-dcache-loads=98.347k items_per_second=33.3041M/s
BM_QUICKSORT/4096/1/iterations:1/repeats:50                     123 us          123 us            1 L1-dcache-loads=98.531k items_per_second=33.2343M/s
BM_QUICKSORT/4096/1/iterations:1/repeats:50                     123 us          123 us            1 L1-dcache-loads=98.318k items_per_second=33.3969M/s
BM_QUICKSORT/4096/1/iterations:1/repeats:50                     121 us          121 us            1 L1-dcache-loads=102.897k items_per_second=33.8132M/s
BM_QUICKSORT/4096/1/iterations:1/repeats:50                     123 us          123 us            1 L1-dcache-loads=96.837k items_per_second=33.3097M/s
BM_QUICKSORT/4096/1/iterations:1/repeats:50                     121 us          121 us            1 L1-dcache-loads=106.142k items_per_second=33.825M/s
BM_QUICKSORT/4096/1/iterations:1/repeats:50                     124 us          124 us            1 L1-dcache-loads=106.292k items_per_second=32.929M/s
BM_QUICKSORT/4096/1/iterations:1/repeats:50                     126 us          126 us            1 L1-dcache-loads=109.692k items_per_second=32.6078M/s
BM_QUICKSORT/4096/1/iterations:1/repeats:50                     123 us          123 us            1 L1-dcache-loads=106.131k items_per_second=33.2152M/s
BM_QUICKSORT/4096/1/iterations:1/repeats:50                     122 us          122 us            1 L1-dcache-loads=99.628k items_per_second=33.6789M/s
BM_QUICKSORT/4096/1/iterations:1/repeats:50                     123 us          123 us            1 L1-dcache-loads=104.567k items_per_second=33.3377M/s
BM_QUICKSORT/4096/1/iterations:1/repeats:50                     124 us          124 us            1 L1-dcache-loads=96.735k items_per_second=33.0173M/s
BM_QUICKSORT/4096/1/iterations:1/repeats:50                     122 us          122 us            1 L1-dcache-loads=98.472k items_per_second=33.4922M/s
BM_QUICKSORT/4096/1/iterations:1/repeats:50                     121 us          121 us            1 L1-dcache-loads=102.889k items_per_second=33.8353M/s
BM_QUICKSORT/4096/1/iterations:1/repeats:50                     119 us          119 us            1 L1-dcache-loads=106.231k items_per_second=34.3835M/s
BM_QUICKSORT/4096/1/iterations:1/repeats:50                     122 us          122 us            1 L1-dcache-loads=104.975k items_per_second=33.5144M/s
BM_QUICKSORT/4096/1/iterations:1/repeats:50                     123 us          123 us            1 L1-dcache-loads=98.151k items_per_second=33.2009M/s
BM_QUICKSORT/4096/1/iterations:1/repeats:50                     124 us          124 us            1 L1-dcache-loads=94.902k items_per_second=32.9139M/s
BM_QUICKSORT/4096/1/iterations:1/repeats:50                     122 us          122 us            1 L1-dcache-loads=96.928k items_per_second=33.6516M/s
BM_QUICKSORT/4096/1/iterations:1/repeats:50_mean                123 us          123 us           50 L1-dcache-loads=100.55k items_per_second=33.1902M/s
BM_QUICKSORT/4096/1/iterations:1/repeats:50_median              123 us          123 us           50 L1-dcache-loads=99.3735k items_per_second=33.238M/s
BM_QUICKSORT/4096/1/iterations:1/repeats:50_stddev             2.09 us         2.09 us           50 L1-dcache-loads=4.14136k items_per_second=555.03k/s
BM_QUICKSORT/4096/1/iterations:1/repeats:50_cv                 1.69 %          1.69 %            50 L1-dcache-loads=4.12% items_per_second=1.67%
BM_QUICKSORT/8192/1/iterations:1/repeats:50                     269 us          269 us            1 L1-dcache-loads=215.794k items_per_second=30.4412M/s
BM_QUICKSORT/8192/1/iterations:1/repeats:50                     267 us          267 us            1 L1-dcache-loads=212.707k items_per_second=30.7114M/s
BM_QUICKSORT/8192/1/iterations:1/repeats:50                     269 us          269 us            1 L1-dcache-loads=212.544k items_per_second=30.401M/s
BM_QUICKSORT/8192/1/iterations:1/repeats:50                     269 us          269 us            1 L1-dcache-loads=221.671k items_per_second=30.4436M/s
BM_QUICKSORT/8192/1/iterations:1/repeats:50                     260 us          260 us            1 L1-dcache-loads=225.025k items_per_second=31.467M/s
BM_QUICKSORT/8192/1/iterations:1/repeats:50                     266 us          266 us            1 L1-dcache-loads=210.959k items_per_second=30.7614M/s
BM_QUICKSORT/8192/1/iterations:1/repeats:50                     267 us          267 us            1 L1-dcache-loads=213.946k items_per_second=30.699M/s
BM_QUICKSORT/8192/1/iterations:1/repeats:50                     263 us          263 us            1 L1-dcache-loads=233.15k items_per_second=31.1661M/s
BM_QUICKSORT/8192/1/iterations:1/repeats:50                     268 us          268 us            1 L1-dcache-loads=213.58k items_per_second=30.5906M/s
BM_QUICKSORT/8192/1/iterations:1/repeats:50                     265 us          265 us            1 L1-dcache-loads=237.528k items_per_second=30.8878M/s
BM_QUICKSORT/8192/1/iterations:1/repeats:50                     270 us          270 us            1 L1-dcache-loads=214.709k items_per_second=30.3322M/s
BM_QUICKSORT/8192/1/iterations:1/repeats:50                     269 us          269 us            1 L1-dcache-loads=212.825k items_per_second=30.4705M/s
BM_QUICKSORT/8192/1/iterations:1/repeats:50                     265 us          265 us            1 L1-dcache-loads=214.97k items_per_second=30.904M/s
BM_QUICKSORT/8192/1/iterations:1/repeats:50                     261 us          261 us            1 L1-dcache-loads=226.759k items_per_second=31.3944M/s
BM_QUICKSORT/8192/1/iterations:1/repeats:50                     272 us          272 us            1 L1-dcache-loads=220.413k items_per_second=30.12M/s
BM_QUICKSORT/8192/1/iterations:1/repeats:50                     286 us          286 us            1 L1-dcache-loads=242.994k items_per_second=28.6205M/s
BM_QUICKSORT/8192/1/iterations:1/repeats:50                     267 us          267 us            1 L1-dcache-loads=238.691k items_per_second=30.668M/s
BM_QUICKSORT/8192/1/iterations:1/repeats:50                     269 us          269 us            1 L1-dcache-loads=222.043k items_per_second=30.442M/s
BM_QUICKSORT/8192/1/iterations:1/repeats:50                     265 us          265 us            1 L1-dcache-loads=242.073k items_per_second=30.9371M/s
BM_QUICKSORT/8192/1/iterations:1/repeats:50                     262 us          262 us            1 L1-dcache-loads=227.473k items_per_second=31.3238M/s
BM_QUICKSORT/8192/1/iterations:1/repeats:50                     266 us          266 us            1 L1-dcache-loads=221.149k items_per_second=30.8527M/s
BM_QUICKSORT/8192/1/iterations:1/repeats:50                     263 us          263 us            1 L1-dcache-loads=220.65k items_per_second=31.2016M/s
BM_QUICKSORT/8192/1/iterations:1/repeats:50                     264 us          264 us            1 L1-dcache-loads=220.522k items_per_second=31.0343M/s
BM_QUICKSORT/8192/1/iterations:1/repeats:50                     266 us          266 us            1 L1-dcache-loads=218.919k items_per_second=30.8131M/s
BM_QUICKSORT/8192/1/iterations:1/repeats:50                     281 us          281 us            1 L1-dcache-loads=223.19k items_per_second=29.1866M/s
BM_QUICKSORT/8192/1/iterations:1/repeats:50                     264 us          264 us            1 L1-dcache-loads=218.22k items_per_second=30.9986M/s
BM_QUICKSORT/8192/1/iterations:1/repeats:50                     270 us          270 us            1 L1-dcache-loads=206.217k items_per_second=30.385M/s
BM_QUICKSORT/8192/1/iterations:1/repeats:50                     267 us          267 us            1 L1-dcache-loads=213.901k items_per_second=30.7035M/s
BM_QUICKSORT/8192/1/iterations:1/repeats:50                     265 us          265 us            1 L1-dcache-loads=219.281k items_per_second=30.8891M/s
BM_QUICKSORT/8192/1/iterations:1/repeats:50                     267 us          267 us            1 L1-dcache-loads=212.706k items_per_second=30.6354M/s
BM_QUICKSORT/8192/1/iterations:1/repeats:50                     272 us          272 us            1 L1-dcache-loads=202.872k items_per_second=30.0855M/s
BM_QUICKSORT/8192/1/iterations:1/repeats:50                     280 us          273 us            1 L1-dcache-loads=218.911k items_per_second=30.0277M/s
BM_QUICKSORT/8192/1/iterations:1/repeats:50                     263 us          263 us            1 L1-dcache-loads=220.427k items_per_second=31.1263M/s
BM_QUICKSORT/8192/1/iterations:1/repeats:50                     266 us          266 us            1 L1-dcache-loads=213.304k items_per_second=30.8241M/s
BM_QUICKSORT/8192/1/iterations:1/repeats:50                     268 us          268 us            1 L1-dcache-loads=213.602k items_per_second=30.5519M/s
BM_QUICKSORT/8192/1/iterations:1/repeats:50                     264 us          264 us            1 L1-dcache-loads=216.657k items_per_second=30.9936M/s
BM_QUICKSORT/8192/1/iterations:1/repeats:50                     265 us          265 us            1 L1-dcache-loads=218.204k items_per_second=30.8763M/s
BM_QUICKSORT/8192/1/iterations:1/repeats:50                     262 us          262 us            1 L1-dcache-loads=231.796k items_per_second=31.2439M/s
BM_QUICKSORT/8192/1/iterations:1/repeats:50                     267 us          267 us            1 L1-dcache-loads=215.428k items_per_second=30.6502M/s
BM_QUICKSORT/8192/1/iterations:1/repeats:50                     271 us          271 us            1 L1-dcache-loads=213.806k items_per_second=30.2789M/s
BM_QUICKSORT/8192/1/iterations:1/repeats:50                     258 us          258 us            1 L1-dcache-loads=236.021k items_per_second=31.7409M/s
BM_QUICKSORT/8192/1/iterations:1/repeats:50                     270 us          270 us            1 L1-dcache-loads=205.224k items_per_second=30.3289M/s
BM_QUICKSORT/8192/1/iterations:1/repeats:50                     274 us          274 us            1 L1-dcache-loads=207.449k items_per_second=29.9467M/s
BM_QUICKSORT/8192/1/iterations:1/repeats:50                     288 us          288 us            1 L1-dcache-loads=234.323k items_per_second=28.4075M/s
BM_QUICKSORT/8192/1/iterations:1/repeats:50                     266 us          266 us            1 L1-dcache-loads=234.406k items_per_second=30.8332M/s
BM_QUICKSORT/8192/1/iterations:1/repeats:50                     262 us          262 us            1 L1-dcache-loads=225.171k items_per_second=31.3006M/s
BM_QUICKSORT/8192/1/iterations:1/repeats:50                     287 us          287 us            1 L1-dcache-loads=231.698k items_per_second=28.5214M/s
BM_QUICKSORT/8192/1/iterations:1/repeats:50                     268 us          268 us            1 L1-dcache-loads=231.11k items_per_second=30.5404M/s
BM_QUICKSORT/8192/1/iterations:1/repeats:50                     267 us          267 us            1 L1-dcache-loads=213.826k items_per_second=30.7241M/s
BM_QUICKSORT/8192/1/iterations:1/repeats:50                     264 us          264 us            1 L1-dcache-loads=215.995k items_per_second=31.0665M/s
BM_QUICKSORT/8192/1/iterations:1/repeats:50_mean                268 us          268 us           50 L1-dcache-loads=220.697k items_per_second=30.591M/s
BM_QUICKSORT/8192/1/iterations:1/repeats:50_median              267 us          267 us           50 L1-dcache-loads=218.915k items_per_second=30.7075M/s
BM_QUICKSORT/8192/1/iterations:1/repeats:50_stddev             6.45 us         6.27 us           50 L1-dcache-loads=9.71331k items_per_second=688.973k/s
BM_QUICKSORT/8192/1/iterations:1/repeats:50_cv                 2.41 %          2.34 %            50 L1-dcache-loads=4.40% items_per_second=2.25%
BM_QUICKSORT/16384/1/iterations:1/repeats:50                    577 us          577 us            1 L1-dcache-loads=487.406k items_per_second=28.3793M/s
BM_QUICKSORT/16384/1/iterations:1/repeats:50                    579 us          579 us            1 L1-dcache-loads=462.544k items_per_second=28.308M/s
BM_QUICKSORT/16384/1/iterations:1/repeats:50                    568 us          568 us            1 L1-dcache-loads=471.842k items_per_second=28.8607M/s
BM_QUICKSORT/16384/1/iterations:1/repeats:50                    577 us          577 us            1 L1-dcache-loads=471.23k items_per_second=28.4151M/s
BM_QUICKSORT/16384/1/iterations:1/repeats:50                    575 us          575 us            1 L1-dcache-loads=455.731k items_per_second=28.4864M/s
BM_QUICKSORT/16384/1/iterations:1/repeats:50                    575 us          575 us            1 L1-dcache-loads=468.948k items_per_second=28.5012M/s
BM_QUICKSORT/16384/1/iterations:1/repeats:50                    572 us          572 us            1 L1-dcache-loads=504.009k items_per_second=28.6364M/s
BM_QUICKSORT/16384/1/iterations:1/repeats:50                    569 us          569 us            1 L1-dcache-loads=469.67k items_per_second=28.8091M/s
BM_QUICKSORT/16384/1/iterations:1/repeats:50                    567 us          567 us            1 L1-dcache-loads=499.682k items_per_second=28.8893M/s
BM_QUICKSORT/16384/1/iterations:1/repeats:50                    564 us          564 us            1 L1-dcache-loads=471.726k items_per_second=29.0687M/s
BM_QUICKSORT/16384/1/iterations:1/repeats:50                    573 us          573 us            1 L1-dcache-loads=482.962k items_per_second=28.6148M/s
BM_QUICKSORT/16384/1/iterations:1/repeats:50                    557 us          557 us            1 L1-dcache-loads=489.568k items_per_second=29.4338M/s
BM_QUICKSORT/16384/1/iterations:1/repeats:50                    589 us          589 us            1 L1-dcache-loads=491.116k items_per_second=27.7941M/s
BM_QUICKSORT/16384/1/iterations:1/repeats:50                    575 us          575 us            1 L1-dcache-loads=467.487k items_per_second=28.4852M/s
BM_QUICKSORT/16384/1/iterations:1/repeats:50                    576 us          576 us            1 L1-dcache-loads=450.718k items_per_second=28.4316M/s
BM_QUICKSORT/16384/1/iterations:1/repeats:50                    563 us          563 us            1 L1-dcache-loads=500.632k items_per_second=29.0781M/s
BM_QUICKSORT/16384/1/iterations:1/repeats:50                    569 us          569 us            1 L1-dcache-loads=468.495k items_per_second=28.8157M/s
BM_QUICKSORT/16384/1/iterations:1/repeats:50                    572 us          572 us            1 L1-dcache-loads=479.56k items_per_second=28.6559M/s
BM_QUICKSORT/16384/1/iterations:1/repeats:50                    572 us          572 us            1 L1-dcache-loads=503.831k items_per_second=28.6475M/s
BM_QUICKSORT/16384/1/iterations:1/repeats:50                    564 us          564 us            1 L1-dcache-loads=481.263k items_per_second=29.0558M/s
BM_QUICKSORT/16384/1/iterations:1/repeats:50                    565 us          565 us            1 L1-dcache-loads=457.984k items_per_second=28.9779M/s
BM_QUICKSORT/16384/1/iterations:1/repeats:50                    570 us          570 us            1 L1-dcache-loads=486.658k items_per_second=28.7349M/s
BM_QUICKSORT/16384/1/iterations:1/repeats:50                    563 us          563 us            1 L1-dcache-loads=480.601k items_per_second=29.1182M/s
BM_QUICKSORT/16384/1/iterations:1/repeats:50                    581 us          581 us            1 L1-dcache-loads=474.789k items_per_second=28.2204M/s
BM_QUICKSORT/16384/1/iterations:1/repeats:50                    583 us          583 us            1 L1-dcache-loads=454.532k items_per_second=28.0844M/s
BM_QUICKSORT/16384/1/iterations:1/repeats:50                    570 us          570 us            1 L1-dcache-loads=468.547k items_per_second=28.7444M/s
BM_QUICKSORT/16384/1/iterations:1/repeats:50                    565 us          565 us            1 L1-dcache-loads=472.976k items_per_second=28.9922M/s
BM_QUICKSORT/16384/1/iterations:1/repeats:50                    578 us          578 us            1 L1-dcache-loads=446.043k items_per_second=28.3572M/s
BM_QUICKSORT/16384/1/iterations:1/repeats:50                    571 us          571 us            1 L1-dcache-loads=477.06k items_per_second=28.7088M/s
BM_QUICKSORT/16384/1/iterations:1/repeats:50                    556 us          556 us            1 L1-dcache-loads=514.895k items_per_second=29.4508M/s
BM_QUICKSORT/16384/1/iterations:1/repeats:50                    572 us          572 us            1 L1-dcache-loads=497.104k items_per_second=28.6557M/s
BM_QUICKSORT/16384/1/iterations:1/repeats:50                    576 us          576 us            1 L1-dcache-loads=478.665k items_per_second=28.4483M/s
BM_QUICKSORT/16384/1/iterations:1/repeats:50                    570 us          570 us            1 L1-dcache-loads=462.381k items_per_second=28.7378M/s
BM_QUICKSORT/16384/1/iterations:1/repeats:50                    562 us          562 us            1 L1-dcache-loads=475.326k items_per_second=29.1625M/s
BM_QUICKSORT/16384/1/iterations:1/repeats:50                    578 us          578 us            1 L1-dcache-loads=485.514k items_per_second=28.3341M/s
BM_QUICKSORT/16384/1/iterations:1/repeats:50                    571 us          571 us            1 L1-dcache-loads=489.603k items_per_second=28.6808M/s
BM_QUICKSORT/16384/1/iterations:1/repeats:50                    580 us          580 us            1 L1-dcache-loads=455.007k items_per_second=28.266M/s
BM_QUICKSORT/16384/1/iterations:1/repeats:50                    591 us          591 us            1 L1-dcache-loads=473.833k items_per_second=27.7434M/s
BM_QUICKSORT/16384/1/iterations:1/repeats:50                    579 us          579 us            1 L1-dcache-loads=513.288k items_per_second=28.2737M/s
BM_QUICKSORT/16384/1/iterations:1/repeats:50                    580 us          580 us            1 L1-dcache-loads=467.053k items_per_second=28.2583M/s
BM_QUICKSORT/16384/1/iterations:1/repeats:50                    577 us          577 us            1 L1-dcache-loads=456.528k items_per_second=28.4108M/s
BM_QUICKSORT/16384/1/iterations:1/repeats:50                    583 us          583 us            1 L1-dcache-loads=458.892k items_per_second=28.109M/s
BM_QUICKSORT/16384/1/iterations:1/repeats:50                    583 us          583 us            1 L1-dcache-loads=457.722k items_per_second=28.0881M/s
BM_QUICKSORT/16384/1/iterations:1/repeats:50                    571 us          571 us            1 L1-dcache-loads=487.349k items_per_second=28.6747M/s
BM_QUICKSORT/16384/1/iterations:1/repeats:50                    569 us          569 us            1 L1-dcache-loads=460.178k items_per_second=28.7791M/s
BM_QUICKSORT/16384/1/iterations:1/repeats:50                    589 us          589 us            1 L1-dcache-loads=496.432k items_per_second=27.8009M/s
BM_QUICKSORT/16384/1/iterations:1/repeats:50                    568 us          568 us            1 L1-dcache-loads=475.174k items_per_second=28.8305M/s
BM_QUICKSORT/16384/1/iterations:1/repeats:50                    565 us          565 us            1 L1-dcache-loads=482.118k items_per_second=29.0071M/s
BM_QUICKSORT/16384/1/iterations:1/repeats:50                    573 us          573 us            1 L1-dcache-loads=471.124k items_per_second=28.6172M/s
BM_QUICKSORT/16384/1/iterations:1/repeats:50                    582 us          582 us            1 L1-dcache-loads=450.988k items_per_second=28.1641M/s
BM_QUICKSORT/16384/1/iterations:1/repeats:50_mean               573 us          573 us           50 L1-dcache-loads=476.136k items_per_second=28.596M/s
BM_QUICKSORT/16384/1/iterations:1/repeats:50_median             572 us          572 us           50 L1-dcache-loads=474.311k items_per_second=28.6419M/s
BM_QUICKSORT/16384/1/iterations:1/repeats:50_stddev            7.81 us         7.81 us           50 L1-dcache-loads=16.6493k items_per_second=389.172k/s
BM_QUICKSORT/16384/1/iterations:1/repeats:50_cv                1.36 %          1.36 %            50 L1-dcache-loads=3.50% items_per_second=1.36%
BM_QUICKSORT/32768/1/iterations:1/repeats:50                   1230 us         1230 us            1 L1-dcache-loads=998.23k items_per_second=26.6493M/s
BM_QUICKSORT/32768/1/iterations:1/repeats:50                   1260 us         1260 us            1 L1-dcache-loads=985.445k items_per_second=26.0137M/s
BM_QUICKSORT/32768/1/iterations:1/repeats:50                   1201 us         1201 us            1 L1-dcache-loads=1.06302M items_per_second=27.2802M/s
BM_QUICKSORT/32768/1/iterations:1/repeats:50                   1245 us         1245 us            1 L1-dcache-loads=1.05167M items_per_second=26.3187M/s
BM_QUICKSORT/32768/1/iterations:1/repeats:50                   1247 us         1247 us            1 L1-dcache-loads=966.548k items_per_second=26.2859M/s
BM_QUICKSORT/32768/1/iterations:1/repeats:50                   1227 us         1227 us            1 L1-dcache-loads=973.686k items_per_second=26.6996M/s
BM_QUICKSORT/32768/1/iterations:1/repeats:50                   1220 us         1220 us            1 L1-dcache-loads=1.06538M items_per_second=26.8521M/s
BM_QUICKSORT/32768/1/iterations:1/repeats:50                   1239 us         1239 us            1 L1-dcache-loads=1.05692M items_per_second=26.4432M/s
BM_QUICKSORT/32768/1/iterations:1/repeats:50                   1239 us         1239 us            1 L1-dcache-loads=995.557k items_per_second=26.4545M/s
BM_QUICKSORT/32768/1/iterations:1/repeats:50                   1239 us         1239 us            1 L1-dcache-loads=980.631k items_per_second=26.4574M/s
BM_QUICKSORT/32768/1/iterations:1/repeats:50                   1207 us         1207 us            1 L1-dcache-loads=1.01872M items_per_second=27.1393M/s
BM_QUICKSORT/32768/1/iterations:1/repeats:50                   1237 us         1221 us            1 L1-dcache-loads=991.887k items_per_second=26.8467M/s
BM_QUICKSORT/32768/1/iterations:1/repeats:50                   1220 us         1220 us            1 L1-dcache-loads=983.997k items_per_second=26.867M/s
BM_QUICKSORT/32768/1/iterations:1/repeats:50                   1226 us         1226 us            1 L1-dcache-loads=1.02627M items_per_second=26.7288M/s
BM_QUICKSORT/32768/1/iterations:1/repeats:50                   1222 us         1222 us            1 L1-dcache-loads=1.03673M items_per_second=26.8246M/s
BM_QUICKSORT/32768/1/iterations:1/repeats:50                   1212 us         1212 us            1 L1-dcache-loads=1.01463M items_per_second=27.0305M/s
BM_QUICKSORT/32768/1/iterations:1/repeats:50                   1228 us         1228 us            1 L1-dcache-loads=978.464k items_per_second=26.6768M/s
BM_QUICKSORT/32768/1/iterations:1/repeats:50                   1210 us         1210 us            1 L1-dcache-loads=1.04285M items_per_second=27.0837M/s
BM_QUICKSORT/32768/1/iterations:1/repeats:50                   1215 us         1215 us            1 L1-dcache-loads=1.00883M items_per_second=26.9597M/s
BM_QUICKSORT/32768/1/iterations:1/repeats:50                   1233 us         1233 us            1 L1-dcache-loads=1.03845M items_per_second=26.5667M/s
BM_QUICKSORT/32768/1/iterations:1/repeats:50                   1273 us         1273 us            1 L1-dcache-loads=1.0456M items_per_second=25.7472M/s
BM_QUICKSORT/32768/1/iterations:1/repeats:50                   1242 us         1242 us            1 L1-dcache-loads=976.162k items_per_second=26.3766M/s
BM_QUICKSORT/32768/1/iterations:1/repeats:50                   1264 us         1264 us            1 L1-dcache-loads=1.03664M items_per_second=25.9257M/s
BM_QUICKSORT/32768/1/iterations:1/repeats:50                   1246 us         1246 us            1 L1-dcache-loads=983.202k items_per_second=26.305M/s
BM_QUICKSORT/32768/1/iterations:1/repeats:50                   1216 us         1215 us            1 L1-dcache-loads=1.00308M items_per_second=26.9585M/s
BM_QUICKSORT/32768/1/iterations:1/repeats:50                   1220 us         1220 us            1 L1-dcache-loads=1.06115M items_per_second=26.8549M/s
BM_QUICKSORT/32768/1/iterations:1/repeats:50                   1222 us         1222 us            1 L1-dcache-loads=1.01634M items_per_second=26.813M/s
BM_QUICKSORT/32768/1/iterations:1/repeats:50                   1221 us         1221 us            1 L1-dcache-loads=1.03003M items_per_second=26.8475M/s
BM_QUICKSORT/32768/1/iterations:1/repeats:50                   1218 us         1218 us            1 L1-dcache-loads=1.02853M items_per_second=26.8984M/s
BM_QUICKSORT/32768/1/iterations:1/repeats:50                   1231 us         1231 us            1 L1-dcache-loads=980.331k items_per_second=26.6186M/s
BM_QUICKSORT/32768/1/iterations:1/repeats:50                   1246 us         1246 us            1 L1-dcache-loads=1.03258M items_per_second=26.2995M/s
BM_QUICKSORT/32768/1/iterations:1/repeats:50                   1266 us         1266 us            1 L1-dcache-loads=1.03783M items_per_second=25.8836M/s
BM_QUICKSORT/32768/1/iterations:1/repeats:50                   1201 us         1201 us            1 L1-dcache-loads=1.02145M items_per_second=27.2808M/s
BM_QUICKSORT/32768/1/iterations:1/repeats:50                   1211 us         1211 us            1 L1-dcache-loads=1.01638M items_per_second=27.0677M/s
BM_QUICKSORT/32768/1/iterations:1/repeats:50                   1213 us         1213 us            1 L1-dcache-loads=1.01063M items_per_second=27.0111M/s
BM_QUICKSORT/32768/1/iterations:1/repeats:50                   1213 us         1213 us            1 L1-dcache-loads=0.999964M items_per_second=27.0198M/s
BM_QUICKSORT/32768/1/iterations:1/repeats:50                   1217 us         1217 us            1 L1-dcache-loads=1.03607M items_per_second=26.9179M/s
BM_QUICKSORT/32768/1/iterations:1/repeats:50                   1232 us         1232 us            1 L1-dcache-loads=971.405k items_per_second=26.606M/s
BM_QUICKSORT/32768/1/iterations:1/repeats:50                   1228 us         1228 us            1 L1-dcache-loads=986.988k items_per_second=26.6778M/s
BM_QUICKSORT/32768/1/iterations:1/repeats:50                   1223 us         1223 us            1 L1-dcache-loads=1.0167M items_per_second=26.7854M/s
BM_QUICKSORT/32768/1/iterations:1/repeats:50                   1217 us         1217 us            1 L1-dcache-loads=1.03396M items_per_second=26.9157M/s
BM_QUICKSORT/32768/1/iterations:1/repeats:50                   1232 us         1232 us            1 L1-dcache-loads=998.819k items_per_second=26.6032M/s
BM_QUICKSORT/32768/1/iterations:1/repeats:50                   1229 us         1229 us            1 L1-dcache-loads=965.758k items_per_second=26.6574M/s
BM_QUICKSORT/32768/1/iterations:1/repeats:50                   1229 us         1229 us            1 L1-dcache-loads=1.04722M items_per_second=26.6711M/s
BM_QUICKSORT/32768/1/iterations:1/repeats:50                   1245 us         1245 us            1 L1-dcache-loads=971.021k items_per_second=26.3299M/s
BM_QUICKSORT/32768/1/iterations:1/repeats:50                   1226 us         1226 us            1 L1-dcache-loads=974.269k items_per_second=26.7211M/s
BM_QUICKSORT/32768/1/iterations:1/repeats:50                   1234 us         1234 us            1 L1-dcache-loads=980.544k items_per_second=26.5545M/s
BM_QUICKSORT/32768/1/iterations:1/repeats:50                   1245 us         1245 us            1 L1-dcache-loads=958.742k items_per_second=26.3104M/s
BM_QUICKSORT/32768/1/iterations:1/repeats:50                   1233 us         1233 us            1 L1-dcache-loads=977.586k items_per_second=26.5716M/s
BM_QUICKSORT/32768/1/iterations:1/repeats:50                   1208 us         1208 us            1 L1-dcache-loads=1.02802M items_per_second=27.1267M/s
BM_QUICKSORT/32768/1/iterations:1/repeats:50_mean              1229 us         1229 us           50 L1-dcache-loads=1.0101M items_per_second=26.6707M/s
BM_QUICKSORT/32768/1/iterations:1/repeats:50_median            1228 us         1228 us           50 L1-dcache-loads=1.01263M items_per_second=26.6887M/s
BM_QUICKSORT/32768/1/iterations:1/repeats:50_stddev            16.2 us         16.2 us           50 L1-dcache-loads=29.9585k items_per_second=348.837k/s
BM_QUICKSORT/32768/1/iterations:1/repeats:50_cv                1.32 %          1.32 %            50 L1-dcache-loads=2.97% items_per_second=1.31%
BM_SELECTION_SORT/4/1/iterations:1/repeats:50                 0.513 us        0.491 us            1 L1-dcache-loads=177 items_per_second=8.14664M/s
BM_SELECTION_SORT/4/1/iterations:1/repeats:50                 0.413 us        0.418 us            1 L1-dcache-loads=177 items_per_second=9.56938M/s
BM_SELECTION_SORT/4/1/iterations:1/repeats:50                 0.387 us        0.381 us            1 L1-dcache-loads=177 items_per_second=10.4987M/s
BM_SELECTION_SORT/4/1/iterations:1/repeats:50                 0.388 us        0.379 us            1 L1-dcache-loads=177 items_per_second=10.5541M/s
BM_SELECTION_SORT/4/1/iterations:1/repeats:50                 0.398 us        0.395 us            1 L1-dcache-loads=177 items_per_second=10.1266M/s
BM_SELECTION_SORT/4/1/iterations:1/repeats:50                 0.392 us        0.391 us            1 L1-dcache-loads=177 items_per_second=10.2302M/s
BM_SELECTION_SORT/4/1/iterations:1/repeats:50                 0.365 us        0.364 us            1 L1-dcache-loads=177 items_per_second=10.989M/s
BM_SELECTION_SORT/4/1/iterations:1/repeats:50                 0.355 us        0.359 us            1 L1-dcache-loads=177 items_per_second=11.1421M/s
BM_SELECTION_SORT/4/1/iterations:1/repeats:50                 0.358 us        0.364 us            1 L1-dcache-loads=177 items_per_second=10.989M/s
BM_SELECTION_SORT/4/1/iterations:1/repeats:50                 0.371 us        0.366 us            1 L1-dcache-loads=177 items_per_second=10.929M/s
BM_SELECTION_SORT/4/1/iterations:1/repeats:50                 0.364 us        0.367 us            1 L1-dcache-loads=177 items_per_second=10.8992M/s
BM_SELECTION_SORT/4/1/iterations:1/repeats:50                 0.345 us        0.345 us            1 L1-dcache-loads=177 items_per_second=11.5942M/s
BM_SELECTION_SORT/4/1/iterations:1/repeats:50                 0.337 us        0.336 us            1 L1-dcache-loads=177 items_per_second=11.9048M/s
BM_SELECTION_SORT/4/1/iterations:1/repeats:50                 0.370 us        0.373 us            1 L1-dcache-loads=177 items_per_second=10.7239M/s
BM_SELECTION_SORT/4/1/iterations:1/repeats:50                 0.336 us        0.334 us            1 L1-dcache-loads=177 items_per_second=11.976M/s
BM_SELECTION_SORT/4/1/iterations:1/repeats:50                 0.334 us        0.353 us            1 L1-dcache-loads=177 items_per_second=11.3314M/s
BM_SELECTION_SORT/4/1/iterations:1/repeats:50                 0.360 us        0.367 us            1 L1-dcache-loads=177 items_per_second=10.8992M/s
BM_SELECTION_SORT/4/1/iterations:1/repeats:50                 0.390 us        0.386 us            1 L1-dcache-loads=177 items_per_second=10.3627M/s
BM_SELECTION_SORT/4/1/iterations:1/repeats:50                 0.384 us        0.391 us            1 L1-dcache-loads=177 items_per_second=10.2302M/s
BM_SELECTION_SORT/4/1/iterations:1/repeats:50                 0.351 us        0.351 us            1 L1-dcache-loads=177 items_per_second=11.396M/s
BM_SELECTION_SORT/4/1/iterations:1/repeats:50                 0.360 us        0.362 us            1 L1-dcache-loads=177 items_per_second=11.0497M/s
BM_SELECTION_SORT/4/1/iterations:1/repeats:50                 0.351 us        0.359 us            1 L1-dcache-loads=177 items_per_second=11.1421M/s
BM_SELECTION_SORT/4/1/iterations:1/repeats:50                 0.349 us        0.350 us            1 L1-dcache-loads=177 items_per_second=11.4286M/s
BM_SELECTION_SORT/4/1/iterations:1/repeats:50                 0.348 us        0.348 us            1 L1-dcache-loads=177 items_per_second=11.4943M/s
BM_SELECTION_SORT/4/1/iterations:1/repeats:50                 0.361 us        0.361 us            1 L1-dcache-loads=177 items_per_second=11.0803M/s
BM_SELECTION_SORT/4/1/iterations:1/repeats:50                 0.356 us        0.372 us            1 L1-dcache-loads=177 items_per_second=10.7527M/s
BM_SELECTION_SORT/4/1/iterations:1/repeats:50                 0.373 us        0.371 us            1 L1-dcache-loads=177 items_per_second=10.7817M/s
BM_SELECTION_SORT/4/1/iterations:1/repeats:50                 0.357 us        0.365 us            1 L1-dcache-loads=177 items_per_second=10.9589M/s
BM_SELECTION_SORT/4/1/iterations:1/repeats:50                 0.343 us        0.342 us            1 L1-dcache-loads=177 items_per_second=11.6959M/s
BM_SELECTION_SORT/4/1/iterations:1/repeats:50                 0.339 us        0.335 us            1 L1-dcache-loads=177 items_per_second=11.9403M/s
BM_SELECTION_SORT/4/1/iterations:1/repeats:50                 0.366 us        0.364 us            1 L1-dcache-loads=177 items_per_second=10.989M/s
BM_SELECTION_SORT/4/1/iterations:1/repeats:50                 0.342 us        0.340 us            1 L1-dcache-loads=177 items_per_second=11.7647M/s
BM_SELECTION_SORT/4/1/iterations:1/repeats:50                 0.355 us        0.365 us            1 L1-dcache-loads=177 items_per_second=10.9589M/s
BM_SELECTION_SORT/4/1/iterations:1/repeats:50                 0.406 us        0.394 us            1 L1-dcache-loads=177 items_per_second=10.1523M/s
BM_SELECTION_SORT/4/1/iterations:1/repeats:50                 0.368 us        0.376 us            1 L1-dcache-loads=177 items_per_second=10.6383M/s
BM_SELECTION_SORT/4/1/iterations:1/repeats:50                 0.344 us        0.343 us            1 L1-dcache-loads=177 items_per_second=11.6618M/s
BM_SELECTION_SORT/4/1/iterations:1/repeats:50                 0.351 us        0.351 us            1 L1-dcache-loads=177 items_per_second=11.396M/s
BM_SELECTION_SORT/4/1/iterations:1/repeats:50                 0.334 us        0.336 us            1 L1-dcache-loads=177 items_per_second=11.9048M/s
BM_SELECTION_SORT/4/1/iterations:1/repeats:50                 0.337 us        0.336 us            1 L1-dcache-loads=177 items_per_second=11.9048M/s
BM_SELECTION_SORT/4/1/iterations:1/repeats:50                 0.366 us        0.373 us            1 L1-dcache-loads=177 items_per_second=10.7239M/s
BM_SELECTION_SORT/4/1/iterations:1/repeats:50                 0.336 us        0.336 us            1 L1-dcache-loads=177 items_per_second=11.9048M/s
BM_SELECTION_SORT/4/1/iterations:1/repeats:50                 0.350 us        0.356 us            1 L1-dcache-loads=177 items_per_second=11.236M/s
BM_SELECTION_SORT/4/1/iterations:1/repeats:50                 0.353 us        0.353 us            1 L1-dcache-loads=177 items_per_second=11.3314M/s
BM_SELECTION_SORT/4/1/iterations:1/repeats:50                 0.347 us        0.346 us            1 L1-dcache-loads=177 items_per_second=11.5607M/s
BM_SELECTION_SORT/4/1/iterations:1/repeats:50                 0.354 us        0.351 us            1 L1-dcache-loads=177 items_per_second=11.396M/s
BM_SELECTION_SORT/4/1/iterations:1/repeats:50                 0.340 us        0.343 us            1 L1-dcache-loads=177 items_per_second=11.6618M/s
BM_SELECTION_SORT/4/1/iterations:1/repeats:50                 0.354 us        0.354 us            1 L1-dcache-loads=177 items_per_second=11.2994M/s
BM_SELECTION_SORT/4/1/iterations:1/repeats:50                 0.355 us        0.355 us            1 L1-dcache-loads=177 items_per_second=11.2676M/s
BM_SELECTION_SORT/4/1/iterations:1/repeats:50                 0.347 us        0.339 us            1 L1-dcache-loads=177 items_per_second=11.7994M/s
BM_SELECTION_SORT/4/1/iterations:1/repeats:50                 0.341 us        0.341 us            1 L1-dcache-loads=177 items_per_second=11.7302M/s
BM_SELECTION_SORT/4/1/iterations:1/repeats:50_mean            0.362 us        0.363 us           50 L1-dcache-loads=177 items_per_second=11.082M/s
BM_SELECTION_SORT/4/1/iterations:1/repeats:50_median          0.355 us        0.359 us           50 L1-dcache-loads=177 items_per_second=11.1421M/s
BM_SELECTION_SORT/4/1/iterations:1/repeats:50_stddev          0.029 us        0.026 us           50 L1-dcache-loads=0 items_per_second=700.977k/s
BM_SELECTION_SORT/4/1/iterations:1/repeats:50_cv               8.01 %          7.25 %            50 L1-dcache-loads=0.00% items_per_second=6.33%
BM_SELECTION_SORT/8/1/iterations:1/repeats:50                 0.624 us        0.614 us            1 L1-dcache-loads=279 items_per_second=13.0293M/s
BM_SELECTION_SORT/8/1/iterations:1/repeats:50                 0.465 us        0.462 us            1 L1-dcache-loads=279 items_per_second=17.316M/s
BM_SELECTION_SORT/8/1/iterations:1/repeats:50                 0.481 us        0.479 us            1 L1-dcache-loads=279 items_per_second=16.7015M/s
BM_SELECTION_SORT/8/1/iterations:1/repeats:50                 0.495 us        0.485 us            1 L1-dcache-loads=279 items_per_second=16.4948M/s
BM_SELECTION_SORT/8/1/iterations:1/repeats:50                 0.465 us        0.472 us            1 L1-dcache-loads=279 items_per_second=16.9492M/s
BM_SELECTION_SORT/8/1/iterations:1/repeats:50                 0.465 us        0.464 us            1 L1-dcache-loads=279 items_per_second=17.2414M/s
BM_SELECTION_SORT/8/1/iterations:1/repeats:50                 0.468 us        0.474 us            1 L1-dcache-loads=279 items_per_second=16.8776M/s
BM_SELECTION_SORT/8/1/iterations:1/repeats:50                 0.475 us        0.473 us            1 L1-dcache-loads=279 items_per_second=16.9133M/s
BM_SELECTION_SORT/8/1/iterations:1/repeats:50                 0.439 us        0.438 us            1 L1-dcache-loads=279 items_per_second=18.2648M/s
BM_SELECTION_SORT/8/1/iterations:1/repeats:50                 0.448 us        0.446 us            1 L1-dcache-loads=279 items_per_second=17.9372M/s
BM_SELECTION_SORT/8/1/iterations:1/repeats:50                 0.468 us        0.462 us            1 L1-dcache-loads=279 items_per_second=17.316M/s
BM_SELECTION_SORT/8/1/iterations:1/repeats:50                 0.444 us        0.445 us            1 L1-dcache-loads=279 items_per_second=17.9775M/s
BM_SELECTION_SORT/8/1/iterations:1/repeats:50                 0.433 us        0.435 us            1 L1-dcache-loads=279 items_per_second=18.3908M/s
BM_SELECTION_SORT/8/1/iterations:1/repeats:50                 0.423 us        0.442 us            1 L1-dcache-loads=279 items_per_second=18.0995M/s
BM_SELECTION_SORT/8/1/iterations:1/repeats:50                 0.455 us        0.455 us            1 L1-dcache-loads=279 items_per_second=17.5824M/s
BM_SELECTION_SORT/8/1/iterations:1/repeats:50                 0.462 us        0.464 us            1 L1-dcache-loads=279 items_per_second=17.2414M/s
BM_SELECTION_SORT/8/1/iterations:1/repeats:50                 0.438 us        0.451 us            1 L1-dcache-loads=279 items_per_second=17.7384M/s
BM_SELECTION_SORT/8/1/iterations:1/repeats:50                 0.469 us        0.469 us            1 L1-dcache-loads=279 items_per_second=17.0576M/s
BM_SELECTION_SORT/8/1/iterations:1/repeats:50                 0.461 us        0.462 us            1 L1-dcache-loads=279 items_per_second=17.316M/s
BM_SELECTION_SORT/8/1/iterations:1/repeats:50                 0.461 us        0.464 us            1 L1-dcache-loads=279 items_per_second=17.2414M/s
BM_SELECTION_SORT/8/1/iterations:1/repeats:50                 0.407 us        0.409 us            1 L1-dcache-loads=279 items_per_second=19.5599M/s
BM_SELECTION_SORT/8/1/iterations:1/repeats:50                 0.456 us        0.449 us            1 L1-dcache-loads=279 items_per_second=17.8174M/s
BM_SELECTION_SORT/8/1/iterations:1/repeats:50                 0.490 us        0.492 us            1 L1-dcache-loads=279 items_per_second=16.2602M/s
BM_SELECTION_SORT/8/1/iterations:1/repeats:50                 0.461 us        0.461 us            1 L1-dcache-loads=279 items_per_second=17.3536M/s
BM_SELECTION_SORT/8/1/iterations:1/repeats:50                 0.435 us        0.434 us            1 L1-dcache-loads=279 items_per_second=18.4332M/s
BM_SELECTION_SORT/8/1/iterations:1/repeats:50                 0.423 us        0.424 us            1 L1-dcache-loads=279 items_per_second=18.8679M/s
BM_SELECTION_SORT/8/1/iterations:1/repeats:50                 0.455 us        0.455 us            1 L1-dcache-loads=279 items_per_second=17.5824M/s
BM_SELECTION_SORT/8/1/iterations:1/repeats:50                 0.447 us        0.446 us            1 L1-dcache-loads=279 items_per_second=17.9372M/s
BM_SELECTION_SORT/8/1/iterations:1/repeats:50                 0.442 us        0.444 us            1 L1-dcache-loads=279 items_per_second=18.018M/s
BM_SELECTION_SORT/8/1/iterations:1/repeats:50                 0.412 us        0.413 us            1 L1-dcache-loads=279 items_per_second=19.3705M/s
BM_SELECTION_SORT/8/1/iterations:1/repeats:50                 0.455 us        0.455 us            1 L1-dcache-loads=279 items_per_second=17.5824M/s
BM_SELECTION_SORT/8/1/iterations:1/repeats:50                 0.425 us        0.433 us            1 L1-dcache-loads=279 items_per_second=18.4758M/s
BM_SELECTION_SORT/8/1/iterations:1/repeats:50                 0.431 us        0.432 us            1 L1-dcache-loads=279 items_per_second=18.5185M/s
BM_SELECTION_SORT/8/1/iterations:1/repeats:50                 0.493 us        0.488 us            1 L1-dcache-loads=279 items_per_second=16.3934M/s
BM_SELECTION_SORT/8/1/iterations:1/repeats:50                 0.455 us        0.455 us            1 L1-dcache-loads=279 items_per_second=17.5824M/s
BM_SELECTION_SORT/8/1/iterations:1/repeats:50                 0.447 us        0.449 us            1 L1-dcache-loads=279 items_per_second=17.8174M/s
BM_SELECTION_SORT/8/1/iterations:1/repeats:50                 0.446 us        0.454 us            1 L1-dcache-loads=279 items_per_second=17.6211M/s
BM_SELECTION_SORT/8/1/iterations:1/repeats:50                 0.430 us        0.431 us            1 L1-dcache-loads=279 items_per_second=18.5615M/s
BM_SELECTION_SORT/8/1/iterations:1/repeats:50                 0.469 us        0.470 us            1 L1-dcache-loads=279 items_per_second=17.0213M/s
BM_SELECTION_SORT/8/1/iterations:1/repeats:50                 0.485 us        0.489 us            1 L1-dcache-loads=279 items_per_second=16.3599M/s
BM_SELECTION_SORT/8/1/iterations:1/repeats:50                 0.432 us        0.434 us            1 L1-dcache-loads=279 items_per_second=18.4332M/s
BM_SELECTION_SORT/8/1/iterations:1/repeats:50                 0.448 us        0.448 us            1 L1-dcache-loads=279 items_per_second=17.8571M/s
BM_SELECTION_SORT/8/1/iterations:1/repeats:50                 0.465 us        0.465 us            1 L1-dcache-loads=279 items_per_second=17.2043M/s
BM_SELECTION_SORT/8/1/iterations:1/repeats:50                 0.418 us        0.427 us            1 L1-dcache-loads=279 items_per_second=18.7354M/s
BM_SELECTION_SORT/8/1/iterations:1/repeats:50                 0.425 us        0.425 us            1 L1-dcache-loads=279 items_per_second=18.8235M/s
BM_SELECTION_SORT/8/1/iterations:1/repeats:50                 0.456 us        0.457 us            1 L1-dcache-loads=279 items_per_second=17.5055M/s
BM_SELECTION_SORT/8/1/iterations:1/repeats:50                 0.463 us        0.463 us            1 L1-dcache-loads=279 items_per_second=17.2786M/s
BM_SELECTION_SORT/8/1/iterations:1/repeats:50                 0.427 us        0.430 us            1 L1-dcache-loads=279 items_per_second=18.6047M/s
BM_SELECTION_SORT/8/1/iterations:1/repeats:50                 0.442 us        0.442 us            1 L1-dcache-loads=279 items_per_second=18.0995M/s
BM_SELECTION_SORT/8/1/iterations:1/repeats:50                 0.449 us        0.449 us            1 L1-dcache-loads=279 items_per_second=17.8174M/s
BM_SELECTION_SORT/8/1/iterations:1/repeats:50_mean            0.455 us        0.456 us           50 L1-dcache-loads=279 items_per_second=17.6236M/s
BM_SELECTION_SORT/8/1/iterations:1/repeats:50_median          0.455 us        0.454 us           50 L1-dcache-loads=279 items_per_second=17.6018M/s
BM_SELECTION_SORT/8/1/iterations:1/repeats:50_stddev          0.032 us        0.030 us           50 L1-dcache-loads=0 items_per_second=1.00332M/s
BM_SELECTION_SORT/8/1/iterations:1/repeats:50_cv               7.05 %          6.54 %            50 L1-dcache-loads=0.00% items_per_second=5.69%
BM_SELECTION_SORT/16/1/iterations:1/repeats:50                0.806 us        0.791 us            1 L1-dcache-loads=531 items_per_second=20.2276M/s
BM_SELECTION_SORT/16/1/iterations:1/repeats:50                0.715 us        0.716 us            1 L1-dcache-loads=531 items_per_second=22.3464M/s
BM_SELECTION_SORT/16/1/iterations:1/repeats:50                0.752 us        0.751 us            1 L1-dcache-loads=531 items_per_second=21.3049M/s
BM_SELECTION_SORT/16/1/iterations:1/repeats:50                0.740 us        0.734 us            1 L1-dcache-loads=531 items_per_second=21.7984M/s
BM_SELECTION_SORT/16/1/iterations:1/repeats:50                0.702 us        0.702 us            1 L1-dcache-loads=531 items_per_second=22.792M/s
BM_SELECTION_SORT/16/1/iterations:1/repeats:50                0.759 us        0.757 us            1 L1-dcache-loads=531 items_per_second=21.1361M/s
BM_SELECTION_SORT/16/1/iterations:1/repeats:50                0.676 us        0.674 us            1 L1-dcache-loads=531 items_per_second=23.7389M/s
BM_SELECTION_SORT/16/1/iterations:1/repeats:50                0.733 us        0.733 us            1 L1-dcache-loads=531 items_per_second=21.8281M/s
BM_SELECTION_SORT/16/1/iterations:1/repeats:50                0.733 us        0.740 us            1 L1-dcache-loads=531 items_per_second=21.6216M/s
BM_SELECTION_SORT/16/1/iterations:1/repeats:50                0.745 us        0.745 us            1 L1-dcache-loads=531 items_per_second=21.4765M/s
BM_SELECTION_SORT/16/1/iterations:1/repeats:50                0.723 us        0.721 us            1 L1-dcache-loads=531 items_per_second=22.1914M/s
BM_SELECTION_SORT/16/1/iterations:1/repeats:50                0.681 us        0.680 us            1 L1-dcache-loads=531 items_per_second=23.5294M/s
BM_SELECTION_SORT/16/1/iterations:1/repeats:50                0.763 us        0.756 us            1 L1-dcache-loads=531 items_per_second=21.164M/s
BM_SELECTION_SORT/16/1/iterations:1/repeats:50                0.705 us        0.708 us            1 L1-dcache-loads=531 items_per_second=22.5989M/s
BM_SELECTION_SORT/16/1/iterations:1/repeats:50                0.713 us        0.715 us            1 L1-dcache-loads=531 items_per_second=22.3776M/s
BM_SELECTION_SORT/16/1/iterations:1/repeats:50                0.701 us        0.694 us            1 L1-dcache-loads=531 items_per_second=23.0548M/s
BM_SELECTION_SORT/16/1/iterations:1/repeats:50                0.662 us        0.662 us            1 L1-dcache-loads=531 items_per_second=24.1692M/s
BM_SELECTION_SORT/16/1/iterations:1/repeats:50                0.778 us        0.775 us            1 L1-dcache-loads=531 items_per_second=20.6452M/s
BM_SELECTION_SORT/16/1/iterations:1/repeats:50                0.671 us        0.672 us            1 L1-dcache-loads=531 items_per_second=23.8095M/s
BM_SELECTION_SORT/16/1/iterations:1/repeats:50                0.705 us        0.707 us            1 L1-dcache-loads=531 items_per_second=22.6308M/s
BM_SELECTION_SORT/16/1/iterations:1/repeats:50                0.730 us        0.729 us            1 L1-dcache-loads=531 items_per_second=21.9479M/s
BM_SELECTION_SORT/16/1/iterations:1/repeats:50                0.696 us        0.697 us            1 L1-dcache-loads=531 items_per_second=22.9555M/s
BM_SELECTION_SORT/16/1/iterations:1/repeats:50                0.698 us        0.699 us            1 L1-dcache-loads=531 items_per_second=22.8898M/s
BM_SELECTION_SORT/16/1/iterations:1/repeats:50                0.721 us        0.712 us            1 L1-dcache-loads=531 items_per_second=22.4719M/s
BM_SELECTION_SORT/16/1/iterations:1/repeats:50                0.710 us        0.711 us            1 L1-dcache-loads=531 items_per_second=22.5035M/s
BM_SELECTION_SORT/16/1/iterations:1/repeats:50                0.713 us        0.712 us            1 L1-dcache-loads=531 items_per_second=22.4719M/s
BM_SELECTION_SORT/16/1/iterations:1/repeats:50                0.708 us        0.714 us            1 L1-dcache-loads=531 items_per_second=22.409M/s
BM_SELECTION_SORT/16/1/iterations:1/repeats:50                0.676 us        0.676 us            1 L1-dcache-loads=531 items_per_second=23.6686M/s
BM_SELECTION_SORT/16/1/iterations:1/repeats:50                0.710 us        0.703 us            1 L1-dcache-loads=531 items_per_second=22.7596M/s
BM_SELECTION_SORT/16/1/iterations:1/repeats:50                0.706 us        0.706 us            1 L1-dcache-loads=531 items_per_second=22.6629M/s
BM_SELECTION_SORT/16/1/iterations:1/repeats:50                0.718 us        0.718 us            1 L1-dcache-loads=531 items_per_second=22.2841M/s
BM_SELECTION_SORT/16/1/iterations:1/repeats:50                0.679 us        0.679 us            1 L1-dcache-loads=531 items_per_second=23.5641M/s
BM_SELECTION_SORT/16/1/iterations:1/repeats:50                0.726 us        0.720 us            1 L1-dcache-loads=531 items_per_second=22.2222M/s
BM_SELECTION_SORT/16/1/iterations:1/repeats:50                0.769 us        0.762 us            1 L1-dcache-loads=531 items_per_second=20.9974M/s
BM_SELECTION_SORT/16/1/iterations:1/repeats:50                0.707 us        0.704 us            1 L1-dcache-loads=531 items_per_second=22.7273M/s
BM_SELECTION_SORT/16/1/iterations:1/repeats:50                0.681 us        0.680 us            1 L1-dcache-loads=531 items_per_second=23.5294M/s
BM_SELECTION_SORT/16/1/iterations:1/repeats:50                0.746 us        0.745 us            1 L1-dcache-loads=531 items_per_second=21.4765M/s
BM_SELECTION_SORT/16/1/iterations:1/repeats:50                0.737 us        0.738 us            1 L1-dcache-loads=531 items_per_second=21.6802M/s
BM_SELECTION_SORT/16/1/iterations:1/repeats:50                0.690 us        0.692 us            1 L1-dcache-loads=531 items_per_second=23.1214M/s
BM_SELECTION_SORT/16/1/iterations:1/repeats:50                0.698 us        0.692 us            1 L1-dcache-loads=531 items_per_second=23.1214M/s
BM_SELECTION_SORT/16/1/iterations:1/repeats:50                0.708 us        0.708 us            1 L1-dcache-loads=531 items_per_second=22.5989M/s
BM_SELECTION_SORT/16/1/iterations:1/repeats:50                0.705 us        0.705 us            1 L1-dcache-loads=531 items_per_second=22.695M/s
BM_SELECTION_SORT/16/1/iterations:1/repeats:50                0.681 us        0.685 us            1 L1-dcache-loads=531 items_per_second=23.3577M/s
BM_SELECTION_SORT/16/1/iterations:1/repeats:50                0.688 us        0.696 us            1 L1-dcache-loads=531 items_per_second=22.9885M/s
BM_SELECTION_SORT/16/1/iterations:1/repeats:50                0.726 us        0.725 us            1 L1-dcache-loads=531 items_per_second=22.069M/s
BM_SELECTION_SORT/16/1/iterations:1/repeats:50                0.694 us        0.699 us            1 L1-dcache-loads=531 items_per_second=22.8898M/s
BM_SELECTION_SORT/16/1/iterations:1/repeats:50                0.711 us        0.712 us            1 L1-dcache-loads=531 items_per_second=22.4719M/s
BM_SELECTION_SORT/16/1/iterations:1/repeats:50                0.705 us        0.709 us            1 L1-dcache-loads=531 items_per_second=22.567M/s
BM_SELECTION_SORT/16/1/iterations:1/repeats:50                0.704 us        0.712 us            1 L1-dcache-loads=531 items_per_second=22.4719M/s
BM_SELECTION_SORT/16/1/iterations:1/repeats:50                0.769 us        0.767 us            1 L1-dcache-loads=531 items_per_second=20.8605M/s
BM_SELECTION_SORT/16/1/iterations:1/repeats:50_mean           0.715 us        0.715 us           50 L1-dcache-loads=531 items_per_second=22.4175M/s
BM_SELECTION_SORT/16/1/iterations:1/repeats:50_median         0.709 us        0.712 us           50 L1-dcache-loads=531 items_per_second=22.4877M/s
BM_SELECTION_SORT/16/1/iterations:1/repeats:50_stddev         0.030 us        0.028 us           50 L1-dcache-loads=0 items_per_second=869.605k/s
BM_SELECTION_SORT/16/1/iterations:1/repeats:50_cv              4.21 %          3.95 %            50 L1-dcache-loads=0.00% items_per_second=3.88%
BM_SELECTION_SORT/32/1/iterations:1/repeats:50                 1.46 us         1.44 us            1 L1-dcache-loads=1.227k items_per_second=22.2841M/s
BM_SELECTION_SORT/32/1/iterations:1/repeats:50                 1.42 us         1.42 us            1 L1-dcache-loads=1.227k items_per_second=22.5511M/s
BM_SELECTION_SORT/32/1/iterations:1/repeats:50                 1.46 us         1.45 us            1 L1-dcache-loads=1.227k items_per_second=21.9931M/s
BM_SELECTION_SORT/32/1/iterations:1/repeats:50                 1.47 us         1.47 us            1 L1-dcache-loads=1.227k items_per_second=21.7539M/s
BM_SELECTION_SORT/32/1/iterations:1/repeats:50                 1.37 us         1.37 us            1 L1-dcache-loads=1.227k items_per_second=23.4432M/s
BM_SELECTION_SORT/32/1/iterations:1/repeats:50                 1.41 us         1.41 us            1 L1-dcache-loads=1.227k items_per_second=22.7596M/s
BM_SELECTION_SORT/32/1/iterations:1/repeats:50                 1.40 us         1.40 us            1 L1-dcache-loads=1.227k items_per_second=22.9062M/s
BM_SELECTION_SORT/32/1/iterations:1/repeats:50                 1.39 us         1.40 us            1 L1-dcache-loads=1.227k items_per_second=22.8735M/s
BM_SELECTION_SORT/32/1/iterations:1/repeats:50                 1.39 us         1.39 us            1 L1-dcache-loads=1.227k items_per_second=23.0216M/s
BM_SELECTION_SORT/32/1/iterations:1/repeats:50                 1.37 us         1.37 us            1 L1-dcache-loads=1.227k items_per_second=23.3066M/s
BM_SELECTION_SORT/32/1/iterations:1/repeats:50                 1.34 us         1.34 us            1 L1-dcache-loads=1.227k items_per_second=23.97M/s
BM_SELECTION_SORT/32/1/iterations:1/repeats:50                 1.42 us         1.42 us            1 L1-dcache-loads=1.227k items_per_second=22.5989M/s
BM_SELECTION_SORT/32/1/iterations:1/repeats:50                 1.32 us         1.32 us            1 L1-dcache-loads=1.227k items_per_second=24.1875M/s
BM_SELECTION_SORT/32/1/iterations:1/repeats:50                 1.34 us         1.34 us            1 L1-dcache-loads=1.227k items_per_second=23.845M/s
BM_SELECTION_SORT/32/1/iterations:1/repeats:50                 1.37 us         1.37 us            1 L1-dcache-loads=1.227k items_per_second=23.4432M/s
BM_SELECTION_SORT/32/1/iterations:1/repeats:50                 1.37 us         1.37 us            1 L1-dcache-loads=1.227k items_per_second=23.3747M/s
BM_SELECTION_SORT/32/1/iterations:1/repeats:50                 1.38 us         1.38 us            1 L1-dcache-loads=1.227k items_per_second=23.1214M/s
BM_SELECTION_SORT/32/1/iterations:1/repeats:50                 1.40 us         1.40 us            1 L1-dcache-loads=1.227k items_per_second=22.9226M/s
BM_SELECTION_SORT/32/1/iterations:1/repeats:50                 1.39 us         1.39 us            1 L1-dcache-loads=1.227k items_per_second=22.972M/s
BM_SELECTION_SORT/32/1/iterations:1/repeats:50                 1.37 us         1.36 us            1 L1-dcache-loads=1.227k items_per_second=23.4432M/s
BM_SELECTION_SORT/32/1/iterations:1/repeats:50                 1.43 us         1.43 us            1 L1-dcache-loads=1.227k items_per_second=22.4247M/s
BM_SELECTION_SORT/32/1/iterations:1/repeats:50                 1.41 us         1.41 us            1 L1-dcache-loads=1.227k items_per_second=22.7758M/s
BM_SELECTION_SORT/32/1/iterations:1/repeats:50                 1.28 us         1.28 us            1 L1-dcache-loads=1.227k items_per_second=25M/s
BM_SELECTION_SORT/32/1/iterations:1/repeats:50                 1.40 us         1.39 us            1 L1-dcache-loads=1.227k items_per_second=23.0382M/s
BM_SELECTION_SORT/32/1/iterations:1/repeats:50                 1.40 us         1.40 us            1 L1-dcache-loads=1.227k items_per_second=22.792M/s
BM_SELECTION_SORT/32/1/iterations:1/repeats:50                 1.40 us         1.40 us            1 L1-dcache-loads=1.227k items_per_second=22.8571M/s
BM_SELECTION_SORT/32/1/iterations:1/repeats:50                 1.32 us         1.32 us            1 L1-dcache-loads=1.227k items_per_second=24.2424M/s
BM_SELECTION_SORT/32/1/iterations:1/repeats:50                 1.40 us         1.40 us            1 L1-dcache-loads=1.227k items_per_second=22.9062M/s
BM_SELECTION_SORT/32/1/iterations:1/repeats:50                 1.36 us         1.36 us            1 L1-dcache-loads=1.227k items_per_second=23.4776M/s
BM_SELECTION_SORT/32/1/iterations:1/repeats:50                 1.28 us         1.29 us            1 L1-dcache-loads=1.227k items_per_second=24.8834M/s
BM_SELECTION_SORT/32/1/iterations:1/repeats:50                 1.33 us         1.32 us            1 L1-dcache-loads=1.227k items_per_second=24.2241M/s
BM_SELECTION_SORT/32/1/iterations:1/repeats:50                 1.38 us         1.38 us            1 L1-dcache-loads=1.227k items_per_second=23.2389M/s
BM_SELECTION_SORT/32/1/iterations:1/repeats:50                 1.39 us         1.39 us            1 L1-dcache-loads=1.227k items_per_second=22.9555M/s
BM_SELECTION_SORT/32/1/iterations:1/repeats:50                 1.43 us         1.42 us            1 L1-dcache-loads=1.227k items_per_second=22.5194M/s
BM_SELECTION_SORT/32/1/iterations:1/repeats:50                 1.35 us         1.35 us            1 L1-dcache-loads=1.227k items_per_second=23.7213M/s
BM_SELECTION_SORT/32/1/iterations:1/repeats:50                 1.32 us         1.32 us            1 L1-dcache-loads=1.227k items_per_second=24.2976M/s
BM_SELECTION_SORT/32/1/iterations:1/repeats:50                 1.32 us         1.32 us            1 L1-dcache-loads=1.227k items_per_second=24.2241M/s
BM_SELECTION_SORT/32/1/iterations:1/repeats:50                 1.43 us         1.43 us            1 L1-dcache-loads=1.227k items_per_second=22.3776M/s
BM_SELECTION_SORT/32/1/iterations:1/repeats:50                 1.37 us         1.38 us            1 L1-dcache-loads=1.227k items_per_second=23.1884M/s
BM_SELECTION_SORT/32/1/iterations:1/repeats:50                 1.32 us         1.32 us            1 L1-dcache-loads=1.227k items_per_second=24.2424M/s
BM_SELECTION_SORT/32/1/iterations:1/repeats:50                 1.38 us         1.38 us            1 L1-dcache-loads=1.227k items_per_second=23.1548M/s
BM_SELECTION_SORT/32/1/iterations:1/repeats:50                 1.44 us         1.44 us            1 L1-dcache-loads=1.227k items_per_second=22.2841M/s
BM_SELECTION_SORT/32/1/iterations:1/repeats:50                 1.39 us         1.39 us            1 L1-dcache-loads=1.227k items_per_second=22.9555M/s
BM_SELECTION_SORT/32/1/iterations:1/repeats:50                 1.38 us         1.37 us            1 L1-dcache-loads=1.227k items_per_second=23.2727M/s
BM_SELECTION_SORT/32/1/iterations:1/repeats:50                 1.49 us         1.49 us            1 L1-dcache-loads=1.227k items_per_second=21.4477M/s
BM_SELECTION_SORT/32/1/iterations:1/repeats:50                 1.34 us         1.34 us            1 L1-dcache-loads=1.227k items_per_second=23.8273M/s
BM_SELECTION_SORT/32/1/iterations:1/repeats:50                 1.36 us         1.36 us            1 L1-dcache-loads=1.227k items_per_second=23.5814M/s
BM_SELECTION_SORT/32/1/iterations:1/repeats:50                 1.31 us         1.31 us            1 L1-dcache-loads=1.227k items_per_second=24.4275M/s
BM_SELECTION_SORT/32/1/iterations:1/repeats:50                 1.36 us         1.36 us            1 L1-dcache-loads=1.227k items_per_second=23.4776M/s
BM_SELECTION_SORT/32/1/iterations:1/repeats:50                 1.41 us         1.41 us            1 L1-dcache-loads=1.227k items_per_second=22.7434M/s
BM_SELECTION_SORT/32/1/iterations:1/repeats:50_mean            1.38 us         1.38 us           50 L1-dcache-loads=1.227k items_per_second=23.2266M/s
BM_SELECTION_SORT/32/1/iterations:1/repeats:50_median          1.38 us         1.38 us           50 L1-dcache-loads=1.227k items_per_second=23.1381M/s
BM_SELECTION_SORT/32/1/iterations:1/repeats:50_stddev         0.046 us        0.045 us           50 L1-dcache-loads=0 items_per_second=762.315k/s
BM_SELECTION_SORT/32/1/iterations:1/repeats:50_cv              3.35 %          3.27 %            50 L1-dcache-loads=0.00% items_per_second=3.28%
BM_SELECTION_SORT/64/1/iterations:1/repeats:50                 3.05 us         3.04 us            1 L1-dcache-loads=3.387k items_per_second=21.0596M/s
BM_SELECTION_SORT/64/1/iterations:1/repeats:50                 3.16 us         3.16 us            1 L1-dcache-loads=3.387k items_per_second=20.266M/s
BM_SELECTION_SORT/64/1/iterations:1/repeats:50                 3.15 us         3.15 us            1 L1-dcache-loads=3.387k items_per_second=20.3304M/s
BM_SELECTION_SORT/64/1/iterations:1/repeats:50                 2.99 us         2.98 us            1 L1-dcache-loads=3.387k items_per_second=21.4982M/s
BM_SELECTION_SORT/64/1/iterations:1/repeats:50                 2.98 us         2.98 us            1 L1-dcache-loads=3.387k items_per_second=21.4621M/s
BM_SELECTION_SORT/64/1/iterations:1/repeats:50                 3.03 us         3.03 us            1 L1-dcache-loads=3.387k items_per_second=21.1221M/s
BM_SELECTION_SORT/64/1/iterations:1/repeats:50                 2.92 us         2.91 us            1 L1-dcache-loads=3.387k items_per_second=21.9629M/s
BM_SELECTION_SORT/64/1/iterations:1/repeats:50                 2.99 us         2.99 us            1 L1-dcache-loads=3.387k items_per_second=21.3904M/s
BM_SELECTION_SORT/64/1/iterations:1/repeats:50                 3.01 us         3.01 us            1 L1-dcache-loads=3.387k items_per_second=21.2413M/s
BM_SELECTION_SORT/64/1/iterations:1/repeats:50                 3.09 us         3.09 us            1 L1-dcache-loads=3.387k items_per_second=20.7254M/s
BM_SELECTION_SORT/64/1/iterations:1/repeats:50                 2.93 us         2.93 us            1 L1-dcache-loads=3.387k items_per_second=21.8505M/s
BM_SELECTION_SORT/64/1/iterations:1/repeats:50                 2.93 us         2.93 us            1 L1-dcache-loads=3.387k items_per_second=21.843M/s
BM_SELECTION_SORT/64/1/iterations:1/repeats:50                 2.99 us         2.99 us            1 L1-dcache-loads=3.387k items_per_second=21.3761M/s
BM_SELECTION_SORT/64/1/iterations:1/repeats:50                 3.08 us         3.08 us            1 L1-dcache-loads=3.387k items_per_second=20.7927M/s
BM_SELECTION_SORT/64/1/iterations:1/repeats:50                 3.05 us         3.06 us            1 L1-dcache-loads=3.387k items_per_second=20.915M/s
BM_SELECTION_SORT/64/1/iterations:1/repeats:50                 3.03 us         3.03 us            1 L1-dcache-loads=3.387k items_per_second=21.1151M/s
BM_SELECTION_SORT/64/1/iterations:1/repeats:50                 3.10 us         3.10 us            1 L1-dcache-loads=3.387k items_per_second=20.6585M/s
BM_SELECTION_SORT/64/1/iterations:1/repeats:50                 3.16 us         3.15 us            1 L1-dcache-loads=3.387k items_per_second=20.2981M/s
BM_SELECTION_SORT/64/1/iterations:1/repeats:50                 3.15 us         3.15 us            1 L1-dcache-loads=3.387k items_per_second=20.2981M/s
BM_SELECTION_SORT/64/1/iterations:1/repeats:50                 3.10 us         3.09 us            1 L1-dcache-loads=3.387k items_per_second=20.6919M/s
BM_SELECTION_SORT/64/1/iterations:1/repeats:50                 3.17 us         3.17 us            1 L1-dcache-loads=3.387k items_per_second=20.2148M/s
BM_SELECTION_SORT/64/1/iterations:1/repeats:50                 3.10 us         3.11 us            1 L1-dcache-loads=3.387k items_per_second=20.5788M/s
BM_SELECTION_SORT/64/1/iterations:1/repeats:50                 2.98 us         2.98 us            1 L1-dcache-loads=3.387k items_per_second=21.4909M/s
BM_SELECTION_SORT/64/1/iterations:1/repeats:50                 3.11 us         3.11 us            1 L1-dcache-loads=3.387k items_per_second=20.5457M/s
BM_SELECTION_SORT/64/1/iterations:1/repeats:50                 2.96 us         2.96 us            1 L1-dcache-loads=3.387k items_per_second=21.6509M/s
BM_SELECTION_SORT/64/1/iterations:1/repeats:50                 3.05 us         3.05 us            1 L1-dcache-loads=3.387k items_per_second=20.9767M/s
BM_SELECTION_SORT/64/1/iterations:1/repeats:50                 3.14 us         3.14 us            1 L1-dcache-loads=3.387k items_per_second=20.4082M/s
BM_SELECTION_SORT/64/1/iterations:1/repeats:50                 2.96 us         2.95 us            1 L1-dcache-loads=3.387k items_per_second=21.6949M/s
BM_SELECTION_SORT/64/1/iterations:1/repeats:50                 3.14 us         3.14 us            1 L1-dcache-loads=3.387k items_per_second=20.4082M/s
BM_SELECTION_SORT/64/1/iterations:1/repeats:50                 3.20 us         3.20 us            1 L1-dcache-loads=3.387k items_per_second=19.9875M/s
BM_SELECTION_SORT/64/1/iterations:1/repeats:50                 3.18 us         3.18 us            1 L1-dcache-loads=3.387k items_per_second=20.1068M/s
BM_SELECTION_SORT/64/1/iterations:1/repeats:50                 3.17 us         3.16 us            1 L1-dcache-loads=3.387k items_per_second=20.2276M/s
BM_SELECTION_SORT/64/1/iterations:1/repeats:50                 3.13 us         3.12 us            1 L1-dcache-loads=3.387k items_per_second=20.48M/s
BM_SELECTION_SORT/64/1/iterations:1/repeats:50                 3.04 us         3.02 us            1 L1-dcache-loads=3.387k items_per_second=21.157M/s
BM_SELECTION_SORT/64/1/iterations:1/repeats:50                 3.07 us         3.07 us            1 L1-dcache-loads=3.387k items_per_second=20.8537M/s
BM_SELECTION_SORT/64/1/iterations:1/repeats:50                 3.09 us         3.09 us            1 L1-dcache-loads=3.387k items_per_second=20.7053M/s
BM_SELECTION_SORT/64/1/iterations:1/repeats:50                 3.28 us         3.28 us            1 L1-dcache-loads=3.387k items_per_second=19.5122M/s
BM_SELECTION_SORT/64/1/iterations:1/repeats:50                 3.06 us         3.06 us            1 L1-dcache-loads=3.387k items_per_second=20.9082M/s
BM_SELECTION_SORT/64/1/iterations:1/repeats:50                 3.02 us         3.02 us            1 L1-dcache-loads=3.387k items_per_second=21.164M/s
BM_SELECTION_SORT/64/1/iterations:1/repeats:50                 3.02 us         3.01 us            1 L1-dcache-loads=3.387k items_per_second=21.2413M/s
BM_SELECTION_SORT/64/1/iterations:1/repeats:50                 2.84 us         2.84 us            1 L1-dcache-loads=3.387k items_per_second=22.5273M/s
BM_SELECTION_SORT/64/1/iterations:1/repeats:50                 3.03 us         3.03 us            1 L1-dcache-loads=3.387k items_per_second=21.15M/s
BM_SELECTION_SORT/64/1/iterations:1/repeats:50                 3.22 us         3.22 us            1 L1-dcache-loads=3.387k items_per_second=19.8634M/s
BM_SELECTION_SORT/64/1/iterations:1/repeats:50                 3.00 us         3.00 us            1 L1-dcache-loads=3.387k items_per_second=21.312M/s
BM_SELECTION_SORT/64/1/iterations:1/repeats:50                 2.98 us         2.98 us            1 L1-dcache-loads=3.387k items_per_second=21.5054M/s
BM_SELECTION_SORT/64/1/iterations:1/repeats:50                 3.03 us         3.04 us            1 L1-dcache-loads=3.387k items_per_second=21.0734M/s
BM_SELECTION_SORT/64/1/iterations:1/repeats:50                 2.98 us         2.98 us            1 L1-dcache-loads=3.387k items_per_second=21.4765M/s
BM_SELECTION_SORT/64/1/iterations:1/repeats:50                 3.13 us         3.13 us            1 L1-dcache-loads=3.387k items_per_second=20.4212M/s
BM_SELECTION_SORT/64/1/iterations:1/repeats:50                 3.06 us         3.06 us            1 L1-dcache-loads=3.387k items_per_second=20.9287M/s
BM_SELECTION_SORT/64/1/iterations:1/repeats:50                 2.98 us         2.98 us            1 L1-dcache-loads=3.387k items_per_second=21.4621M/s
BM_SELECTION_SORT/64/1/iterations:1/repeats:50_mean            3.06 us         3.06 us           50 L1-dcache-loads=3.387k items_per_second=20.9386M/s
BM_SELECTION_SORT/64/1/iterations:1/repeats:50_median          3.05 us         3.05 us           50 L1-dcache-loads=3.387k items_per_second=20.9527M/s
BM_SELECTION_SORT/64/1/iterations:1/repeats:50_stddev         0.089 us        0.089 us           50 L1-dcache-loads=0 items_per_second=607.647k/s
BM_SELECTION_SORT/64/1/iterations:1/repeats:50_cv              2.91 %          2.90 %            50 L1-dcache-loads=0.00% items_per_second=2.90%
BM_SELECTION_SORT/128/1/iterations:1/repeats:50                7.21 us         7.20 us            1 L1-dcache-loads=10.779k items_per_second=17.7802M/s
BM_SELECTION_SORT/128/1/iterations:1/repeats:50                7.05 us         7.04 us            1 L1-dcache-loads=10.779k items_per_second=18.1715M/s
BM_SELECTION_SORT/128/1/iterations:1/repeats:50                7.80 us         7.80 us            1 L1-dcache-loads=10.779k items_per_second=16.406M/s
BM_SELECTION_SORT/128/1/iterations:1/repeats:50                7.14 us         7.13 us            1 L1-dcache-loads=10.779k items_per_second=17.9498M/s
BM_SELECTION_SORT/128/1/iterations:1/repeats:50                7.46 us         7.47 us            1 L1-dcache-loads=10.779k items_per_second=17.1375M/s
BM_SELECTION_SORT/128/1/iterations:1/repeats:50                7.18 us         7.17 us            1 L1-dcache-loads=10.779k items_per_second=17.8447M/s
BM_SELECTION_SORT/128/1/iterations:1/repeats:50                7.79 us         7.79 us            1 L1-dcache-loads=10.779k items_per_second=16.4334M/s
BM_SELECTION_SORT/128/1/iterations:1/repeats:50                7.35 us         7.35 us            1 L1-dcache-loads=10.779k items_per_second=17.4244M/s
BM_SELECTION_SORT/128/1/iterations:1/repeats:50                7.31 us         7.31 us            1 L1-dcache-loads=10.779k items_per_second=17.5055M/s
BM_SELECTION_SORT/128/1/iterations:1/repeats:50                7.29 us         7.28 us            1 L1-dcache-loads=10.779k items_per_second=17.5752M/s
BM_SELECTION_SORT/128/1/iterations:1/repeats:50                7.04 us         7.03 us            1 L1-dcache-loads=10.779k items_per_second=18.2051M/s
BM_SELECTION_SORT/128/1/iterations:1/repeats:50                7.14 us         7.14 us            1 L1-dcache-loads=10.779k items_per_second=17.9372M/s
BM_SELECTION_SORT/128/1/iterations:1/repeats:50                7.27 us         7.26 us            1 L1-dcache-loads=10.779k items_per_second=17.626M/s
BM_SELECTION_SORT/128/1/iterations:1/repeats:50                7.18 us         7.17 us            1 L1-dcache-loads=10.779k items_per_second=17.8397M/s
BM_SELECTION_SORT/128/1/iterations:1/repeats:50                6.94 us         6.94 us            1 L1-dcache-loads=10.779k items_per_second=18.4438M/s
BM_SELECTION_SORT/128/1/iterations:1/repeats:50                7.76 us         7.76 us            1 L1-dcache-loads=10.779k items_per_second=16.4991M/s
BM_SELECTION_SORT/128/1/iterations:1/repeats:50                7.40 us         7.40 us            1 L1-dcache-loads=10.779k items_per_second=17.2973M/s
BM_SELECTION_SORT/128/1/iterations:1/repeats:50                7.46 us         7.44 us            1 L1-dcache-loads=10.779k items_per_second=17.1927M/s
BM_SELECTION_SORT/128/1/iterations:1/repeats:50                7.16 us         7.16 us            1 L1-dcache-loads=10.779k items_per_second=17.8671M/s
BM_SELECTION_SORT/128/1/iterations:1/repeats:50                7.43 us         7.43 us            1 L1-dcache-loads=10.779k items_per_second=17.2344M/s
BM_SELECTION_SORT/128/1/iterations:1/repeats:50                7.57 us         7.57 us            1 L1-dcache-loads=10.779k items_per_second=16.9133M/s
BM_SELECTION_SORT/128/1/iterations:1/repeats:50                7.03 us         7.04 us            1 L1-dcache-loads=10.779k items_per_second=18.1844M/s
BM_SELECTION_SORT/128/1/iterations:1/repeats:50                7.38 us         7.38 us            1 L1-dcache-loads=10.779k items_per_second=17.3348M/s
BM_SELECTION_SORT/128/1/iterations:1/repeats:50                7.00 us         7.00 us            1 L1-dcache-loads=10.779k items_per_second=18.2857M/s
BM_SELECTION_SORT/128/1/iterations:1/repeats:50                7.30 us         7.30 us            1 L1-dcache-loads=10.779k items_per_second=17.5391M/s
BM_SELECTION_SORT/128/1/iterations:1/repeats:50                7.26 us         7.26 us            1 L1-dcache-loads=10.779k items_per_second=17.6236M/s
BM_SELECTION_SORT/128/1/iterations:1/repeats:50                7.25 us         7.26 us            1 L1-dcache-loads=10.779k items_per_second=17.6211M/s
BM_SELECTION_SORT/128/1/iterations:1/repeats:50                7.45 us         7.45 us            1 L1-dcache-loads=10.779k items_per_second=17.1766M/s
BM_SELECTION_SORT/128/1/iterations:1/repeats:50                7.25 us         7.24 us            1 L1-dcache-loads=10.779k items_per_second=17.6674M/s
BM_SELECTION_SORT/128/1/iterations:1/repeats:50                7.56 us         7.56 us            1 L1-dcache-loads=10.779k items_per_second=16.9223M/s
BM_SELECTION_SORT/128/1/iterations:1/repeats:50                7.25 us         7.25 us            1 L1-dcache-loads=10.779k items_per_second=17.6479M/s
BM_SELECTION_SORT/128/1/iterations:1/repeats:50                7.15 us         7.15 us            1 L1-dcache-loads=10.779k items_per_second=17.8946M/s
BM_SELECTION_SORT/128/1/iterations:1/repeats:50                7.15 us         7.15 us            1 L1-dcache-loads=10.779k items_per_second=17.9046M/s
BM_SELECTION_SORT/128/1/iterations:1/repeats:50                7.08 us         7.08 us            1 L1-dcache-loads=10.779k items_per_second=18.0765M/s
BM_SELECTION_SORT/128/1/iterations:1/repeats:50                7.22 us         7.22 us            1 L1-dcache-loads=10.779k items_per_second=17.7212M/s
BM_SELECTION_SORT/128/1/iterations:1/repeats:50                7.51 us         7.51 us            1 L1-dcache-loads=10.779k items_per_second=17.0394M/s
BM_SELECTION_SORT/128/1/iterations:1/repeats:50                7.66 us         7.65 us            1 L1-dcache-loads=10.779k items_per_second=16.7211M/s
BM_SELECTION_SORT/128/1/iterations:1/repeats:50                7.14 us         7.14 us            1 L1-dcache-loads=10.779k items_per_second=17.9146M/s
BM_SELECTION_SORT/128/1/iterations:1/repeats:50                7.18 us         7.19 us            1 L1-dcache-loads=10.779k items_per_second=17.8025M/s
BM_SELECTION_SORT/128/1/iterations:1/repeats:50                7.34 us         7.34 us            1 L1-dcache-loads=10.779k items_per_second=17.4458M/s
BM_SELECTION_SORT/128/1/iterations:1/repeats:50                7.08 us         7.08 us            1 L1-dcache-loads=10.779k items_per_second=18.0816M/s
BM_SELECTION_SORT/128/1/iterations:1/repeats:50                7.08 us         7.08 us            1 L1-dcache-loads=10.779k items_per_second=18.0842M/s
BM_SELECTION_SORT/128/1/iterations:1/repeats:50                7.36 us         7.37 us            1 L1-dcache-loads=10.779k items_per_second=17.3795M/s
BM_SELECTION_SORT/128/1/iterations:1/repeats:50                7.32 us         7.32 us            1 L1-dcache-loads=10.779k items_per_second=17.4959M/s
BM_SELECTION_SORT/128/1/iterations:1/repeats:50                7.26 us         7.26 us            1 L1-dcache-loads=10.779k items_per_second=17.6333M/s
BM_SELECTION_SORT/128/1/iterations:1/repeats:50                6.88 us         6.88 us            1 L1-dcache-loads=10.779k items_per_second=18.6182M/s
BM_SELECTION_SORT/128/1/iterations:1/repeats:50                7.18 us         7.18 us            1 L1-dcache-loads=10.779k items_per_second=17.8199M/s
BM_SELECTION_SORT/128/1/iterations:1/repeats:50                7.27 us         7.27 us            1 L1-dcache-loads=10.779k items_per_second=17.609M/s
BM_SELECTION_SORT/128/1/iterations:1/repeats:50                7.25 us         7.25 us            1 L1-dcache-loads=10.779k items_per_second=17.6454M/s
BM_SELECTION_SORT/128/1/iterations:1/repeats:50                7.31 us         7.30 us            1 L1-dcache-loads=10.779k items_per_second=17.5246M/s
BM_SELECTION_SORT/128/1/iterations:1/repeats:50_mean           7.28 us         7.28 us           50 L1-dcache-loads=10.779k items_per_second=17.594M/s
BM_SELECTION_SORT/128/1/iterations:1/repeats:50_median         7.26 us         7.26 us           50 L1-dcache-loads=10.779k items_per_second=17.6296M/s
BM_SELECTION_SORT/128/1/iterations:1/repeats:50_stddev        0.207 us        0.207 us           50 L1-dcache-loads=0 items_per_second=490.733k/s
BM_SELECTION_SORT/128/1/iterations:1/repeats:50_cv             2.84 %          2.84 %            50 L1-dcache-loads=0.00% items_per_second=2.79%
BM_SELECTION_SORT/256/1/iterations:1/repeats:50                19.1 us         19.1 us            1 L1-dcache-loads=37.851k items_per_second=13.3975M/s
BM_SELECTION_SORT/256/1/iterations:1/repeats:50                19.5 us         19.5 us            1 L1-dcache-loads=37.851k items_per_second=13.0966M/s
BM_SELECTION_SORT/256/1/iterations:1/repeats:50                19.0 us         19.0 us            1 L1-dcache-loads=37.851k items_per_second=13.4475M/s
BM_SELECTION_SORT/256/1/iterations:1/repeats:50                19.5 us         19.5 us            1 L1-dcache-loads=37.851k items_per_second=13.1349M/s
BM_SELECTION_SORT/256/1/iterations:1/repeats:50                19.5 us         19.5 us            1 L1-dcache-loads=37.851k items_per_second=13.1121M/s
BM_SELECTION_SORT/256/1/iterations:1/repeats:50                19.4 us         19.4 us            1 L1-dcache-loads=37.851k items_per_second=13.1979M/s
BM_SELECTION_SORT/256/1/iterations:1/repeats:50                19.0 us         19.0 us            1 L1-dcache-loads=37.851k items_per_second=13.4503M/s
BM_SELECTION_SORT/256/1/iterations:1/repeats:50                19.7 us         19.7 us            1 L1-dcache-loads=37.851k items_per_second=13.024M/s
BM_SELECTION_SORT/256/1/iterations:1/repeats:50                18.7 us         18.7 us            1 L1-dcache-loads=37.851k items_per_second=13.6759M/s
BM_SELECTION_SORT/256/1/iterations:1/repeats:50                19.4 us         19.4 us            1 L1-dcache-loads=37.851k items_per_second=13.2245M/s
BM_SELECTION_SORT/256/1/iterations:1/repeats:50                19.2 us         19.2 us            1 L1-dcache-loads=37.851k items_per_second=13.3556M/s
BM_SELECTION_SORT/256/1/iterations:1/repeats:50                19.3 us         19.2 us            1 L1-dcache-loads=37.851k items_per_second=13.2987M/s
BM_SELECTION_SORT/256/1/iterations:1/repeats:50                19.0 us         19.0 us            1 L1-dcache-loads=37.851k items_per_second=13.4808M/s
BM_SELECTION_SORT/256/1/iterations:1/repeats:50                19.3 us         19.3 us            1 L1-dcache-loads=37.851k items_per_second=13.2361M/s
BM_SELECTION_SORT/256/1/iterations:1/repeats:50                19.3 us         19.3 us            1 L1-dcache-loads=37.851k items_per_second=13.2808M/s
BM_SELECTION_SORT/256/1/iterations:1/repeats:50                18.8 us         18.8 us            1 L1-dcache-loads=37.851k items_per_second=13.6033M/s
BM_SELECTION_SORT/256/1/iterations:1/repeats:50                19.1 us         19.1 us            1 L1-dcache-loads=37.851k items_per_second=13.4263M/s
BM_SELECTION_SORT/256/1/iterations:1/repeats:50                18.9 us         18.9 us            1 L1-dcache-loads=37.851k items_per_second=13.5157M/s
BM_SELECTION_SORT/256/1/iterations:1/repeats:50                19.1 us         19.1 us            1 L1-dcache-loads=37.851k items_per_second=13.4059M/s
BM_SELECTION_SORT/256/1/iterations:1/repeats:50                18.9 us         18.9 us            1 L1-dcache-loads=37.851k items_per_second=13.5249M/s
BM_SELECTION_SORT/256/1/iterations:1/repeats:50                19.6 us         19.6 us            1 L1-dcache-loads=37.851k items_per_second=13.0819M/s
BM_SELECTION_SORT/256/1/iterations:1/repeats:50                19.0 us         19.0 us            1 L1-dcache-loads=37.851k items_per_second=13.4872M/s
BM_SELECTION_SORT/256/1/iterations:1/repeats:50                19.1 us         19.1 us            1 L1-dcache-loads=37.851k items_per_second=13.38M/s
BM_SELECTION_SORT/256/1/iterations:1/repeats:50                19.2 us         19.2 us            1 L1-dcache-loads=37.851k items_per_second=13.3438M/s
BM_SELECTION_SORT/256/1/iterations:1/repeats:50                19.3 us         19.3 us            1 L1-dcache-loads=37.851k items_per_second=13.2354M/s
BM_SELECTION_SORT/256/1/iterations:1/repeats:50                19.1 us         19.1 us            1 L1-dcache-loads=37.851k items_per_second=13.4003M/s
BM_SELECTION_SORT/256/1/iterations:1/repeats:50                19.2 us         19.2 us            1 L1-dcache-loads=37.851k items_per_second=13.316M/s
BM_SELECTION_SORT/256/1/iterations:1/repeats:50                19.1 us         19.1 us            1 L1-dcache-loads=37.851k items_per_second=13.3905M/s
BM_SELECTION_SORT/256/1/iterations:1/repeats:50                19.4 us         19.4 us            1 L1-dcache-loads=37.851k items_per_second=13.1809M/s
BM_SELECTION_SORT/256/1/iterations:1/repeats:50                19.2 us         19.2 us            1 L1-dcache-loads=37.851k items_per_second=13.3507M/s
BM_SELECTION_SORT/256/1/iterations:1/repeats:50                18.7 us         18.7 us            1 L1-dcache-loads=37.851k items_per_second=13.7221M/s
BM_SELECTION_SORT/256/1/iterations:1/repeats:50                18.7 us         18.7 us            1 L1-dcache-loads=37.851k items_per_second=13.7229M/s
BM_SELECTION_SORT/256/1/iterations:1/repeats:50                19.0 us         19.0 us            1 L1-dcache-loads=37.851k items_per_second=13.4787M/s
BM_SELECTION_SORT/256/1/iterations:1/repeats:50                19.0 us         19.0 us            1 L1-dcache-loads=37.851k items_per_second=13.444M/s
BM_SELECTION_SORT/256/1/iterations:1/repeats:50                19.6 us         19.6 us            1 L1-dcache-loads=37.851k items_per_second=13.0566M/s
BM_SELECTION_SORT/256/1/iterations:1/repeats:50                19.4 us         19.4 us            1 L1-dcache-loads=37.851k items_per_second=13.1857M/s
BM_SELECTION_SORT/256/1/iterations:1/repeats:50                19.1 us         19.1 us            1 L1-dcache-loads=37.851k items_per_second=13.4031M/s
BM_SELECTION_SORT/256/1/iterations:1/repeats:50                19.2 us         19.2 us            1 L1-dcache-loads=37.851k items_per_second=13.3188M/s
BM_SELECTION_SORT/256/1/iterations:1/repeats:50                19.5 us         19.5 us            1 L1-dcache-loads=37.851k items_per_second=13.1329M/s
BM_SELECTION_SORT/256/1/iterations:1/repeats:50                18.7 us         18.7 us            1 L1-dcache-loads=37.851k items_per_second=13.6898M/s
BM_SELECTION_SORT/256/1/iterations:1/repeats:50                19.0 us         19.0 us            1 L1-dcache-loads=37.851k items_per_second=13.5078M/s
BM_SELECTION_SORT/256/1/iterations:1/repeats:50                18.7 us         18.7 us            1 L1-dcache-loads=37.851k items_per_second=13.6672M/s
BM_SELECTION_SORT/256/1/iterations:1/repeats:50                18.8 us         18.8 us            1 L1-dcache-loads=37.851k items_per_second=13.5845M/s
BM_SELECTION_SORT/256/1/iterations:1/repeats:50                18.9 us         18.9 us            1 L1-dcache-loads=37.851k items_per_second=13.5486M/s
BM_SELECTION_SORT/256/1/iterations:1/repeats:50                19.5 us         19.5 us            1 L1-dcache-loads=37.851k items_per_second=13.1127M/s
BM_SELECTION_SORT/256/1/iterations:1/repeats:50                19.8 us         19.8 us            1 L1-dcache-loads=37.851k items_per_second=12.9574M/s
BM_SELECTION_SORT/256/1/iterations:1/repeats:50                20.3 us         20.3 us            1 L1-dcache-loads=37.852k items_per_second=12.6077M/s
BM_SELECTION_SORT/256/1/iterations:1/repeats:50                19.4 us         19.4 us            1 L1-dcache-loads=37.851k items_per_second=13.1755M/s
BM_SELECTION_SORT/256/1/iterations:1/repeats:50                19.7 us         19.7 us            1 L1-dcache-loads=37.851k items_per_second=12.9857M/s
BM_SELECTION_SORT/256/1/iterations:1/repeats:50                19.5 us         19.5 us            1 L1-dcache-loads=37.851k items_per_second=13.1572M/s
BM_SELECTION_SORT/256/1/iterations:1/repeats:50_mean           19.2 us         19.2 us           50 L1-dcache-loads=37.851k items_per_second=13.3303M/s
BM_SELECTION_SORT/256/1/iterations:1/repeats:50_median         19.2 us         19.2 us           50 L1-dcache-loads=37.851k items_per_second=13.3532M/s
BM_SELECTION_SORT/256/1/iterations:1/repeats:50_stddev        0.328 us        0.328 us           50 L1-dcache-loads=0.14142 items_per_second=225.526k/s
BM_SELECTION_SORT/256/1/iterations:1/repeats:50_cv             1.71 %          1.71 %            50 L1-dcache-loads=0.00% items_per_second=1.69%
BM_SELECTION_SORT/512/1/iterations:1/repeats:50                55.9 us         55.9 us            1 L1-dcache-loads=141.147k items_per_second=9.16561M/s
BM_SELECTION_SORT/512/1/iterations:1/repeats:50                56.5 us         56.5 us            1 L1-dcache-loads=141.147k items_per_second=9.05746M/s
BM_SELECTION_SORT/512/1/iterations:1/repeats:50                57.0 us         57.0 us            1 L1-dcache-loads=141.147k items_per_second=8.98908M/s
BM_SELECTION_SORT/512/1/iterations:1/repeats:50                56.3 us         56.3 us            1 L1-dcache-loads=141.147k items_per_second=9.08913M/s
BM_SELECTION_SORT/512/1/iterations:1/repeats:50                56.0 us         56.0 us            1 L1-dcache-loads=141.147k items_per_second=9.14743M/s
BM_SELECTION_SORT/512/1/iterations:1/repeats:50                57.3 us         57.3 us            1 L1-dcache-loads=141.147k items_per_second=8.94042M/s
BM_SELECTION_SORT/512/1/iterations:1/repeats:50                56.5 us         56.5 us            1 L1-dcache-loads=141.147k items_per_second=9.06291M/s
BM_SELECTION_SORT/512/1/iterations:1/repeats:50                57.0 us         57.0 us            1 L1-dcache-loads=141.147k items_per_second=8.97978M/s
BM_SELECTION_SORT/512/1/iterations:1/repeats:50                56.7 us         56.7 us            1 L1-dcache-loads=141.147k items_per_second=9.02378M/s
BM_SELECTION_SORT/512/1/iterations:1/repeats:50                55.9 us         55.9 us            1 L1-dcache-loads=141.147k items_per_second=9.16036M/s
BM_SELECTION_SORT/512/1/iterations:1/repeats:50                56.6 us         56.6 us            1 L1-dcache-loads=141.147k items_per_second=9.05281M/s
BM_SELECTION_SORT/512/1/iterations:1/repeats:50                56.9 us         56.9 us            1 L1-dcache-loads=141.147k items_per_second=8.99982M/s
BM_SELECTION_SORT/512/1/iterations:1/repeats:50                58.4 us         58.4 us            1 L1-dcache-loads=141.148k items_per_second=8.76442M/s
BM_SELECTION_SORT/512/1/iterations:1/repeats:50                56.3 us         56.3 us            1 L1-dcache-loads=141.147k items_per_second=9.10157M/s
BM_SELECTION_SORT/512/1/iterations:1/repeats:50                56.4 us         56.4 us            1 L1-dcache-loads=141.147k items_per_second=9.07303M/s
BM_SELECTION_SORT/512/1/iterations:1/repeats:50                56.2 us         56.2 us            1 L1-dcache-loads=141.147k items_per_second=9.11648M/s
BM_SELECTION_SORT/512/1/iterations:1/repeats:50                56.9 us         56.9 us            1 L1-dcache-loads=141.147k items_per_second=9.00077M/s
BM_SELECTION_SORT/512/1/iterations:1/repeats:50                56.3 us         56.3 us            1 L1-dcache-loads=141.147k items_per_second=9.0922M/s
BM_SELECTION_SORT/512/1/iterations:1/repeats:50                56.5 us         56.5 us            1 L1-dcache-loads=141.147k items_per_second=9.0557M/s
BM_SELECTION_SORT/512/1/iterations:1/repeats:50                57.0 us         57.0 us            1 L1-dcache-loads=141.147k items_per_second=8.98277M/s
BM_SELECTION_SORT/512/1/iterations:1/repeats:50                56.6 us         56.6 us            1 L1-dcache-loads=141.147k items_per_second=9.04785M/s
BM_SELECTION_SORT/512/1/iterations:1/repeats:50                55.6 us         55.6 us            1 L1-dcache-loads=141.147k items_per_second=9.2088M/s
BM_SELECTION_SORT/512/1/iterations:1/repeats:50                57.3 us         57.3 us            1 L1-dcache-loads=141.147k items_per_second=8.94104M/s
BM_SELECTION_SORT/512/1/iterations:1/repeats:50                56.3 us         56.3 us            1 L1-dcache-loads=141.147k items_per_second=9.09575M/s
BM_SELECTION_SORT/512/1/iterations:1/repeats:50                56.3 us         56.3 us            1 L1-dcache-loads=141.147k items_per_second=9.09107M/s
BM_SELECTION_SORT/512/1/iterations:1/repeats:50                56.5 us         56.5 us            1 L1-dcache-loads=141.147k items_per_second=9.06131M/s
BM_SELECTION_SORT/512/1/iterations:1/repeats:50                55.8 us         55.8 us            1 L1-dcache-loads=141.147k items_per_second=9.16873M/s
BM_SELECTION_SORT/512/1/iterations:1/repeats:50                55.4 us         55.4 us            1 L1-dcache-loads=141.147k items_per_second=9.23771M/s
BM_SELECTION_SORT/512/1/iterations:1/repeats:50                56.9 us         56.9 us            1 L1-dcache-loads=141.147k items_per_second=8.99571M/s
BM_SELECTION_SORT/512/1/iterations:1/repeats:50                57.4 us         57.4 us            1 L1-dcache-loads=141.148k items_per_second=8.92499M/s
BM_SELECTION_SORT/512/1/iterations:1/repeats:50                56.3 us         56.3 us            1 L1-dcache-loads=141.147k items_per_second=9.08913M/s
BM_SELECTION_SORT/512/1/iterations:1/repeats:50                57.0 us         57.0 us            1 L1-dcache-loads=141.147k items_per_second=8.98514M/s
BM_SELECTION_SORT/512/1/iterations:1/repeats:50                56.6 us         56.6 us            1 L1-dcache-loads=141.147k items_per_second=9.04466M/s
BM_SELECTION_SORT/512/1/iterations:1/repeats:50                55.8 us         55.8 us            1 L1-dcache-loads=141.147k items_per_second=9.16955M/s
BM_SELECTION_SORT/512/1/iterations:1/repeats:50                56.9 us         56.9 us            1 L1-dcache-loads=141.147k items_per_second=9.00156M/s
BM_SELECTION_SORT/512/1/iterations:1/repeats:50                56.9 us         56.9 us            1 L1-dcache-loads=141.147k items_per_second=8.99524M/s
BM_SELECTION_SORT/512/1/iterations:1/repeats:50                56.7 us         56.7 us            1 L1-dcache-loads=141.147k items_per_second=9.02648M/s
BM_SELECTION_SORT/512/1/iterations:1/repeats:50                56.0 us         56.0 us            1 L1-dcache-loads=141.147k items_per_second=9.14465M/s
BM_SELECTION_SORT/512/1/iterations:1/repeats:50                56.0 us         56.0 us            1 L1-dcache-loads=141.147k items_per_second=9.14792M/s
BM_SELECTION_SORT/512/1/iterations:1/repeats:50                56.9 us         56.9 us            1 L1-dcache-loads=141.147k items_per_second=8.99571M/s
BM_SELECTION_SORT/512/1/iterations:1/repeats:50                56.6 us         56.6 us            1 L1-dcache-loads=141.147k items_per_second=9.04114M/s
BM_SELECTION_SORT/512/1/iterations:1/repeats:50                56.7 us         56.7 us            1 L1-dcache-loads=141.147k items_per_second=9.02393M/s
BM_SELECTION_SORT/512/1/iterations:1/repeats:50                56.2 us         56.2 us            1 L1-dcache-loads=141.147k items_per_second=9.11454M/s
BM_SELECTION_SORT/512/1/iterations:1/repeats:50                56.7 us         56.7 us            1 L1-dcache-loads=141.147k items_per_second=9.03715M/s
BM_SELECTION_SORT/512/1/iterations:1/repeats:50                56.6 us         56.6 us            1 L1-dcache-loads=141.147k items_per_second=9.04178M/s
BM_SELECTION_SORT/512/1/iterations:1/repeats:50                57.3 us         57.3 us            1 L1-dcache-loads=141.147k items_per_second=8.93668M/s
BM_SELECTION_SORT/512/1/iterations:1/repeats:50                58.6 us         58.6 us            1 L1-dcache-loads=141.148k items_per_second=8.73243M/s
BM_SELECTION_SORT/512/1/iterations:1/repeats:50                56.4 us         56.4 us            1 L1-dcache-loads=141.147k items_per_second=9.08188M/s
BM_SELECTION_SORT/512/1/iterations:1/repeats:50                56.8 us         56.8 us            1 L1-dcache-loads=141.147k items_per_second=9.01456M/s
BM_SELECTION_SORT/512/1/iterations:1/repeats:50                56.7 us         56.7 us            1 L1-dcache-loads=141.147k items_per_second=9.02537M/s
BM_SELECTION_SORT/512/1/iterations:1/repeats:50_mean           56.6 us         56.6 us           50 L1-dcache-loads=141.147k items_per_second=9.04556M/s
BM_SELECTION_SORT/512/1/iterations:1/repeats:50_median         56.6 us         56.6 us           50 L1-dcache-loads=141.147k items_per_second=9.04626M/s
BM_SELECTION_SORT/512/1/iterations:1/repeats:50_stddev        0.595 us        0.596 us           50 L1-dcache-loads=0.239899 items_per_second=94.2936k/s
BM_SELECTION_SORT/512/1/iterations:1/repeats:50_cv             1.05 %          1.05 %            50 L1-dcache-loads=0.00% items_per_second=1.04%
BM_SELECTION_SORT/1024/1/iterations:1/repeats:50                193 us          193 us            1 L1-dcache-loads=544.347k items_per_second=5.3114M/s
BM_SELECTION_SORT/1024/1/iterations:1/repeats:50                185 us          185 us            1 L1-dcache-loads=544.347k items_per_second=5.53786M/s
BM_SELECTION_SORT/1024/1/iterations:1/repeats:50                184 us          184 us            1 L1-dcache-loads=544.348k items_per_second=5.55589M/s
BM_SELECTION_SORT/1024/1/iterations:1/repeats:50                185 us          185 us            1 L1-dcache-loads=544.347k items_per_second=5.53307M/s
BM_SELECTION_SORT/1024/1/iterations:1/repeats:50                183 us          183 us            1 L1-dcache-loads=544.347k items_per_second=5.58815M/s
BM_SELECTION_SORT/1024/1/iterations:1/repeats:50                183 us          183 us            1 L1-dcache-loads=544.347k items_per_second=5.58949M/s
BM_SELECTION_SORT/1024/1/iterations:1/repeats:50                184 us          184 us            1 L1-dcache-loads=544.347k items_per_second=5.56507M/s
BM_SELECTION_SORT/1024/1/iterations:1/repeats:50                183 us          183 us            1 L1-dcache-loads=544.347k items_per_second=5.60402M/s
BM_SELECTION_SORT/1024/1/iterations:1/repeats:50                185 us          185 us            1 L1-dcache-loads=544.348k items_per_second=5.54083M/s
BM_SELECTION_SORT/1024/1/iterations:1/repeats:50                184 us          184 us            1 L1-dcache-loads=544.347k items_per_second=5.55077M/s
BM_SELECTION_SORT/1024/1/iterations:1/repeats:50                184 us          184 us            1 L1-dcache-loads=544.347k items_per_second=5.56885M/s
BM_SELECTION_SORT/1024/1/iterations:1/repeats:50                182 us          182 us            1 L1-dcache-loads=544.347k items_per_second=5.61986M/s
BM_SELECTION_SORT/1024/1/iterations:1/repeats:50                184 us          184 us            1 L1-dcache-loads=544.347k items_per_second=5.56836M/s
BM_SELECTION_SORT/1024/1/iterations:1/repeats:50                185 us          185 us            1 L1-dcache-loads=544.348k items_per_second=5.53591M/s
BM_SELECTION_SORT/1024/1/iterations:1/repeats:50                185 us          185 us            1 L1-dcache-loads=544.347k items_per_second=5.54797M/s
BM_SELECTION_SORT/1024/1/iterations:1/repeats:50                184 us          184 us            1 L1-dcache-loads=544.347k items_per_second=5.57789M/s
BM_SELECTION_SORT/1024/1/iterations:1/repeats:50                183 us          183 us            1 L1-dcache-loads=544.347k items_per_second=5.59092M/s
BM_SELECTION_SORT/1024/1/iterations:1/repeats:50                184 us          184 us            1 L1-dcache-loads=544.347k items_per_second=5.57039M/s
BM_SELECTION_SORT/1024/1/iterations:1/repeats:50                183 us          183 us            1 L1-dcache-loads=544.347k items_per_second=5.60807M/s
BM_SELECTION_SORT/1024/1/iterations:1/repeats:50                184 us          184 us            1 L1-dcache-loads=544.348k items_per_second=5.57628M/s
BM_SELECTION_SORT/1024/1/iterations:1/repeats:50                184 us          184 us            1 L1-dcache-loads=544.347k items_per_second=5.57194M/s
BM_SELECTION_SORT/1024/1/iterations:1/repeats:50                183 us          183 us            1 L1-dcache-loads=544.347k items_per_second=5.59071M/s
BM_SELECTION_SORT/1024/1/iterations:1/repeats:50                184 us          184 us            1 L1-dcache-loads=544.347k items_per_second=5.56942M/s
BM_SELECTION_SORT/1024/1/iterations:1/repeats:50                182 us          182 us            1 L1-dcache-loads=544.347k items_per_second=5.61428M/s
BM_SELECTION_SORT/1024/1/iterations:1/repeats:50                184 us          184 us            1 L1-dcache-loads=544.348k items_per_second=5.55206M/s
BM_SELECTION_SORT/1024/1/iterations:1/repeats:50                183 us          183 us            1 L1-dcache-loads=544.347k items_per_second=5.59239M/s
BM_SELECTION_SORT/1024/1/iterations:1/repeats:50                183 us          183 us            1 L1-dcache-loads=544.347k items_per_second=5.60626M/s
BM_SELECTION_SORT/1024/1/iterations:1/repeats:50                183 us          183 us            1 L1-dcache-loads=544.347k items_per_second=5.58671M/s
BM_SELECTION_SORT/1024/1/iterations:1/repeats:50                183 us          183 us            1 L1-dcache-loads=544.347k items_per_second=5.60341M/s
BM_SELECTION_SORT/1024/1/iterations:1/repeats:50                184 us          184 us            1 L1-dcache-loads=544.347k items_per_second=5.57965M/s
BM_SELECTION_SORT/1024/1/iterations:1/repeats:50                184 us          184 us            1 L1-dcache-loads=544.348k items_per_second=5.56606M/s
BM_SELECTION_SORT/1024/1/iterations:1/repeats:50                184 us          184 us            1 L1-dcache-loads=544.347k items_per_second=5.55969M/s
BM_SELECTION_SORT/1024/1/iterations:1/repeats:50                182 us          182 us            1 L1-dcache-loads=544.347k items_per_second=5.61459M/s
BM_SELECTION_SORT/1024/1/iterations:1/repeats:50                184 us          184 us            1 L1-dcache-loads=544.347k items_per_second=5.56392M/s
BM_SELECTION_SORT/1024/1/iterations:1/repeats:50                185 us          185 us            1 L1-dcache-loads=544.347k items_per_second=5.53948M/s
BM_SELECTION_SORT/1024/1/iterations:1/repeats:50                184 us          184 us            1 L1-dcache-loads=544.348k items_per_second=5.55764M/s
BM_SELECTION_SORT/1024/1/iterations:1/repeats:50                183 us          183 us            1 L1-dcache-loads=544.347k items_per_second=5.61093M/s
BM_SELECTION_SORT/1024/1/iterations:1/repeats:50                185 us          185 us            1 L1-dcache-loads=544.347k items_per_second=5.54503M/s
BM_SELECTION_SORT/1024/1/iterations:1/repeats:50                184 us          184 us            1 L1-dcache-loads=544.347k items_per_second=5.55197M/s
BM_SELECTION_SORT/1024/1/iterations:1/repeats:50                183 us          183 us            1 L1-dcache-loads=544.347k items_per_second=5.58918M/s
BM_SELECTION_SORT/1024/1/iterations:1/repeats:50                184 us          184 us            1 L1-dcache-loads=544.348k items_per_second=5.57491M/s
BM_SELECTION_SORT/1024/1/iterations:1/repeats:50                184 us          184 us            1 L1-dcache-loads=544.347k items_per_second=5.55676M/s
BM_SELECTION_SORT/1024/1/iterations:1/repeats:50                184 us          184 us            1 L1-dcache-loads=544.347k items_per_second=5.57746M/s
BM_SELECTION_SORT/1024/1/iterations:1/repeats:50                183 us          183 us            1 L1-dcache-loads=544.347k items_per_second=5.58888M/s
BM_SELECTION_SORT/1024/1/iterations:1/repeats:50                182 us          182 us            1 L1-dcache-loads=544.347k items_per_second=5.6227M/s
BM_SELECTION_SORT/1024/1/iterations:1/repeats:50                181 us          181 us            1 L1-dcache-loads=544.347k items_per_second=5.64259M/s
BM_SELECTION_SORT/1024/1/iterations:1/repeats:50                183 us          183 us            1 L1-dcache-loads=544.348k items_per_second=5.6016M/s
BM_SELECTION_SORT/1024/1/iterations:1/repeats:50                183 us          183 us            1 L1-dcache-loads=544.347k items_per_second=5.60016M/s
BM_SELECTION_SORT/1024/1/iterations:1/repeats:50                183 us          183 us            1 L1-dcache-loads=544.347k items_per_second=5.60295M/s
BM_SELECTION_SORT/1024/1/iterations:1/repeats:50                183 us          183 us            1 L1-dcache-loads=544.347k items_per_second=5.59062M/s
BM_SELECTION_SORT/1024/1/iterations:1/repeats:50_mean           184 us          184 us           50 L1-dcache-loads=544.347k items_per_second=5.5733M/s
BM_SELECTION_SORT/1024/1/iterations:1/repeats:50_median         184 us          184 us           50 L1-dcache-loads=544.347k items_per_second=5.57687M/s
BM_SELECTION_SORT/1024/1/iterations:1/repeats:50_stddev        1.56 us         1.56 us           50 L1-dcache-loads=0.388066 items_per_second=45.7332k/s
BM_SELECTION_SORT/1024/1/iterations:1/repeats:50_cv            0.85 %          0.85 %            50 L1-dcache-loads=0.00% items_per_second=0.82%
BM_SELECTION_SORT/2048/1/iterations:1/repeats:50                668 us          668 us            1 L1-dcache-loads=2.13718M items_per_second=3.06433M/s
BM_SELECTION_SORT/2048/1/iterations:1/repeats:50                642 us          642 us            1 L1-dcache-loads=2.13718M items_per_second=3.19075M/s
BM_SELECTION_SORT/2048/1/iterations:1/repeats:50                642 us          642 us            1 L1-dcache-loads=2.13718M items_per_second=3.18923M/s
BM_SELECTION_SORT/2048/1/iterations:1/repeats:50                645 us          645 us            1 L1-dcache-loads=2.13718M items_per_second=3.17565M/s
BM_SELECTION_SORT/2048/1/iterations:1/repeats:50                643 us          643 us            1 L1-dcache-loads=2.13718M items_per_second=3.18417M/s
BM_SELECTION_SORT/2048/1/iterations:1/repeats:50                643 us          643 us            1 L1-dcache-loads=2.13718M items_per_second=3.18268M/s
BM_SELECTION_SORT/2048/1/iterations:1/repeats:50                641 us          641 us            1 L1-dcache-loads=2.13718M items_per_second=3.19309M/s
BM_SELECTION_SORT/2048/1/iterations:1/repeats:50                640 us          640 us            1 L1-dcache-loads=2.13718M items_per_second=3.20191M/s
BM_SELECTION_SORT/2048/1/iterations:1/repeats:50                641 us          641 us            1 L1-dcache-loads=2.13718M items_per_second=3.19677M/s
BM_SELECTION_SORT/2048/1/iterations:1/repeats:50                644 us          644 us            1 L1-dcache-loads=2.13718M items_per_second=3.17884M/s
BM_SELECTION_SORT/2048/1/iterations:1/repeats:50                643 us          643 us            1 L1-dcache-loads=2.13718M items_per_second=3.18421M/s
BM_SELECTION_SORT/2048/1/iterations:1/repeats:50                644 us          644 us            1 L1-dcache-loads=2.13718M items_per_second=3.18234M/s
BM_SELECTION_SORT/2048/1/iterations:1/repeats:50                643 us          643 us            1 L1-dcache-loads=2.13718M items_per_second=3.18702M/s
BM_SELECTION_SORT/2048/1/iterations:1/repeats:50                644 us          644 us            1 L1-dcache-loads=2.13718M items_per_second=3.182M/s
BM_SELECTION_SORT/2048/1/iterations:1/repeats:50                641 us          641 us            1 L1-dcache-loads=2.13718M items_per_second=3.19338M/s
BM_SELECTION_SORT/2048/1/iterations:1/repeats:50                643 us          643 us            1 L1-dcache-loads=2.13718M items_per_second=3.18432M/s
BM_SELECTION_SORT/2048/1/iterations:1/repeats:50                643 us          643 us            1 L1-dcache-loads=2.13718M items_per_second=3.18542M/s
BM_SELECTION_SORT/2048/1/iterations:1/repeats:50                643 us          643 us            1 L1-dcache-loads=2.13718M items_per_second=3.18328M/s
BM_SELECTION_SORT/2048/1/iterations:1/repeats:50                642 us          642 us            1 L1-dcache-loads=2.13718M items_per_second=3.19063M/s
BM_SELECTION_SORT/2048/1/iterations:1/repeats:50                641 us          641 us            1 L1-dcache-loads=2.13718M items_per_second=3.19476M/s
BM_SELECTION_SORT/2048/1/iterations:1/repeats:50                643 us          643 us            1 L1-dcache-loads=2.13718M items_per_second=3.18387M/s
BM_SELECTION_SORT/2048/1/iterations:1/repeats:50                644 us          644 us            1 L1-dcache-loads=2.13718M items_per_second=3.17985M/s
BM_SELECTION_SORT/2048/1/iterations:1/repeats:50                641 us          641 us            1 L1-dcache-loads=2.13718M items_per_second=3.19263M/s
BM_SELECTION_SORT/2048/1/iterations:1/repeats:50                641 us          641 us            1 L1-dcache-loads=2.13718M items_per_second=3.19734M/s
BM_SELECTION_SORT/2048/1/iterations:1/repeats:50                643 us          643 us            1 L1-dcache-loads=2.13718M items_per_second=3.18539M/s
BM_SELECTION_SORT/2048/1/iterations:1/repeats:50                642 us          642 us            1 L1-dcache-loads=2.13718M items_per_second=3.1891M/s
BM_SELECTION_SORT/2048/1/iterations:1/repeats:50                645 us          645 us            1 L1-dcache-loads=2.13718M items_per_second=3.17444M/s
BM_SELECTION_SORT/2048/1/iterations:1/repeats:50                643 us          643 us            1 L1-dcache-loads=2.13718M items_per_second=3.18442M/s
BM_SELECTION_SORT/2048/1/iterations:1/repeats:50                643 us          643 us            1 L1-dcache-loads=2.13718M items_per_second=3.18302M/s
BM_SELECTION_SORT/2048/1/iterations:1/repeats:50                641 us          641 us            1 L1-dcache-loads=2.13718M items_per_second=3.19323M/s
BM_SELECTION_SORT/2048/1/iterations:1/repeats:50                641 us          641 us            1 L1-dcache-loads=2.13718M items_per_second=3.19255M/s
BM_SELECTION_SORT/2048/1/iterations:1/repeats:50                641 us          641 us            1 L1-dcache-loads=2.13718M items_per_second=3.19408M/s
BM_SELECTION_SORT/2048/1/iterations:1/repeats:50                643 us          643 us            1 L1-dcache-loads=2.13718M items_per_second=3.18513M/s
BM_SELECTION_SORT/2048/1/iterations:1/repeats:50                640 us          640 us            1 L1-dcache-loads=2.13718M items_per_second=3.19976M/s
BM_SELECTION_SORT/2048/1/iterations:1/repeats:50                643 us          643 us            1 L1-dcache-loads=2.13718M items_per_second=3.18368M/s
BM_SELECTION_SORT/2048/1/iterations:1/repeats:50                643 us          643 us            1 L1-dcache-loads=2.13718M items_per_second=3.18669M/s
BM_SELECTION_SORT/2048/1/iterations:1/repeats:50                640 us          640 us            1 L1-dcache-loads=2.13718M items_per_second=3.2005M/s
BM_SELECTION_SORT/2048/1/iterations:1/repeats:50                642 us          643 us            1 L1-dcache-loads=2.13718M items_per_second=3.18754M/s
BM_SELECTION_SORT/2048/1/iterations:1/repeats:50                643 us          643 us            1 L1-dcache-loads=2.13718M items_per_second=3.18549M/s
BM_SELECTION_SORT/2048/1/iterations:1/repeats:50                643 us          643 us            1 L1-dcache-loads=2.13718M items_per_second=3.18386M/s
BM_SELECTION_SORT/2048/1/iterations:1/repeats:50                644 us          644 us            1 L1-dcache-loads=2.13718M items_per_second=3.18216M/s
BM_SELECTION_SORT/2048/1/iterations:1/repeats:50                644 us          644 us            1 L1-dcache-loads=2.13718M items_per_second=3.18006M/s
BM_SELECTION_SORT/2048/1/iterations:1/repeats:50                643 us          643 us            1 L1-dcache-loads=2.13718M items_per_second=3.18392M/s
BM_SELECTION_SORT/2048/1/iterations:1/repeats:50                643 us          643 us            1 L1-dcache-loads=2.13718M items_per_second=3.18379M/s
BM_SELECTION_SORT/2048/1/iterations:1/repeats:50                644 us          644 us            1 L1-dcache-loads=2.13718M items_per_second=3.18207M/s
BM_SELECTION_SORT/2048/1/iterations:1/repeats:50                645 us          645 us            1 L1-dcache-loads=2.13718M items_per_second=3.17376M/s
BM_SELECTION_SORT/2048/1/iterations:1/repeats:50                643 us          643 us            1 L1-dcache-loads=2.13718M items_per_second=3.18413M/s
BM_SELECTION_SORT/2048/1/iterations:1/repeats:50                636 us          636 us            1 L1-dcache-loads=2.13718M items_per_second=3.22145M/s
BM_SELECTION_SORT/2048/1/iterations:1/repeats:50                636 us          636 us            1 L1-dcache-loads=2.13718M items_per_second=3.21829M/s
BM_SELECTION_SORT/2048/1/iterations:1/repeats:50                640 us          640 us            1 L1-dcache-loads=2.13718M items_per_second=3.20167M/s
BM_SELECTION_SORT/2048/1/iterations:1/repeats:50_mean           643 us          643 us           50 L1-dcache-loads=2.13718M items_per_second=3.18597M/s
BM_SELECTION_SORT/2048/1/iterations:1/repeats:50_median         643 us          643 us           50 L1-dcache-loads=2.13718M items_per_second=3.18526M/s
BM_SELECTION_SORT/2048/1/iterations:1/repeats:50_stddev        4.13 us         4.13 us           50 L1-dcache-loads=0.478741 items_per_second=19.8678k/s
BM_SELECTION_SORT/2048/1/iterations:1/repeats:50_cv            0.64 %          0.64 %            50 L1-dcache-loads=0.00% items_per_second=0.62%
BM_SELECTION_SORT/4096/1/iterations:1/repeats:50               2381 us         2381 us            1 L1-dcache-loads=8.46857M items_per_second=1.72032M/s
BM_SELECTION_SORT/4096/1/iterations:1/repeats:50               2365 us         2365 us            1 L1-dcache-loads=8.46857M items_per_second=1.73158M/s
BM_SELECTION_SORT/4096/1/iterations:1/repeats:50               2366 us         2366 us            1 L1-dcache-loads=8.46857M items_per_second=1.73118M/s
BM_SELECTION_SORT/4096/1/iterations:1/repeats:50               2362 us         2362 us            1 L1-dcache-loads=8.46857M items_per_second=1.73412M/s
BM_SELECTION_SORT/4096/1/iterations:1/repeats:50               2369 us         2369 us            1 L1-dcache-loads=8.46857M items_per_second=1.72909M/s
BM_SELECTION_SORT/4096/1/iterations:1/repeats:50               2369 us         2369 us            1 L1-dcache-loads=8.46857M items_per_second=1.72916M/s
BM_SELECTION_SORT/4096/1/iterations:1/repeats:50               2364 us         2364 us            1 L1-dcache-loads=8.46857M items_per_second=1.73252M/s
BM_SELECTION_SORT/4096/1/iterations:1/repeats:50               2367 us         2367 us            1 L1-dcache-loads=8.46857M items_per_second=1.73052M/s
BM_SELECTION_SORT/4096/1/iterations:1/repeats:50               2365 us         2365 us            1 L1-dcache-loads=8.46857M items_per_second=1.73194M/s
BM_SELECTION_SORT/4096/1/iterations:1/repeats:50               2367 us         2367 us            1 L1-dcache-loads=8.46857M items_per_second=1.73018M/s
BM_SELECTION_SORT/4096/1/iterations:1/repeats:50               2369 us         2369 us            1 L1-dcache-loads=8.46857M items_per_second=1.72905M/s
BM_SELECTION_SORT/4096/1/iterations:1/repeats:50               2362 us         2362 us            1 L1-dcache-loads=8.46857M items_per_second=1.73447M/s
BM_SELECTION_SORT/4096/1/iterations:1/repeats:50               2366 us         2366 us            1 L1-dcache-loads=8.46857M items_per_second=1.73087M/s
BM_SELECTION_SORT/4096/1/iterations:1/repeats:50               3864 us         2417 us            1 L1-dcache-loads=8.46858M items_per_second=1.69493M/s
BM_SELECTION_SORT/4096/1/iterations:1/repeats:50               2367 us         2367 us            1 L1-dcache-loads=8.46857M items_per_second=1.73056M/s
BM_SELECTION_SORT/4096/1/iterations:1/repeats:50               2367 us         2367 us            1 L1-dcache-loads=8.46857M items_per_second=1.73039M/s
BM_SELECTION_SORT/4096/1/iterations:1/repeats:50               2366 us         2366 us            1 L1-dcache-loads=8.46857M items_per_second=1.73123M/s
BM_SELECTION_SORT/4096/1/iterations:1/repeats:50               2367 us         2367 us            1 L1-dcache-loads=8.46857M items_per_second=1.73031M/s
BM_SELECTION_SORT/4096/1/iterations:1/repeats:50               2368 us         2368 us            1 L1-dcache-loads=8.46857M items_per_second=1.72982M/s
BM_SELECTION_SORT/4096/1/iterations:1/repeats:50               2365 us         2365 us            1 L1-dcache-loads=8.46857M items_per_second=1.73187M/s
BM_SELECTION_SORT/4096/1/iterations:1/repeats:50               2367 us         2367 us            1 L1-dcache-loads=8.46857M items_per_second=1.73066M/s
BM_SELECTION_SORT/4096/1/iterations:1/repeats:50               2363 us         2363 us            1 L1-dcache-loads=8.46857M items_per_second=1.73304M/s
BM_SELECTION_SORT/4096/1/iterations:1/repeats:50               2365 us         2365 us            1 L1-dcache-loads=8.46857M items_per_second=1.73182M/s
BM_SELECTION_SORT/4096/1/iterations:1/repeats:50               2367 us         2367 us            1 L1-dcache-loads=8.46857M items_per_second=1.73075M/s
BM_SELECTION_SORT/4096/1/iterations:1/repeats:50               2364 us         2364 us            1 L1-dcache-loads=8.46857M items_per_second=1.73244M/s
BM_SELECTION_SORT/4096/1/iterations:1/repeats:50               2364 us         2364 us            1 L1-dcache-loads=8.46857M items_per_second=1.73266M/s
BM_SELECTION_SORT/4096/1/iterations:1/repeats:50               2370 us         2370 us            1 L1-dcache-loads=8.46857M items_per_second=1.72826M/s
BM_SELECTION_SORT/4096/1/iterations:1/repeats:50               2371 us         2371 us            1 L1-dcache-loads=8.46857M items_per_second=1.72775M/s
BM_SELECTION_SORT/4096/1/iterations:1/repeats:50               2367 us         2367 us            1 L1-dcache-loads=8.46857M items_per_second=1.73024M/s
BM_SELECTION_SORT/4096/1/iterations:1/repeats:50               2363 us         2363 us            1 L1-dcache-loads=8.46857M items_per_second=1.73329M/s
BM_SELECTION_SORT/4096/1/iterations:1/repeats:50               2369 us         2369 us            1 L1-dcache-loads=8.46857M items_per_second=1.72878M/s
BM_SELECTION_SORT/4096/1/iterations:1/repeats:50               2363 us         2363 us            1 L1-dcache-loads=8.46857M items_per_second=1.73337M/s
BM_SELECTION_SORT/4096/1/iterations:1/repeats:50               2363 us         2363 us            1 L1-dcache-loads=8.46857M items_per_second=1.73322M/s
BM_SELECTION_SORT/4096/1/iterations:1/repeats:50               2399 us         2365 us            1 L1-dcache-loads=8.46857M items_per_second=1.73172M/s
BM_SELECTION_SORT/4096/1/iterations:1/repeats:50               2367 us         2367 us            1 L1-dcache-loads=8.46857M items_per_second=1.73063M/s
BM_SELECTION_SORT/4096/1/iterations:1/repeats:50               2369 us         2369 us            1 L1-dcache-loads=8.46857M items_per_second=1.7291M/s
BM_SELECTION_SORT/4096/1/iterations:1/repeats:50               2370 us         2370 us            1 L1-dcache-loads=8.46857M items_per_second=1.72824M/s
BM_SELECTION_SORT/4096/1/iterations:1/repeats:50               2370 us         2370 us            1 L1-dcache-loads=8.46857M items_per_second=1.72836M/s
BM_SELECTION_SORT/4096/1/iterations:1/repeats:50               2364 us         2364 us            1 L1-dcache-loads=8.46857M items_per_second=1.73246M/s
BM_SELECTION_SORT/4096/1/iterations:1/repeats:50               2364 us         2364 us            1 L1-dcache-loads=8.46857M items_per_second=1.73302M/s
BM_SELECTION_SORT/4096/1/iterations:1/repeats:50               2370 us         2370 us            1 L1-dcache-loads=8.46857M items_per_second=1.72827M/s
BM_SELECTION_SORT/4096/1/iterations:1/repeats:50               2362 us         2362 us            1 L1-dcache-loads=8.46857M items_per_second=1.73387M/s
BM_SELECTION_SORT/4096/1/iterations:1/repeats:50               2366 us         2366 us            1 L1-dcache-loads=8.46857M items_per_second=1.73119M/s
BM_SELECTION_SORT/4096/1/iterations:1/repeats:50               2379 us         2379 us            1 L1-dcache-loads=8.46857M items_per_second=1.72182M/s
BM_SELECTION_SORT/4096/1/iterations:1/repeats:50               2390 us         2390 us            1 L1-dcache-loads=8.46857M items_per_second=1.71399M/s
BM_SELECTION_SORT/4096/1/iterations:1/repeats:50               2375 us         2375 us            1 L1-dcache-loads=8.46857M items_per_second=1.72432M/s
BM_SELECTION_SORT/4096/1/iterations:1/repeats:50               2365 us         2365 us            1 L1-dcache-loads=8.46857M items_per_second=1.73219M/s
BM_SELECTION_SORT/4096/1/iterations:1/repeats:50               2362 us         2362 us            1 L1-dcache-loads=8.46857M items_per_second=1.734M/s
BM_SELECTION_SORT/4096/1/iterations:1/repeats:50               2370 us         2370 us            1 L1-dcache-loads=8.46857M items_per_second=1.7286M/s
BM_SELECTION_SORT/4096/1/iterations:1/repeats:50               2367 us         2367 us            1 L1-dcache-loads=8.46857M items_per_second=1.73059M/s
BM_SELECTION_SORT/4096/1/iterations:1/repeats:50_mean          2398 us         2368 us           50 L1-dcache-loads=8.46857M items_per_second=1.72946M/s
BM_SELECTION_SORT/4096/1/iterations:1/repeats:50_median        2367 us         2367 us           50 L1-dcache-loads=8.46857M items_per_second=1.73064M/s
BM_SELECTION_SORT/4096/1/iterations:1/repeats:50_stddev         212 us         8.56 us           50 L1-dcache-loads=0.818317 items_per_second=6.1627k/s
BM_SELECTION_SORT/4096/1/iterations:1/repeats:50_cv            8.83 %          0.36 %            50 L1-dcache-loads=0.00% items_per_second=0.36%
BM_SELECTION_SORT/8192/1/iterations:1/repeats:50               9066 us         9066 us            1 L1-dcache-loads=33.7143M items_per_second=903.608k/s
BM_SELECTION_SORT/8192/1/iterations:1/repeats:50               9052 us         9052 us            1 L1-dcache-loads=33.7143M items_per_second=904.98k/s
BM_SELECTION_SORT/8192/1/iterations:1/repeats:50               9280 us         9083 us            1 L1-dcache-loads=33.7143M items_per_second=901.912k/s
BM_SELECTION_SORT/8192/1/iterations:1/repeats:50               9058 us         9058 us            1 L1-dcache-loads=33.7143M items_per_second=904.438k/s
BM_SELECTION_SORT/8192/1/iterations:1/repeats:50               9066 us         9066 us            1 L1-dcache-loads=33.7143M items_per_second=903.645k/s
BM_SELECTION_SORT/8192/1/iterations:1/repeats:50               9059 us         9056 us            1 L1-dcache-loads=33.7143M items_per_second=904.633k/s
BM_SELECTION_SORT/8192/1/iterations:1/repeats:50               9053 us         9053 us            1 L1-dcache-loads=33.7143M items_per_second=904.875k/s
BM_SELECTION_SORT/8192/1/iterations:1/repeats:50               9051 us         9051 us            1 L1-dcache-loads=33.7143M items_per_second=905.083k/s
BM_SELECTION_SORT/8192/1/iterations:1/repeats:50               9053 us         9053 us            1 L1-dcache-loads=33.7143M items_per_second=904.85k/s
BM_SELECTION_SORT/8192/1/iterations:1/repeats:50               9216 us         9055 us            1 L1-dcache-loads=33.7143M items_per_second=904.696k/s
BM_SELECTION_SORT/8192/1/iterations:1/repeats:50               9045 us         9045 us            1 L1-dcache-loads=33.7143M items_per_second=905.733k/s
BM_SELECTION_SORT/8192/1/iterations:1/repeats:50               9051 us         9051 us            1 L1-dcache-loads=33.7143M items_per_second=905.132k/s
BM_SELECTION_SORT/8192/1/iterations:1/repeats:50               9044 us         9043 us            1 L1-dcache-loads=33.7143M items_per_second=905.845k/s
BM_SELECTION_SORT/8192/1/iterations:1/repeats:50               9053 us         9053 us            1 L1-dcache-loads=33.7143M items_per_second=904.933k/s
BM_SELECTION_SORT/8192/1/iterations:1/repeats:50               9049 us         9049 us            1 L1-dcache-loads=33.7143M items_per_second=905.318k/s
BM_SELECTION_SORT/8192/1/iterations:1/repeats:50               9063 us         9063 us            1 L1-dcache-loads=33.7143M items_per_second=903.903k/s
BM_SELECTION_SORT/8192/1/iterations:1/repeats:50               9056 us         9050 us            1 L1-dcache-loads=33.7143M items_per_second=905.178k/s
BM_SELECTION_SORT/8192/1/iterations:1/repeats:50               9066 us         9065 us            1 L1-dcache-loads=33.7143M items_per_second=903.659k/s
BM_SELECTION_SORT/8192/1/iterations:1/repeats:50               9052 us         9052 us            1 L1-dcache-loads=33.7143M items_per_second=905.018k/s
BM_SELECTION_SORT/8192/1/iterations:1/repeats:50               9050 us         9050 us            1 L1-dcache-loads=33.7143M items_per_second=905.148k/s
BM_SELECTION_SORT/8192/1/iterations:1/repeats:50               9045 us         9045 us            1 L1-dcache-loads=33.7143M items_per_second=905.648k/s
BM_SELECTION_SORT/8192/1/iterations:1/repeats:50               9047 us         9047 us            1 L1-dcache-loads=33.7143M items_per_second=905.468k/s
BM_SELECTION_SORT/8192/1/iterations:1/repeats:50               9048 us         9047 us            1 L1-dcache-loads=33.7143M items_per_second=905.445k/s
BM_SELECTION_SORT/8192/1/iterations:1/repeats:50               9055 us         9051 us            1 L1-dcache-loads=33.7143M items_per_second=905.062k/s
BM_SELECTION_SORT/8192/1/iterations:1/repeats:50               9059 us         9059 us            1 L1-dcache-loads=33.7143M items_per_second=904.311k/s
BM_SELECTION_SORT/8192/1/iterations:1/repeats:50               9050 us         9050 us            1 L1-dcache-loads=33.7143M items_per_second=905.153k/s
BM_SELECTION_SORT/8192/1/iterations:1/repeats:50               9058 us         9057 us            1 L1-dcache-loads=33.7143M items_per_second=904.446k/s
BM_SELECTION_SORT/8192/1/iterations:1/repeats:50               9051 us         9051 us            1 L1-dcache-loads=33.7143M items_per_second=905.137k/s
BM_SELECTION_SORT/8192/1/iterations:1/repeats:50               9047 us         9047 us            1 L1-dcache-loads=33.7143M items_per_second=905.485k/s
BM_SELECTION_SORT/8192/1/iterations:1/repeats:50               9055 us         9055 us            1 L1-dcache-loads=33.7143M items_per_second=904.683k/s
BM_SELECTION_SORT/8192/1/iterations:1/repeats:50               9052 us         9052 us            1 L1-dcache-loads=33.7143M items_per_second=905.006k/s
BM_SELECTION_SORT/8192/1/iterations:1/repeats:50               9108 us         9094 us            1 L1-dcache-loads=33.7143M items_per_second=900.815k/s
BM_SELECTION_SORT/8192/1/iterations:1/repeats:50               9051 us         9051 us            1 L1-dcache-loads=33.7143M items_per_second=905.049k/s
BM_SELECTION_SORT/8192/1/iterations:1/repeats:50               9045 us         9045 us            1 L1-dcache-loads=33.7143M items_per_second=905.717k/s
BM_SELECTION_SORT/8192/1/iterations:1/repeats:50               9059 us         9057 us            1 L1-dcache-loads=33.7143M items_per_second=904.505k/s
BM_SELECTION_SORT/8192/1/iterations:1/repeats:50               9071 us         9071 us            1 L1-dcache-loads=33.7143M items_per_second=903.146k/s
BM_SELECTION_SORT/8192/1/iterations:1/repeats:50               9047 us         9047 us            1 L1-dcache-loads=33.7143M items_per_second=905.459k/s
BM_SELECTION_SORT/8192/1/iterations:1/repeats:50               9059 us         9059 us            1 L1-dcache-loads=33.7143M items_per_second=904.29k/s
BM_SELECTION_SORT/8192/1/iterations:1/repeats:50               9043 us         9043 us            1 L1-dcache-loads=33.7143M items_per_second=905.924k/s
BM_SELECTION_SORT/8192/1/iterations:1/repeats:50               9049 us         9049 us            1 L1-dcache-loads=33.7143M items_per_second=905.311k/s
BM_SELECTION_SORT/8192/1/iterations:1/repeats:50               9058 us         9058 us            1 L1-dcache-loads=33.7143M items_per_second=904.389k/s
BM_SELECTION_SORT/8192/1/iterations:1/repeats:50               9058 us         9058 us            1 L1-dcache-loads=33.7143M items_per_second=904.402k/s
BM_SELECTION_SORT/8192/1/iterations:1/repeats:50               9053 us         9053 us            1 L1-dcache-loads=33.7143M items_per_second=904.854k/s
BM_SELECTION_SORT/8192/1/iterations:1/repeats:50               9050 us         9050 us            1 L1-dcache-loads=33.7143M items_per_second=905.219k/s
BM_SELECTION_SORT/8192/1/iterations:1/repeats:50               9050 us         9050 us            1 L1-dcache-loads=33.7143M items_per_second=905.149k/s
BM_SELECTION_SORT/8192/1/iterations:1/repeats:50               9064 us         9064 us            1 L1-dcache-loads=33.7143M items_per_second=903.844k/s
BM_SELECTION_SORT/8192/1/iterations:1/repeats:50               9049 us         9049 us            1 L1-dcache-loads=33.7143M items_per_second=905.339k/s
BM_SELECTION_SORT/8192/1/iterations:1/repeats:50               9052 us         9052 us            1 L1-dcache-loads=33.7143M items_per_second=905.02k/s
BM_SELECTION_SORT/8192/1/iterations:1/repeats:50               9055 us         9055 us            1 L1-dcache-loads=33.7143M items_per_second=904.717k/s
BM_SELECTION_SORT/8192/1/iterations:1/repeats:50               9056 us         9056 us            1 L1-dcache-loads=33.7143M items_per_second=904.617k/s
BM_SELECTION_SORT/8192/1/iterations:1/repeats:50_mean          9062 us         9055 us           50 L1-dcache-loads=33.7143M items_per_second=904.724k/s
BM_SELECTION_SORT/8192/1/iterations:1/repeats:50_median        9053 us         9052 us           50 L1-dcache-loads=33.7143M items_per_second=904.993k/s
BM_SELECTION_SORT/8192/1/iterations:1/repeats:50_stddev        40.0 us         9.33 us           50 L1-dcache-loads=0.505076 items_per_second=930.148/s
BM_SELECTION_SORT/8192/1/iterations:1/repeats:50_cv            0.44 %          0.10 %            50 L1-dcache-loads=0.00% items_per_second=0.10%
BM_SELECTION_SORT/16384/1/iterations:1/repeats:50             35399 us        35397 us            1 L1-dcache-loads=134.537M items_per_second=462.868k/s
BM_SELECTION_SORT/16384/1/iterations:1/repeats:50             35402 us        35402 us            1 L1-dcache-loads=134.537M items_per_second=462.803k/s
BM_SELECTION_SORT/16384/1/iterations:1/repeats:50             35392 us        35392 us            1 L1-dcache-loads=134.537M items_per_second=462.927k/s
BM_SELECTION_SORT/16384/1/iterations:1/repeats:50             35394 us        35394 us            1 L1-dcache-loads=134.537M items_per_second=462.909k/s
BM_SELECTION_SORT/16384/1/iterations:1/repeats:50             35387 us        35387 us            1 L1-dcache-loads=134.537M items_per_second=462.998k/s
BM_SELECTION_SORT/16384/1/iterations:1/repeats:50             35394 us        35393 us            1 L1-dcache-loads=134.537M items_per_second=462.911k/s
BM_SELECTION_SORT/16384/1/iterations:1/repeats:50             35384 us        35384 us            1 L1-dcache-loads=134.537M items_per_second=463.038k/s
BM_SELECTION_SORT/16384/1/iterations:1/repeats:50             35386 us        35386 us            1 L1-dcache-loads=134.537M items_per_second=463.009k/s
BM_SELECTION_SORT/16384/1/iterations:1/repeats:50             35380 us        35379 us            1 L1-dcache-loads=134.537M items_per_second=463.095k/s
BM_SELECTION_SORT/16384/1/iterations:1/repeats:50             35461 us        35461 us            1 L1-dcache-loads=134.537M items_per_second=462.031k/s
BM_SELECTION_SORT/16384/1/iterations:1/repeats:50             35380 us        35380 us            1 L1-dcache-loads=134.537M items_per_second=463.089k/s
BM_SELECTION_SORT/16384/1/iterations:1/repeats:50             35381 us        35380 us            1 L1-dcache-loads=134.537M items_per_second=463.082k/s
BM_SELECTION_SORT/16384/1/iterations:1/repeats:50             35380 us        35379 us            1 L1-dcache-loads=134.537M items_per_second=463.096k/s
BM_SELECTION_SORT/16384/1/iterations:1/repeats:50             35393 us        35392 us            1 L1-dcache-loads=134.537M items_per_second=462.923k/s
BM_SELECTION_SORT/16384/1/iterations:1/repeats:50             35369 us        35369 us            1 L1-dcache-loads=134.537M items_per_second=463.231k/s
BM_SELECTION_SORT/16384/1/iterations:1/repeats:50             35665 us        35373 us            1 L1-dcache-loads=134.537M items_per_second=463.18k/s
BM_SELECTION_SORT/16384/1/iterations:1/repeats:50             35472 us        35376 us            1 L1-dcache-loads=134.537M items_per_second=463.134k/s
BM_SELECTION_SORT/16384/1/iterations:1/repeats:50             35384 us        35383 us            1 L1-dcache-loads=134.537M items_per_second=463.041k/s
BM_SELECTION_SORT/16384/1/iterations:1/repeats:50             35541 us        35411 us            1 L1-dcache-loads=134.537M items_per_second=462.682k/s
BM_SELECTION_SORT/16384/1/iterations:1/repeats:50             35391 us        35391 us            1 L1-dcache-loads=134.537M items_per_second=462.945k/s
BM_SELECTION_SORT/16384/1/iterations:1/repeats:50             35405 us        35405 us            1 L1-dcache-loads=134.537M items_per_second=462.758k/s
BM_SELECTION_SORT/16384/1/iterations:1/repeats:50             35380 us        35380 us            1 L1-dcache-loads=134.537M items_per_second=463.084k/s
BM_SELECTION_SORT/16384/1/iterations:1/repeats:50             35371 us        35367 us            1 L1-dcache-loads=134.537M items_per_second=463.261k/s
BM_SELECTION_SORT/16384/1/iterations:1/repeats:50             35391 us        35391 us            1 L1-dcache-loads=134.537M items_per_second=462.939k/s
BM_SELECTION_SORT/16384/1/iterations:1/repeats:50             35367 us        35367 us            1 L1-dcache-loads=134.537M items_per_second=463.26k/s
BM_SELECTION_SORT/16384/1/iterations:1/repeats:50             35394 us        35393 us            1 L1-dcache-loads=134.537M items_per_second=462.912k/s
BM_SELECTION_SORT/16384/1/iterations:1/repeats:50             35397 us        35396 us            1 L1-dcache-loads=134.537M items_per_second=462.871k/s
BM_SELECTION_SORT/16384/1/iterations:1/repeats:50             35355 us        35355 us            1 L1-dcache-loads=134.537M items_per_second=463.416k/s
BM_SELECTION_SORT/16384/1/iterations:1/repeats:50             35372 us        35372 us            1 L1-dcache-loads=134.537M items_per_second=463.191k/s
BM_SELECTION_SORT/16384/1/iterations:1/repeats:50             35382 us        35382 us            1 L1-dcache-loads=134.537M items_per_second=463.064k/s
BM_SELECTION_SORT/16384/1/iterations:1/repeats:50             35361 us        35361 us            1 L1-dcache-loads=134.537M items_per_second=463.34k/s
BM_SELECTION_SORT/16384/1/iterations:1/repeats:50             35381 us        35381 us            1 L1-dcache-loads=134.537M items_per_second=463.07k/s
BM_SELECTION_SORT/16384/1/iterations:1/repeats:50             35370 us        35370 us            1 L1-dcache-loads=134.537M items_per_second=463.218k/s
BM_SELECTION_SORT/16384/1/iterations:1/repeats:50             35367 us        35367 us            1 L1-dcache-loads=134.537M items_per_second=463.257k/s
BM_SELECTION_SORT/16384/1/iterations:1/repeats:50             35372 us        35371 us            1 L1-dcache-loads=134.537M items_per_second=463.198k/s
BM_SELECTION_SORT/16384/1/iterations:1/repeats:50             35385 us        35385 us            1 L1-dcache-loads=134.537M items_per_second=463.027k/s
BM_SELECTION_SORT/16384/1/iterations:1/repeats:50             35369 us        35363 us            1 L1-dcache-loads=134.537M items_per_second=463.304k/s
BM_SELECTION_SORT/16384/1/iterations:1/repeats:50             35390 us        35390 us            1 L1-dcache-loads=134.537M items_per_second=462.958k/s
BM_SELECTION_SORT/16384/1/iterations:1/repeats:50             35399 us        35395 us            1 L1-dcache-loads=134.537M items_per_second=462.894k/s
BM_SELECTION_SORT/16384/1/iterations:1/repeats:50             35380 us        35380 us            1 L1-dcache-loads=134.537M items_per_second=463.086k/s
BM_SELECTION_SORT/16384/1/iterations:1/repeats:50             35384 us        35384 us            1 L1-dcache-loads=134.537M items_per_second=463.04k/s
BM_SELECTION_SORT/16384/1/iterations:1/repeats:50             35360 us        35360 us            1 L1-dcache-loads=134.537M items_per_second=463.352k/s
BM_SELECTION_SORT/16384/1/iterations:1/repeats:50             35357 us        35352 us            1 L1-dcache-loads=134.537M items_per_second=463.452k/s
BM_SELECTION_SORT/16384/1/iterations:1/repeats:50             35380 us        35365 us            1 L1-dcache-loads=134.537M items_per_second=463.28k/s
BM_SELECTION_SORT/16384/1/iterations:1/repeats:50             35351 us        35351 us            1 L1-dcache-loads=134.537M items_per_second=463.47k/s
BM_SELECTION_SORT/16384/1/iterations:1/repeats:50             35688 us        35405 us            1 L1-dcache-loads=134.537M items_per_second=462.757k/s
BM_SELECTION_SORT/16384/1/iterations:1/repeats:50             35387 us        35386 us            1 L1-dcache-loads=134.537M items_per_second=463.004k/s
BM_SELECTION_SORT/16384/1/iterations:1/repeats:50             35527 us        35396 us            1 L1-dcache-loads=134.537M items_per_second=462.872k/s
BM_SELECTION_SORT/16384/1/iterations:1/repeats:50             35390 us        35390 us            1 L1-dcache-loads=134.537M items_per_second=462.954k/s
BM_SELECTION_SORT/16384/1/iterations:1/repeats:50             35394 us        35391 us            1 L1-dcache-loads=134.537M items_per_second=462.94k/s
BM_SELECTION_SORT/16384/1/iterations:1/repeats:50_mean        35403 us        35383 us           50 L1-dcache-loads=134.537M items_per_second=463.044k/s
BM_SELECTION_SORT/16384/1/iterations:1/repeats:50_median      35384 us        35384 us           50 L1-dcache-loads=134.537M items_per_second=463.04k/s
BM_SELECTION_SORT/16384/1/iterations:1/repeats:50_stddev       67.0 us         18.0 us           50 L1-dcache-loads=0 items_per_second=235.13/s
BM_SELECTION_SORT/16384/1/iterations:1/repeats:50_cv           0.19 %          0.05 %            50 L1-dcache-loads=0.00% items_per_second=0.05%
BM_SELECTION_SORT/32768/1/iterations:1/repeats:50            139848 us       139840 us            1 L1-dcache-loads=537.51M items_per_second=234.325k/s
BM_SELECTION_SORT/32768/1/iterations:1/repeats:50            139810 us       139810 us            1 L1-dcache-loads=537.51M items_per_second=234.376k/s
BM_SELECTION_SORT/32768/1/iterations:1/repeats:50            139800 us       139797 us            1 L1-dcache-loads=537.51M items_per_second=234.397k/s
BM_SELECTION_SORT/32768/1/iterations:1/repeats:50            140336 us       140335 us            1 L1-dcache-loads=537.51M items_per_second=233.498k/s
BM_SELECTION_SORT/32768/1/iterations:1/repeats:50            139849 us       139841 us            1 L1-dcache-loads=537.51M items_per_second=234.324k/s
BM_SELECTION_SORT/32768/1/iterations:1/repeats:50            139865 us       139790 us            1 L1-dcache-loads=537.51M items_per_second=234.408k/s
BM_SELECTION_SORT/32768/1/iterations:1/repeats:50            139846 us       139688 us            1 L1-dcache-loads=537.51M items_per_second=234.58k/s
BM_SELECTION_SORT/32768/1/iterations:1/repeats:50            139693 us       139688 us            1 L1-dcache-loads=537.51M items_per_second=234.58k/s
BM_SELECTION_SORT/32768/1/iterations:1/repeats:50            139666 us       139656 us            1 L1-dcache-loads=537.51M items_per_second=234.634k/s
BM_SELECTION_SORT/32768/1/iterations:1/repeats:50            139681 us       139680 us            1 L1-dcache-loads=537.51M items_per_second=234.593k/s
BM_SELECTION_SORT/32768/1/iterations:1/repeats:50            139817 us       139812 us            1 L1-dcache-loads=537.51M items_per_second=234.372k/s
BM_SELECTION_SORT/32768/1/iterations:1/repeats:50            139797 us       139793 us            1 L1-dcache-loads=537.51M items_per_second=234.403k/s
BM_SELECTION_SORT/32768/1/iterations:1/repeats:50            141163 us       139736 us            1 L1-dcache-loads=537.51M items_per_second=234.5k/s
BM_SELECTION_SORT/32768/1/iterations:1/repeats:50            139918 us       139714 us            1 L1-dcache-loads=537.51M items_per_second=234.536k/s
BM_SELECTION_SORT/32768/1/iterations:1/repeats:50            140008 us       139870 us            1 L1-dcache-loads=537.51M items_per_second=234.275k/s
BM_SELECTION_SORT/32768/1/iterations:1/repeats:50            139786 us       139785 us            1 L1-dcache-loads=537.51M items_per_second=234.417k/s
BM_SELECTION_SORT/32768/1/iterations:1/repeats:50            139724 us       139721 us            1 L1-dcache-loads=537.51M items_per_second=234.524k/s
BM_SELECTION_SORT/32768/1/iterations:1/repeats:50            139741 us       139740 us            1 L1-dcache-loads=537.51M items_per_second=234.493k/s
BM_SELECTION_SORT/32768/1/iterations:1/repeats:50            139722 us       139721 us            1 L1-dcache-loads=537.51M items_per_second=234.525k/s
BM_SELECTION_SORT/32768/1/iterations:1/repeats:50            139918 us       139911 us            1 L1-dcache-loads=537.51M items_per_second=234.206k/s
BM_SELECTION_SORT/32768/1/iterations:1/repeats:50            139935 us       139877 us            1 L1-dcache-loads=537.51M items_per_second=234.262k/s
BM_SELECTION_SORT/32768/1/iterations:1/repeats:50            140061 us       139901 us            1 L1-dcache-loads=537.51M items_per_second=234.222k/s
BM_SELECTION_SORT/32768/1/iterations:1/repeats:50            139847 us       139846 us            1 L1-dcache-loads=537.51M items_per_second=234.315k/s
BM_SELECTION_SORT/32768/1/iterations:1/repeats:50            139802 us       139801 us            1 L1-dcache-loads=537.51M items_per_second=234.39k/s
BM_SELECTION_SORT/32768/1/iterations:1/repeats:50            139825 us       139821 us            1 L1-dcache-loads=537.51M items_per_second=234.357k/s
BM_SELECTION_SORT/32768/1/iterations:1/repeats:50            139876 us       139875 us            1 L1-dcache-loads=537.51M items_per_second=234.266k/s
BM_SELECTION_SORT/32768/1/iterations:1/repeats:50            139695 us       139690 us            1 L1-dcache-loads=537.51M items_per_second=234.577k/s
BM_SELECTION_SORT/32768/1/iterations:1/repeats:50            139953 us       139751 us            1 L1-dcache-loads=537.51M items_per_second=234.474k/s
BM_SELECTION_SORT/32768/1/iterations:1/repeats:50            139888 us       139757 us            1 L1-dcache-loads=537.51M items_per_second=234.464k/s
BM_SELECTION_SORT/32768/1/iterations:1/repeats:50            139638 us       139637 us            1 L1-dcache-loads=537.51M items_per_second=234.665k/s
BM_SELECTION_SORT/32768/1/iterations:1/repeats:50            139654 us       139651 us            1 L1-dcache-loads=537.51M items_per_second=234.642k/s
BM_SELECTION_SORT/32768/1/iterations:1/repeats:50            139860 us       139859 us            1 L1-dcache-loads=537.51M items_per_second=234.293k/s
BM_SELECTION_SORT/32768/1/iterations:1/repeats:50            139871 us       139870 us            1 L1-dcache-loads=537.51M items_per_second=234.274k/s
BM_SELECTION_SORT/32768/1/iterations:1/repeats:50            139910 us       139905 us            1 L1-dcache-loads=537.51M items_per_second=234.215k/s
BM_SELECTION_SORT/32768/1/iterations:1/repeats:50            140057 us       140004 us            1 L1-dcache-loads=537.51M items_per_second=234.051k/s
BM_SELECTION_SORT/32768/1/iterations:1/repeats:50            140123 us       139992 us            1 L1-dcache-loads=537.51M items_per_second=234.071k/s
BM_SELECTION_SORT/32768/1/iterations:1/repeats:50            139640 us       139639 us            1 L1-dcache-loads=537.51M items_per_second=234.661k/s
BM_SELECTION_SORT/32768/1/iterations:1/repeats:50            139633 us       139629 us            1 L1-dcache-loads=537.51M items_per_second=234.679k/s
BM_SELECTION_SORT/32768/1/iterations:1/repeats:50            139673 us       139672 us            1 L1-dcache-loads=537.51M items_per_second=234.607k/s
BM_SELECTION_SORT/32768/1/iterations:1/repeats:50            139962 us       139959 us            1 L1-dcache-loads=537.51M items_per_second=234.126k/s
BM_SELECTION_SORT/32768/1/iterations:1/repeats:50            141289 us       139868 us            1 L1-dcache-loads=537.51M items_per_second=234.278k/s
BM_SELECTION_SORT/32768/1/iterations:1/repeats:50            140102 us       139909 us            1 L1-dcache-loads=537.51M items_per_second=234.21k/s
BM_SELECTION_SORT/32768/1/iterations:1/repeats:50            140043 us       139755 us            1 L1-dcache-loads=537.51M items_per_second=234.467k/s
BM_SELECTION_SORT/32768/1/iterations:1/repeats:50            139860 us       139699 us            1 L1-dcache-loads=537.51M items_per_second=234.562k/s
BM_SELECTION_SORT/32768/1/iterations:1/repeats:50            139631 us       139628 us            1 L1-dcache-loads=537.51M items_per_second=234.68k/s
BM_SELECTION_SORT/32768/1/iterations:1/repeats:50            139653 us       139652 us            1 L1-dcache-loads=537.51M items_per_second=234.641k/s
BM_SELECTION_SORT/32768/1/iterations:1/repeats:50            139635 us       139634 us            1 L1-dcache-loads=537.51M items_per_second=234.67k/s
BM_SELECTION_SORT/32768/1/iterations:1/repeats:50            139632 us       139631 us            1 L1-dcache-loads=537.51M items_per_second=234.676k/s
BM_SELECTION_SORT/32768/1/iterations:1/repeats:50            139824 us       139792 us            1 L1-dcache-loads=537.51M items_per_second=234.405k/s
BM_SELECTION_SORT/32768/1/iterations:1/repeats:50            139910 us       139909 us            1 L1-dcache-loads=537.51M items_per_second=234.21k/s
BM_SELECTION_SORT/32768/1/iterations:1/repeats:50_mean       139889 us       139791 us           50 L1-dcache-loads=537.51M items_per_second=234.408k/s
BM_SELECTION_SORT/32768/1/iterations:1/repeats:50_median     139846 us       139791 us           50 L1-dcache-loads=537.51M items_per_second=234.407k/s
BM_SELECTION_SORT/32768/1/iterations:1/repeats:50_stddev        315 us          130 us           50 L1-dcache-loads=0 items_per_second=217.065/s
BM_SELECTION_SORT/32768/1/iterations:1/repeats:50_cv           0.22 %          0.09 %            50 L1-dcache-loads=0.00% items_per_second=0.09%
BM_BUBBLE_SORT/4/1/iterations:1/repeats:50                     2.62 us         2.19 us            1 L1-dcache-loads=169 items_per_second=1.82732M/s
BM_BUBBLE_SORT/4/1/iterations:1/repeats:50                    0.462 us        0.456 us            1 L1-dcache-loads=170 items_per_second=8.77193M/s
BM_BUBBLE_SORT/4/1/iterations:1/repeats:50                    0.415 us        0.411 us            1 L1-dcache-loads=169 items_per_second=9.73236M/s
BM_BUBBLE_SORT/4/1/iterations:1/repeats:50                    0.429 us        0.423 us            1 L1-dcache-loads=170 items_per_second=9.45626M/s
BM_BUBBLE_SORT/4/1/iterations:1/repeats:50                    0.438 us        0.437 us            1 L1-dcache-loads=170 items_per_second=9.15332M/s
BM_BUBBLE_SORT/4/1/iterations:1/repeats:50                    0.426 us        0.422 us            1 L1-dcache-loads=170 items_per_second=9.47867M/s
BM_BUBBLE_SORT/4/1/iterations:1/repeats:50                    0.404 us        0.421 us            1 L1-dcache-loads=170 items_per_second=9.50119M/s
BM_BUBBLE_SORT/4/1/iterations:1/repeats:50                    0.382 us        0.391 us            1 L1-dcache-loads=170 items_per_second=10.2302M/s
BM_BUBBLE_SORT/4/1/iterations:1/repeats:50                    0.420 us        0.428 us            1 L1-dcache-loads=169 items_per_second=9.34579M/s
BM_BUBBLE_SORT/4/1/iterations:1/repeats:50                    0.419 us        0.430 us            1 L1-dcache-loads=170 items_per_second=9.30233M/s
BM_BUBBLE_SORT/4/1/iterations:1/repeats:50                    0.402 us        0.392 us            1 L1-dcache-loads=169 items_per_second=10.2041M/s
BM_BUBBLE_SORT/4/1/iterations:1/repeats:50                    0.401 us        0.400 us            1 L1-dcache-loads=170 items_per_second=10M/s
BM_BUBBLE_SORT/4/1/iterations:1/repeats:50                    0.409 us        0.419 us            1 L1-dcache-loads=170 items_per_second=9.54654M/s
BM_BUBBLE_SORT/4/1/iterations:1/repeats:50                    0.428 us        0.429 us            1 L1-dcache-loads=169 items_per_second=9.32401M/s
BM_BUBBLE_SORT/4/1/iterations:1/repeats:50                    0.404 us        0.394 us            1 L1-dcache-loads=169 items_per_second=10.1523M/s
BM_BUBBLE_SORT/4/1/iterations:1/repeats:50                    0.423 us        0.424 us            1 L1-dcache-loads=170 items_per_second=9.43396M/s
BM_BUBBLE_SORT/4/1/iterations:1/repeats:50                    0.389 us        0.389 us            1 L1-dcache-loads=170 items_per_second=10.2828M/s
BM_BUBBLE_SORT/4/1/iterations:1/repeats:50                    0.434 us        0.420 us            1 L1-dcache-loads=170 items_per_second=9.52381M/s
BM_BUBBLE_SORT/4/1/iterations:1/repeats:50                    0.395 us        0.393 us            1 L1-dcache-loads=169 items_per_second=10.1781M/s
BM_BUBBLE_SORT/4/1/iterations:1/repeats:50                    0.434 us        0.430 us            1 L1-dcache-loads=170 items_per_second=9.30233M/s
BM_BUBBLE_SORT/4/1/iterations:1/repeats:50                    0.411 us        0.411 us            1 L1-dcache-loads=170 items_per_second=9.73236M/s
BM_BUBBLE_SORT/4/1/iterations:1/repeats:50                    0.431 us        0.430 us            1 L1-dcache-loads=170 items_per_second=9.30233M/s
BM_BUBBLE_SORT/4/1/iterations:1/repeats:50                    0.400 us        0.401 us            1 L1-dcache-loads=170 items_per_second=9.97506M/s
BM_BUBBLE_SORT/4/1/iterations:1/repeats:50                    0.388 us        0.388 us            1 L1-dcache-loads=170 items_per_second=10.3093M/s
BM_BUBBLE_SORT/4/1/iterations:1/repeats:50                    0.378 us        0.378 us            1 L1-dcache-loads=167 items_per_second=10.582M/s
BM_BUBBLE_SORT/4/1/iterations:1/repeats:50                    0.387 us        0.387 us            1 L1-dcache-loads=170 items_per_second=10.3359M/s
BM_BUBBLE_SORT/4/1/iterations:1/repeats:50                    0.407 us        0.407 us            1 L1-dcache-loads=170 items_per_second=9.82801M/s
BM_BUBBLE_SORT/4/1/iterations:1/repeats:50                    0.399 us        0.407 us            1 L1-dcache-loads=169 items_per_second=9.82801M/s
BM_BUBBLE_SORT/4/1/iterations:1/repeats:50                    0.388 us        0.400 us            1 L1-dcache-loads=169 items_per_second=10M/s
BM_BUBBLE_SORT/4/1/iterations:1/repeats:50                    0.402 us        0.399 us            1 L1-dcache-loads=169 items_per_second=10.0251M/s
BM_BUBBLE_SORT/4/1/iterations:1/repeats:50                    0.384 us        0.385 us            1 L1-dcache-loads=167 items_per_second=10.3896M/s
BM_BUBBLE_SORT/4/1/iterations:1/repeats:50                    0.408 us        0.409 us            1 L1-dcache-loads=170 items_per_second=9.77995M/s
BM_BUBBLE_SORT/4/1/iterations:1/repeats:50                    0.396 us        0.395 us            1 L1-dcache-loads=169 items_per_second=10.1266M/s
BM_BUBBLE_SORT/4/1/iterations:1/repeats:50                    0.439 us        0.428 us            1 L1-dcache-loads=170 items_per_second=9.34579M/s
BM_BUBBLE_SORT/4/1/iterations:1/repeats:50                    0.410 us        0.402 us            1 L1-dcache-loads=170 items_per_second=9.95025M/s
BM_BUBBLE_SORT/4/1/iterations:1/repeats:50                    0.401 us        0.399 us            1 L1-dcache-loads=169 items_per_second=10.0251M/s
BM_BUBBLE_SORT/4/1/iterations:1/repeats:50                    0.386 us        0.386 us            1 L1-dcache-loads=170 items_per_second=10.3627M/s
BM_BUBBLE_SORT/4/1/iterations:1/repeats:50                    0.411 us        0.412 us            1 L1-dcache-loads=170 items_per_second=9.70874M/s
BM_BUBBLE_SORT/4/1/iterations:1/repeats:50                    0.411 us        0.410 us            1 L1-dcache-loads=170 items_per_second=9.7561M/s
BM_BUBBLE_SORT/4/1/iterations:1/repeats:50                    0.411 us        0.401 us            1 L1-dcache-loads=170 items_per_second=9.97506M/s
BM_BUBBLE_SORT/4/1/iterations:1/repeats:50                    0.421 us        0.422 us            1 L1-dcache-loads=170 items_per_second=9.47867M/s
BM_BUBBLE_SORT/4/1/iterations:1/repeats:50                    0.386 us        0.385 us            1 L1-dcache-loads=170 items_per_second=10.3896M/s
BM_BUBBLE_SORT/4/1/iterations:1/repeats:50                    0.387 us        0.387 us            1 L1-dcache-loads=170 items_per_second=10.3359M/s
BM_BUBBLE_SORT/4/1/iterations:1/repeats:50                    0.398 us        0.398 us            1 L1-dcache-loads=167 items_per_second=10.0503M/s
BM_BUBBLE_SORT/4/1/iterations:1/repeats:50                    0.392 us        0.404 us            1 L1-dcache-loads=170 items_per_second=9.90099M/s
BM_BUBBLE_SORT/4/1/iterations:1/repeats:50                    0.395 us        0.396 us            1 L1-dcache-loads=170 items_per_second=10.101M/s
BM_BUBBLE_SORT/4/1/iterations:1/repeats:50                    0.410 us        0.413 us            1 L1-dcache-loads=170 items_per_second=9.68523M/s
BM_BUBBLE_SORT/4/1/iterations:1/repeats:50                    0.377 us        0.379 us            1 L1-dcache-loads=170 items_per_second=10.5541M/s
BM_BUBBLE_SORT/4/1/iterations:1/repeats:50                    0.393 us        0.393 us            1 L1-dcache-loads=169 items_per_second=10.1781M/s
BM_BUBBLE_SORT/4/1/iterations:1/repeats:50                    0.414 us        0.415 us            1 L1-dcache-loads=170 items_per_second=9.63855M/s
BM_BUBBLE_SORT/4/1/iterations:1/repeats:50_mean               0.451 us        0.442 us           50 L1-dcache-loads=169.56 items_per_second=9.68795M/s
BM_BUBBLE_SORT/4/1/iterations:1/repeats:50_median             0.405 us        0.405 us           50 L1-dcache-loads=170 items_per_second=9.8645M/s
BM_BUBBLE_SORT/4/1/iterations:1/repeats:50_stddev             0.314 us        0.253 us           50 L1-dcache-loads=0.786623 items_per_second=1.20454M/s
BM_BUBBLE_SORT/4/1/iterations:1/repeats:50_cv                 69.50 %         57.09 %            50 L1-dcache-loads=0.46% items_per_second=12.43%
BM_BUBBLE_SORT/8/1/iterations:1/repeats:50                    0.731 us        0.707 us            1 L1-dcache-loads=267 items_per_second=11.3154M/s
BM_BUBBLE_SORT/8/1/iterations:1/repeats:50                    0.591 us        0.590 us            1 L1-dcache-loads=268 items_per_second=13.5593M/s
BM_BUBBLE_SORT/8/1/iterations:1/repeats:50                    0.527 us        0.524 us            1 L1-dcache-loads=268 items_per_second=15.2672M/s
BM_BUBBLE_SORT/8/1/iterations:1/repeats:50                    0.459 us        0.461 us            1 L1-dcache-loads=262 items_per_second=17.3536M/s
BM_BUBBLE_SORT/8/1/iterations:1/repeats:50                    0.461 us        0.459 us            1 L1-dcache-loads=265 items_per_second=17.4292M/s
BM_BUBBLE_SORT/8/1/iterations:1/repeats:50                    0.481 us        0.482 us            1 L1-dcache-loads=265 items_per_second=16.5975M/s
BM_BUBBLE_SORT/8/1/iterations:1/repeats:50                    0.509 us        0.509 us            1 L1-dcache-loads=265 items_per_second=15.7171M/s
BM_BUBBLE_SORT/8/1/iterations:1/repeats:50                    0.558 us        0.556 us            1 L1-dcache-loads=267 items_per_second=14.3885M/s
BM_BUBBLE_SORT/8/1/iterations:1/repeats:50                    0.534 us        0.535 us            1 L1-dcache-loads=267 items_per_second=14.9533M/s
BM_BUBBLE_SORT/8/1/iterations:1/repeats:50                    0.495 us        0.489 us            1 L1-dcache-loads=268 items_per_second=16.3599M/s
BM_BUBBLE_SORT/8/1/iterations:1/repeats:50                    0.533 us        0.535 us            1 L1-dcache-loads=265 items_per_second=14.9533M/s
BM_BUBBLE_SORT/8/1/iterations:1/repeats:50                    0.563 us        0.564 us            1 L1-dcache-loads=268 items_per_second=14.1844M/s
BM_BUBBLE_SORT/8/1/iterations:1/repeats:50                    0.476 us        0.475 us            1 L1-dcache-loads=267 items_per_second=16.8421M/s
BM_BUBBLE_SORT/8/1/iterations:1/repeats:50                    0.536 us        0.535 us            1 L1-dcache-loads=268 items_per_second=14.9533M/s
BM_BUBBLE_SORT/8/1/iterations:1/repeats:50                    0.521 us        0.511 us            1 L1-dcache-loads=268 items_per_second=15.6556M/s
BM_BUBBLE_SORT/8/1/iterations:1/repeats:50                    0.496 us        0.494 us            1 L1-dcache-loads=265 items_per_second=16.1943M/s
BM_BUBBLE_SORT/8/1/iterations:1/repeats:50                    0.511 us        0.521 us            1 L1-dcache-loads=268 items_per_second=15.3551M/s
BM_BUBBLE_SORT/8/1/iterations:1/repeats:50                    0.503 us        0.500 us            1 L1-dcache-loads=262 items_per_second=16M/s
BM_BUBBLE_SORT/8/1/iterations:1/repeats:50                    0.499 us        0.499 us            1 L1-dcache-loads=262 items_per_second=16.0321M/s
BM_BUBBLE_SORT/8/1/iterations:1/repeats:50                    0.526 us        0.524 us            1 L1-dcache-loads=268 items_per_second=15.2672M/s
BM_BUBBLE_SORT/8/1/iterations:1/repeats:50                    0.482 us        0.480 us            1 L1-dcache-loads=258 items_per_second=16.6667M/s
BM_BUBBLE_SORT/8/1/iterations:1/repeats:50                    0.542 us        0.550 us            1 L1-dcache-loads=268 items_per_second=14.5455M/s
BM_BUBBLE_SORT/8/1/iterations:1/repeats:50                    0.494 us        0.496 us            1 L1-dcache-loads=268 items_per_second=16.129M/s
BM_BUBBLE_SORT/8/1/iterations:1/repeats:50                    0.478 us        0.480 us            1 L1-dcache-loads=262 items_per_second=16.6667M/s
BM_BUBBLE_SORT/8/1/iterations:1/repeats:50                    0.461 us        0.460 us            1 L1-dcache-loads=262 items_per_second=17.3913M/s
BM_BUBBLE_SORT/8/1/iterations:1/repeats:50                    0.531 us        0.530 us            1 L1-dcache-loads=268 items_per_second=15.0943M/s
BM_BUBBLE_SORT/8/1/iterations:1/repeats:50                    0.478 us        0.480 us            1 L1-dcache-loads=262 items_per_second=16.6667M/s
BM_BUBBLE_SORT/8/1/iterations:1/repeats:50                    0.502 us        0.502 us            1 L1-dcache-loads=268 items_per_second=15.9363M/s
BM_BUBBLE_SORT/8/1/iterations:1/repeats:50                    0.547 us        0.545 us            1 L1-dcache-loads=267 items_per_second=14.6789M/s
BM_BUBBLE_SORT/8/1/iterations:1/repeats:50                    0.492 us        0.491 us            1 L1-dcache-loads=268 items_per_second=16.2933M/s
BM_BUBBLE_SORT/8/1/iterations:1/repeats:50                    0.503 us        0.495 us            1 L1-dcache-loads=265 items_per_second=16.1616M/s
BM_BUBBLE_SORT/8/1/iterations:1/repeats:50                    0.513 us        0.521 us            1 L1-dcache-loads=267 items_per_second=15.3551M/s
BM_BUBBLE_SORT/8/1/iterations:1/repeats:50                    0.516 us        0.516 us            1 L1-dcache-loads=268 items_per_second=15.5039M/s
BM_BUBBLE_SORT/8/1/iterations:1/repeats:50                    0.480 us        0.467 us            1 L1-dcache-loads=262 items_per_second=17.1306M/s
BM_BUBBLE_SORT/8/1/iterations:1/repeats:50                    0.494 us        0.494 us            1 L1-dcache-loads=268 items_per_second=16.1943M/s
BM_BUBBLE_SORT/8/1/iterations:1/repeats:50                    0.507 us        0.513 us            1 L1-dcache-loads=268 items_per_second=15.5945M/s
BM_BUBBLE_SORT/8/1/iterations:1/repeats:50                    0.490 us        0.489 us            1 L1-dcache-loads=268 items_per_second=16.3599M/s
BM_BUBBLE_SORT/8/1/iterations:1/repeats:50                    0.529 us        0.529 us            1 L1-dcache-loads=265 items_per_second=15.1229M/s
BM_BUBBLE_SORT/8/1/iterations:1/repeats:50                    0.461 us        0.460 us            1 L1-dcache-loads=267 items_per_second=17.3913M/s
BM_BUBBLE_SORT/8/1/iterations:1/repeats:50                    0.483 us        0.483 us            1 L1-dcache-loads=267 items_per_second=16.5631M/s
BM_BUBBLE_SORT/8/1/iterations:1/repeats:50                    0.501 us        0.486 us            1 L1-dcache-loads=268 items_per_second=16.4609M/s
BM_BUBBLE_SORT/8/1/iterations:1/repeats:50                    0.540 us        0.539 us            1 L1-dcache-loads=268 items_per_second=14.8423M/s
BM_BUBBLE_SORT/8/1/iterations:1/repeats:50                    0.508 us        0.508 us            1 L1-dcache-loads=268 items_per_second=15.748M/s
BM_BUBBLE_SORT/8/1/iterations:1/repeats:50                    0.490 us        0.489 us            1 L1-dcache-loads=262 items_per_second=16.3599M/s
BM_BUBBLE_SORT/8/1/iterations:1/repeats:50                    0.488 us        0.487 us            1 L1-dcache-loads=262 items_per_second=16.4271M/s
BM_BUBBLE_SORT/8/1/iterations:1/repeats:50                    0.512 us        0.511 us            1 L1-dcache-loads=267 items_per_second=15.6556M/s
BM_BUBBLE_SORT/8/1/iterations:1/repeats:50                    0.516 us        0.514 us            1 L1-dcache-loads=268 items_per_second=15.5642M/s
BM_BUBBLE_SORT/8/1/iterations:1/repeats:50                    0.502 us        0.494 us            1 L1-dcache-loads=265 items_per_second=16.1943M/s
BM_BUBBLE_SORT/8/1/iterations:1/repeats:50                    0.485 us        0.483 us            1 L1-dcache-loads=268 items_per_second=16.5631M/s
BM_BUBBLE_SORT/8/1/iterations:1/repeats:50                    0.507 us        0.506 us            1 L1-dcache-loads=265 items_per_second=15.8103M/s
BM_BUBBLE_SORT/8/1/iterations:1/repeats:50_mean               0.511 us        0.509 us           50 L1-dcache-loads=266 items_per_second=15.789M/s
BM_BUBBLE_SORT/8/1/iterations:1/repeats:50_median             0.503 us        0.501 us           50 L1-dcache-loads=267 items_per_second=15.9681M/s
BM_BUBBLE_SORT/8/1/iterations:1/repeats:50_stddev             0.042 us        0.040 us           50 L1-dcache-loads=2.53144 items_per_second=1.08477M/s
BM_BUBBLE_SORT/8/1/iterations:1/repeats:50_cv                  8.25 %          7.91 %            50 L1-dcache-loads=0.95% items_per_second=6.87%
BM_BUBBLE_SORT/16/1/iterations:1/repeats:50                    1.04 us         1.03 us            1 L1-dcache-loads=512 items_per_second=15.5039M/s
BM_BUBBLE_SORT/16/1/iterations:1/repeats:50                    1.10 us         1.09 us            1 L1-dcache-loads=506 items_per_second=14.6789M/s
BM_BUBBLE_SORT/16/1/iterations:1/repeats:50                   0.971 us        0.978 us            1 L1-dcache-loads=511 items_per_second=16.3599M/s
BM_BUBBLE_SORT/16/1/iterations:1/repeats:50                   0.937 us        0.936 us            1 L1-dcache-loads=502 items_per_second=17.094M/s
BM_BUBBLE_SORT/16/1/iterations:1/repeats:50                   0.931 us        0.930 us            1 L1-dcache-loads=511 items_per_second=17.2043M/s
BM_BUBBLE_SORT/16/1/iterations:1/repeats:50                    1.01 us         1.01 us            1 L1-dcache-loads=512 items_per_second=15.9046M/s
BM_BUBBLE_SORT/16/1/iterations:1/repeats:50                   0.900 us        0.897 us            1 L1-dcache-loads=467 items_per_second=17.8372M/s
BM_BUBBLE_SORT/16/1/iterations:1/repeats:50                    1.09 us         1.09 us            1 L1-dcache-loads=509 items_per_second=14.7059M/s
BM_BUBBLE_SORT/16/1/iterations:1/repeats:50                    1.00 us         1.00 us            1 L1-dcache-loads=509 items_per_second=16M/s
BM_BUBBLE_SORT/16/1/iterations:1/repeats:50                    1.06 us         1.06 us            1 L1-dcache-loads=512 items_per_second=15.1229M/s
BM_BUBBLE_SORT/16/1/iterations:1/repeats:50                   0.941 us        0.958 us            1 L1-dcache-loads=506 items_per_second=16.7015M/s
BM_BUBBLE_SORT/16/1/iterations:1/repeats:50                    1.04 us         1.04 us            1 L1-dcache-loads=502 items_per_second=15.3551M/s
BM_BUBBLE_SORT/16/1/iterations:1/repeats:50                   0.972 us        0.971 us            1 L1-dcache-loads=506 items_per_second=16.4779M/s
BM_BUBBLE_SORT/16/1/iterations:1/repeats:50                   0.988 us        0.988 us            1 L1-dcache-loads=509 items_per_second=16.1943M/s
BM_BUBBLE_SORT/16/1/iterations:1/repeats:50                   0.873 us        0.873 us            1 L1-dcache-loads=509 items_per_second=18.3276M/s
BM_BUBBLE_SORT/16/1/iterations:1/repeats:50                   0.968 us        0.975 us            1 L1-dcache-loads=509 items_per_second=16.4103M/s
BM_BUBBLE_SORT/16/1/iterations:1/repeats:50                    1.01 us         1.00 us            1 L1-dcache-loads=511 items_per_second=15.9204M/s
BM_BUBBLE_SORT/16/1/iterations:1/repeats:50                    1.10 us         1.10 us            1 L1-dcache-loads=511 items_per_second=14.5852M/s
BM_BUBBLE_SORT/16/1/iterations:1/repeats:50                   0.971 us        0.970 us            1 L1-dcache-loads=502 items_per_second=16.4948M/s
BM_BUBBLE_SORT/16/1/iterations:1/repeats:50                   0.982 us        0.976 us            1 L1-dcache-loads=491 items_per_second=16.3934M/s
BM_BUBBLE_SORT/16/1/iterations:1/repeats:50                    1.06 us         1.07 us            1 L1-dcache-loads=511 items_per_second=14.9673M/s
BM_BUBBLE_SORT/16/1/iterations:1/repeats:50                    1.01 us         1.01 us            1 L1-dcache-loads=511 items_per_second=15.7635M/s
BM_BUBBLE_SORT/16/1/iterations:1/repeats:50                   0.884 us        0.883 us            1 L1-dcache-loads=502 items_per_second=18.12M/s
BM_BUBBLE_SORT/16/1/iterations:1/repeats:50                    1.04 us         1.04 us            1 L1-dcache-loads=511 items_per_second=15.4291M/s
BM_BUBBLE_SORT/16/1/iterations:1/repeats:50                   0.988 us        0.988 us            1 L1-dcache-loads=511 items_per_second=16.1943M/s
BM_BUBBLE_SORT/16/1/iterations:1/repeats:50                   0.881 us        0.874 us            1 L1-dcache-loads=512 items_per_second=18.3066M/s
BM_BUBBLE_SORT/16/1/iterations:1/repeats:50                   0.974 us        0.971 us            1 L1-dcache-loads=511 items_per_second=16.4779M/s
BM_BUBBLE_SORT/16/1/iterations:1/repeats:50                   0.972 us        0.954 us            1 L1-dcache-loads=506 items_per_second=16.7715M/s
BM_BUBBLE_SORT/16/1/iterations:1/repeats:50                   0.992 us        0.991 us            1 L1-dcache-loads=509 items_per_second=16.1453M/s
BM_BUBBLE_SORT/16/1/iterations:1/repeats:50                    1.01 us         1.01 us            1 L1-dcache-loads=512 items_per_second=15.7947M/s
BM_BUBBLE_SORT/16/1/iterations:1/repeats:50                   0.956 us        0.956 us            1 L1-dcache-loads=512 items_per_second=16.7364M/s
BM_BUBBLE_SORT/16/1/iterations:1/repeats:50                    1.07 us         1.06 us            1 L1-dcache-loads=506 items_per_second=15.0659M/s
BM_BUBBLE_SORT/16/1/iterations:1/repeats:50                   0.966 us        0.968 us            1 L1-dcache-loads=506 items_per_second=16.5289M/s
BM_BUBBLE_SORT/16/1/iterations:1/repeats:50                    1.08 us         1.06 us            1 L1-dcache-loads=506 items_per_second=15.0235M/s
BM_BUBBLE_SORT/16/1/iterations:1/repeats:50                    1.01 us         1.01 us            1 L1-dcache-loads=512 items_per_second=15.7791M/s
BM_BUBBLE_SORT/16/1/iterations:1/repeats:50                    1.05 us         1.05 us            1 L1-dcache-loads=509 items_per_second=15.2964M/s
BM_BUBBLE_SORT/16/1/iterations:1/repeats:50                   0.977 us        0.975 us            1 L1-dcache-loads=512 items_per_second=16.4103M/s
BM_BUBBLE_SORT/16/1/iterations:1/repeats:50                   0.999 us        0.996 us            1 L1-dcache-loads=509 items_per_second=16.0643M/s
BM_BUBBLE_SORT/16/1/iterations:1/repeats:50                    1.09 us         1.09 us            1 L1-dcache-loads=509 items_per_second=14.6386M/s
BM_BUBBLE_SORT/16/1/iterations:1/repeats:50                   0.903 us        0.903 us            1 L1-dcache-loads=506 items_per_second=17.7187M/s
BM_BUBBLE_SORT/16/1/iterations:1/repeats:50                    1.01 us         1.02 us            1 L1-dcache-loads=512 items_per_second=15.7171M/s
BM_BUBBLE_SORT/16/1/iterations:1/repeats:50                   0.910 us        0.908 us            1 L1-dcache-loads=497 items_per_second=17.6211M/s
BM_BUBBLE_SORT/16/1/iterations:1/repeats:50                   0.982 us        0.980 us            1 L1-dcache-loads=502 items_per_second=16.3265M/s
BM_BUBBLE_SORT/16/1/iterations:1/repeats:50                   0.996 us        0.996 us            1 L1-dcache-loads=511 items_per_second=16.0643M/s
BM_BUBBLE_SORT/16/1/iterations:1/repeats:50                   0.845 us        0.845 us            1 L1-dcache-loads=491 items_per_second=18.9349M/s
BM_BUBBLE_SORT/16/1/iterations:1/repeats:50                   0.813 us        0.818 us            1 L1-dcache-loads=491 items_per_second=19.5599M/s
BM_BUBBLE_SORT/16/1/iterations:1/repeats:50                   0.916 us        0.913 us            1 L1-dcache-loads=491 items_per_second=17.5246M/s
BM_BUBBLE_SORT/16/1/iterations:1/repeats:50                   0.904 us        0.912 us            1 L1-dcache-loads=511 items_per_second=17.5439M/s
BM_BUBBLE_SORT/16/1/iterations:1/repeats:50                   0.944 us        0.942 us            1 L1-dcache-loads=506 items_per_second=16.9851M/s
BM_BUBBLE_SORT/16/1/iterations:1/repeats:50                   0.904 us        0.906 us            1 L1-dcache-loads=502 items_per_second=17.66M/s
BM_BUBBLE_SORT/16/1/iterations:1/repeats:50_mean              0.981 us        0.980 us           50 L1-dcache-loads=506.08 items_per_second=16.4088M/s
BM_BUBBLE_SORT/16/1/iterations:1/repeats:50_median            0.982 us        0.979 us           50 L1-dcache-loads=509 items_per_second=16.3432M/s
BM_BUBBLE_SORT/16/1/iterations:1/repeats:50_stddev            0.068 us        0.067 us           50 L1-dcache-loads=8.17872 items_per_second=1.14559M/s
BM_BUBBLE_SORT/16/1/iterations:1/repeats:50_cv                 6.90 %          6.79 %            50 L1-dcache-loads=1.62% items_per_second=6.98%
BM_BUBBLE_SORT/32/1/iterations:1/repeats:50                    2.45 us         2.44 us            1 L1-dcache-loads=1.177k items_per_second=13.1363M/s
BM_BUBBLE_SORT/32/1/iterations:1/repeats:50                    2.49 us         2.49 us            1 L1-dcache-loads=1.192k items_per_second=12.8617M/s
BM_BUBBLE_SORT/32/1/iterations:1/repeats:50                    2.72 us         2.72 us            1 L1-dcache-loads=1.186k items_per_second=11.7517M/s
BM_BUBBLE_SORT/32/1/iterations:1/repeats:50                    2.44 us         2.46 us            1 L1-dcache-loads=1.189k items_per_second=13.0187M/s
BM_BUBBLE_SORT/32/1/iterations:1/repeats:50                    2.39 us         2.39 us            1 L1-dcache-loads=1.192k items_per_second=13.3612M/s
BM_BUBBLE_SORT/32/1/iterations:1/repeats:50                    2.52 us         2.52 us            1 L1-dcache-loads=1.164k items_per_second=12.6934M/s
BM_BUBBLE_SORT/32/1/iterations:1/repeats:50                    2.35 us         2.35 us            1 L1-dcache-loads=1.171k items_per_second=13.5881M/s
BM_BUBBLE_SORT/32/1/iterations:1/repeats:50                    2.60 us         2.60 us            1 L1-dcache-loads=1.192k items_per_second=12.2888M/s
BM_BUBBLE_SORT/32/1/iterations:1/repeats:50                    2.17 us         2.17 us            1 L1-dcache-loads=1.147k items_per_second=14.7194M/s
BM_BUBBLE_SORT/32/1/iterations:1/repeats:50                    2.09 us         2.09 us            1 L1-dcache-loads=1.171k items_per_second=15.2964M/s
BM_BUBBLE_SORT/32/1/iterations:1/repeats:50                    2.51 us         2.50 us            1 L1-dcache-loads=1.186k items_per_second=12.8051M/s
BM_BUBBLE_SORT/32/1/iterations:1/repeats:50                    2.58 us         2.58 us            1 L1-dcache-loads=1.164k items_per_second=12.4079M/s
BM_BUBBLE_SORT/32/1/iterations:1/repeats:50                    2.51 us         2.51 us            1 L1-dcache-loads=1.171k items_per_second=12.7541M/s
BM_BUBBLE_SORT/32/1/iterations:1/repeats:50                    2.52 us         2.52 us            1 L1-dcache-loads=1.171k items_per_second=12.7237M/s
BM_BUBBLE_SORT/32/1/iterations:1/repeats:50                    2.40 us         2.40 us            1 L1-dcache-loads=1.126k items_per_second=13.3167M/s
BM_BUBBLE_SORT/32/1/iterations:1/repeats:50                    2.55 us         2.56 us            1 L1-dcache-loads=1.171k items_per_second=12.5049M/s
BM_BUBBLE_SORT/32/1/iterations:1/repeats:50                    2.68 us         2.68 us            1 L1-dcache-loads=1.177k items_per_second=11.9269M/s
BM_BUBBLE_SORT/32/1/iterations:1/repeats:50                    2.66 us         2.66 us            1 L1-dcache-loads=1.156k items_per_second=12.012M/s
BM_BUBBLE_SORT/32/1/iterations:1/repeats:50                    2.65 us         2.65 us            1 L1-dcache-loads=1.182k items_per_second=12.0892M/s
BM_BUBBLE_SORT/32/1/iterations:1/repeats:50                    2.53 us         2.53 us            1 L1-dcache-loads=1.182k items_per_second=12.6482M/s
BM_BUBBLE_SORT/32/1/iterations:1/repeats:50                    2.61 us         2.61 us            1 L1-dcache-loads=1.171k items_per_second=12.2371M/s
BM_BUBBLE_SORT/32/1/iterations:1/repeats:50                    2.51 us         2.51 us            1 L1-dcache-loads=1.182k items_per_second=12.7439M/s
BM_BUBBLE_SORT/32/1/iterations:1/repeats:50                    2.39 us         2.39 us            1 L1-dcache-loads=1.177k items_per_second=13.3891M/s
BM_BUBBLE_SORT/32/1/iterations:1/repeats:50                    2.60 us         2.61 us            1 L1-dcache-loads=1.171k items_per_second=12.2371M/s
BM_BUBBLE_SORT/32/1/iterations:1/repeats:50                    2.52 us         2.52 us            1 L1-dcache-loads=1.186k items_per_second=12.6934M/s
BM_BUBBLE_SORT/32/1/iterations:1/repeats:50                    2.51 us         2.51 us            1 L1-dcache-loads=1.189k items_per_second=12.749M/s
BM_BUBBLE_SORT/32/1/iterations:1/repeats:50                    2.63 us         2.63 us            1 L1-dcache-loads=1.192k items_per_second=12.1581M/s
BM_BUBBLE_SORT/32/1/iterations:1/repeats:50                    2.65 us         2.65 us            1 L1-dcache-loads=1.177k items_per_second=12.0983M/s
BM_BUBBLE_SORT/32/1/iterations:1/repeats:50                    2.47 us         2.47 us            1 L1-dcache-loads=1.186k items_per_second=12.9607M/s
BM_BUBBLE_SORT/32/1/iterations:1/repeats:50                    2.25 us         2.25 us            1 L1-dcache-loads=1.164k items_per_second=14.2096M/s
BM_BUBBLE_SORT/32/1/iterations:1/repeats:50                    2.37 us         2.37 us            1 L1-dcache-loads=1.186k items_per_second=13.5021M/s
BM_BUBBLE_SORT/32/1/iterations:1/repeats:50                    2.43 us         2.43 us            1 L1-dcache-loads=1.171k items_per_second=13.1796M/s
BM_BUBBLE_SORT/32/1/iterations:1/repeats:50                    2.66 us         2.66 us            1 L1-dcache-loads=1.182k items_per_second=12.0346M/s
BM_BUBBLE_SORT/32/1/iterations:1/repeats:50                    2.44 us         2.43 us            1 L1-dcache-loads=1.177k items_per_second=13.1579M/s
BM_BUBBLE_SORT/32/1/iterations:1/repeats:50                    2.83 us         2.82 us            1 L1-dcache-loads=1.192k items_per_second=11.3596M/s
BM_BUBBLE_SORT/32/1/iterations:1/repeats:50                    2.86 us         2.86 us            1 L1-dcache-loads=1.191k items_per_second=11.1888M/s
BM_BUBBLE_SORT/32/1/iterations:1/repeats:50                    2.44 us         2.44 us            1 L1-dcache-loads=1.171k items_per_second=13.0986M/s
BM_BUBBLE_SORT/32/1/iterations:1/repeats:50                    2.37 us         2.37 us            1 L1-dcache-loads=1.192k items_per_second=13.5021M/s
BM_BUBBLE_SORT/32/1/iterations:1/repeats:50                    2.44 us         2.44 us            1 L1-dcache-loads=1.186k items_per_second=13.1363M/s
BM_BUBBLE_SORT/32/1/iterations:1/repeats:50                    2.31 us         2.31 us            1 L1-dcache-loads=1.171k items_per_second=13.8468M/s
BM_BUBBLE_SORT/32/1/iterations:1/repeats:50                    2.40 us         2.41 us            1 L1-dcache-loads=1.137k items_per_second=13.2946M/s
BM_BUBBLE_SORT/32/1/iterations:1/repeats:50                    2.28 us         2.28 us            1 L1-dcache-loads=1.164k items_per_second=14.0474M/s
BM_BUBBLE_SORT/32/1/iterations:1/repeats:50                    2.76 us         2.76 us            1 L1-dcache-loads=1.189k items_per_second=11.5774M/s
BM_BUBBLE_SORT/32/1/iterations:1/repeats:50                    2.30 us         2.29 us            1 L1-dcache-loads=1.137k items_per_second=13.9434M/s
BM_BUBBLE_SORT/32/1/iterations:1/repeats:50                    2.41 us         2.41 us            1 L1-dcache-loads=1.186k items_per_second=13.2946M/s
BM_BUBBLE_SORT/32/1/iterations:1/repeats:50                    2.62 us         2.62 us            1 L1-dcache-loads=1.191k items_per_second=12.2231M/s
BM_BUBBLE_SORT/32/1/iterations:1/repeats:50                    2.59 us         2.60 us            1 L1-dcache-loads=1.186k items_per_second=12.3077M/s
BM_BUBBLE_SORT/32/1/iterations:1/repeats:50                    2.02 us         2.04 us            1 L1-dcache-loads=1.182k items_per_second=15.7171M/s
BM_BUBBLE_SORT/32/1/iterations:1/repeats:50                    2.71 us         2.71 us            1 L1-dcache-loads=1.186k items_per_second=11.7864M/s
BM_BUBBLE_SORT/32/1/iterations:1/repeats:50                    2.45 us         2.45 us            1 L1-dcache-loads=1.156k items_per_second=13.0506M/s
BM_BUBBLE_SORT/32/1/iterations:1/repeats:50_mean               2.49 us         2.49 us           50 L1-dcache-loads=1.1759k items_per_second=12.8926M/s
BM_BUBBLE_SORT/32/1/iterations:1/repeats:50_median             2.51 us         2.50 us           50 L1-dcache-loads=1.1795k items_per_second=12.7796M/s
BM_BUBBLE_SORT/32/1/iterations:1/repeats:50_stddev            0.172 us        0.170 us           50 L1-dcache-loads=15.3772 items_per_second=916.257k/s
BM_BUBBLE_SORT/32/1/iterations:1/repeats:50_cv                 6.89 %          6.83 %            50 L1-dcache-loads=1.31% items_per_second=7.11%
BM_BUBBLE_SORT/64/1/iterations:1/repeats:50                    7.50 us         7.49 us            1 L1-dcache-loads=3.184k items_per_second=8.54929M/s
BM_BUBBLE_SORT/64/1/iterations:1/repeats:50                    7.59 us         7.59 us            1 L1-dcache-loads=3.292k items_per_second=8.43326M/s
BM_BUBBLE_SORT/64/1/iterations:1/repeats:50                    8.39 us         8.39 us            1 L1-dcache-loads=3.32k items_per_second=7.63177M/s
BM_BUBBLE_SORT/64/1/iterations:1/repeats:50                    7.64 us         7.64 us            1 L1-dcache-loads=3.305k items_per_second=8.37916M/s
BM_BUBBLE_SORT/64/1/iterations:1/repeats:50                    7.77 us         7.76 us            1 L1-dcache-loads=3.319k items_per_second=8.25061M/s
BM_BUBBLE_SORT/64/1/iterations:1/repeats:50                    8.14 us         8.14 us            1 L1-dcache-loads=3.299k items_per_second=7.86241M/s
BM_BUBBLE_SORT/64/1/iterations:1/repeats:50                    7.85 us         7.85 us            1 L1-dcache-loads=3.265k items_per_second=8.14975M/s
BM_BUBBLE_SORT/64/1/iterations:1/repeats:50                    7.15 us         7.14 us            1 L1-dcache-loads=3.254k items_per_second=8.95982M/s
BM_BUBBLE_SORT/64/1/iterations:1/repeats:50                    7.80 us         7.81 us            1 L1-dcache-loads=3.265k items_per_second=8.19987M/s
BM_BUBBLE_SORT/64/1/iterations:1/repeats:50                    7.98 us         7.98 us            1 L1-dcache-loads=3.215k items_per_second=8.01804M/s
BM_BUBBLE_SORT/64/1/iterations:1/repeats:50                    7.99 us         7.99 us            1 L1-dcache-loads=3.265k items_per_second=8.01102M/s
BM_BUBBLE_SORT/64/1/iterations:1/repeats:50                    7.71 us         7.72 us            1 L1-dcache-loads=3.299k items_per_second=8.28908M/s
BM_BUBBLE_SORT/64/1/iterations:1/repeats:50                    6.92 us         6.92 us            1 L1-dcache-loads=3.254k items_per_second=9.24455M/s
BM_BUBBLE_SORT/64/1/iterations:1/repeats:50                    6.65 us         6.65 us            1 L1-dcache-loads=3.2k items_per_second=9.62406M/s
BM_BUBBLE_SORT/64/1/iterations:1/repeats:50                    6.93 us         6.92 us            1 L1-dcache-loads=3.242k items_per_second=9.24321M/s
BM_BUBBLE_SORT/64/1/iterations:1/repeats:50                    6.35 us         6.35 us            1 L1-dcache-loads=3.284k items_per_second=10.0851M/s
BM_BUBBLE_SORT/64/1/iterations:1/repeats:50                    7.06 us         7.06 us            1 L1-dcache-loads=3.292k items_per_second=9.06387M/s
BM_BUBBLE_SORT/64/1/iterations:1/repeats:50                    7.05 us         7.05 us            1 L1-dcache-loads=3.292k items_per_second=9.08059M/s
BM_BUBBLE_SORT/64/1/iterations:1/repeats:50                    7.80 us         7.80 us            1 L1-dcache-loads=3.319k items_per_second=8.20197M/s
BM_BUBBLE_SORT/64/1/iterations:1/repeats:50                    7.28 us         7.28 us            1 L1-dcache-loads=3.284k items_per_second=8.79M/s
BM_BUBBLE_SORT/64/1/iterations:1/repeats:50                    7.93 us         7.93 us            1 L1-dcache-loads=3.305k items_per_second=8.06858M/s
BM_BUBBLE_SORT/64/1/iterations:1/repeats:50                    6.84 us         6.84 us            1 L1-dcache-loads=3.284k items_per_second=9.35809M/s
BM_BUBBLE_SORT/64/1/iterations:1/repeats:50                    7.32 us         7.32 us            1 L1-dcache-loads=3.265k items_per_second=8.74675M/s
BM_BUBBLE_SORT/64/1/iterations:1/repeats:50                    8.24 us         8.23 us            1 L1-dcache-loads=3.317k items_per_second=7.77643M/s
BM_BUBBLE_SORT/64/1/iterations:1/repeats:50                    7.84 us         7.84 us            1 L1-dcache-loads=3.229k items_per_second=8.16014M/s
BM_BUBBLE_SORT/64/1/iterations:1/repeats:50                    7.07 us         7.08 us            1 L1-dcache-loads=3.292k items_per_second=9.03827M/s
BM_BUBBLE_SORT/64/1/iterations:1/repeats:50                    7.68 us         7.68 us            1 L1-dcache-loads=3.229k items_per_second=8.33225M/s
BM_BUBBLE_SORT/64/1/iterations:1/repeats:50                    6.86 us         6.86 us            1 L1-dcache-loads=3.299k items_per_second=9.32673M/s
BM_BUBBLE_SORT/64/1/iterations:1/repeats:50                    8.05 us         8.05 us            1 L1-dcache-loads=3.275k items_per_second=7.94932M/s
BM_BUBBLE_SORT/64/1/iterations:1/repeats:50                    7.63 us         7.63 us            1 L1-dcache-loads=3.284k items_per_second=8.38794M/s
BM_BUBBLE_SORT/64/1/iterations:1/repeats:50                    7.76 us         7.78 us            1 L1-dcache-loads=3.317k items_per_second=8.23151M/s
BM_BUBBLE_SORT/64/1/iterations:1/repeats:50                    8.02 us         8.02 us            1 L1-dcache-loads=3.317k items_per_second=7.97806M/s
BM_BUBBLE_SORT/64/1/iterations:1/repeats:50                    8.21 us         8.21 us            1 L1-dcache-loads=3.265k items_per_second=7.79063M/s
BM_BUBBLE_SORT/64/1/iterations:1/repeats:50                    8.55 us         8.55 us            1 L1-dcache-loads=3.32k items_per_second=7.48976M/s
BM_BUBBLE_SORT/64/1/iterations:1/repeats:50                    7.53 us         7.53 us            1 L1-dcache-loads=3.265k items_per_second=8.49595M/s
BM_BUBBLE_SORT/64/1/iterations:1/repeats:50                    8.24 us         8.24 us            1 L1-dcache-loads=3.254k items_per_second=7.76511M/s
BM_BUBBLE_SORT/64/1/iterations:1/repeats:50                    7.00 us         7.00 us            1 L1-dcache-loads=3.292k items_per_second=9.14416M/s
BM_BUBBLE_SORT/64/1/iterations:1/repeats:50                    7.57 us         7.57 us            1 L1-dcache-loads=3.32k items_per_second=8.45443M/s
BM_BUBBLE_SORT/64/1/iterations:1/repeats:50                    7.25 us         7.25 us            1 L1-dcache-loads=3.299k items_per_second=8.82637M/s
BM_BUBBLE_SORT/64/1/iterations:1/repeats:50                    9.52 us         9.52 us            1 L1-dcache-loads=3.3k items_per_second=6.72057M/s
BM_BUBBLE_SORT/64/1/iterations:1/repeats:50                    7.65 us         7.65 us            1 L1-dcache-loads=3.314k items_per_second=8.37039M/s
BM_BUBBLE_SORT/64/1/iterations:1/repeats:50                    8.14 us         8.14 us            1 L1-dcache-loads=3.305k items_per_second=7.86531M/s
BM_BUBBLE_SORT/64/1/iterations:1/repeats:50                    8.07 us         8.07 us            1 L1-dcache-loads=3.254k items_per_second=7.93356M/s
BM_BUBBLE_SORT/64/1/iterations:1/repeats:50                    6.85 us         6.85 us            1 L1-dcache-loads=3.319k items_per_second=9.34852M/s
BM_BUBBLE_SORT/64/1/iterations:1/repeats:50                    7.66 us         7.66 us            1 L1-dcache-loads=3.242k items_per_second=8.35836M/s
BM_BUBBLE_SORT/64/1/iterations:1/repeats:50                    6.73 us         6.73 us            1 L1-dcache-loads=3.242k items_per_second=9.50825M/s
BM_BUBBLE_SORT/64/1/iterations:1/repeats:50                    7.52 us         7.52 us            1 L1-dcache-loads=3.184k items_per_second=8.5129M/s
BM_BUBBLE_SORT/64/1/iterations:1/repeats:50                    6.73 us         6.73 us            1 L1-dcache-loads=3.275k items_per_second=9.5026M/s
BM_BUBBLE_SORT/64/1/iterations:1/repeats:50                    7.96 us         7.96 us            1 L1-dcache-loads=3.265k items_per_second=8.03818M/s
BM_BUBBLE_SORT/64/1/iterations:1/repeats:50                    7.34 us         7.34 us            1 L1-dcache-loads=3.13k items_per_second=8.72053M/s
BM_BUBBLE_SORT/64/1/iterations:1/repeats:50_mean               7.59 us         7.59 us           50 L1-dcache-loads=3.27414k items_per_second=8.48534M/s
BM_BUBBLE_SORT/64/1/iterations:1/repeats:50_median             7.64 us         7.64 us           50 L1-dcache-loads=3.284k items_per_second=8.37477M/s
BM_BUBBLE_SORT/64/1/iterations:1/repeats:50_stddev            0.586 us        0.586 us           50 L1-dcache-loads=41.1151 items_per_second=649.745k/s
BM_BUBBLE_SORT/64/1/iterations:1/repeats:50_cv                 7.72 %          7.72 %            50 L1-dcache-loads=1.26% items_per_second=7.66%
BM_BUBBLE_SORT/128/1/iterations:1/repeats:50                   26.6 us         26.6 us            1 L1-dcache-loads=10.612k items_per_second=4.81728M/s
BM_BUBBLE_SORT/128/1/iterations:1/repeats:50                   25.7 us         25.7 us            1 L1-dcache-loads=10.642k items_per_second=4.98695M/s
BM_BUBBLE_SORT/128/1/iterations:1/repeats:50                   27.0 us         27.0 us            1 L1-dcache-loads=10.593k items_per_second=4.74866M/s
BM_BUBBLE_SORT/128/1/iterations:1/repeats:50                   25.1 us         25.1 us            1 L1-dcache-loads=10.603k items_per_second=5.10245M/s
BM_BUBBLE_SORT/128/1/iterations:1/repeats:50                   23.5 us         23.5 us            1 L1-dcache-loads=10.395k items_per_second=5.45703M/s
BM_BUBBLE_SORT/128/1/iterations:1/repeats:50                   26.0 us         26.0 us            1 L1-dcache-loads=10.638k items_per_second=4.91627M/s
BM_BUBBLE_SORT/128/1/iterations:1/repeats:50                   26.6 us         26.6 us            1 L1-dcache-loads=10.582k items_per_second=4.81583M/s
BM_BUBBLE_SORT/128/1/iterations:1/repeats:50                   26.8 us         26.8 us            1 L1-dcache-loads=10.582k items_per_second=4.78254M/s
BM_BUBBLE_SORT/128/1/iterations:1/repeats:50                   25.3 us         25.3 us            1 L1-dcache-loads=10.438k items_per_second=5.06269M/s
BM_BUBBLE_SORT/128/1/iterations:1/repeats:50                   23.4 us         23.4 us            1 L1-dcache-loads=10.62k items_per_second=5.46775M/s
BM_BUBBLE_SORT/128/1/iterations:1/repeats:50                   26.7 us         26.7 us            1 L1-dcache-loads=10.417k items_per_second=4.79598M/s
BM_BUBBLE_SORT/128/1/iterations:1/repeats:50                   24.6 us         24.6 us            1 L1-dcache-loads=10.348k items_per_second=5.20643M/s
BM_BUBBLE_SORT/128/1/iterations:1/repeats:50                   24.1 us         24.1 us            1 L1-dcache-loads=10.633k items_per_second=5.31893M/s
BM_BUBBLE_SORT/128/1/iterations:1/repeats:50                   26.3 us         26.3 us            1 L1-dcache-loads=10.627k items_per_second=4.87044M/s
BM_BUBBLE_SORT/128/1/iterations:1/repeats:50                   25.2 us         25.2 us            1 L1-dcache-loads=10.62k items_per_second=5.08118M/s
BM_BUBBLE_SORT/128/1/iterations:1/repeats:50                   25.7 us         25.7 us            1 L1-dcache-loads=10.477k items_per_second=4.97745M/s
BM_BUBBLE_SORT/128/1/iterations:1/repeats:50                   28.1 us         28.1 us            1 L1-dcache-loads=10.57k items_per_second=4.55824M/s
BM_BUBBLE_SORT/128/1/iterations:1/repeats:50                   25.3 us         25.3 us            1 L1-dcache-loads=10.57k items_per_second=5.06049M/s
BM_BUBBLE_SORT/128/1/iterations:1/repeats:50                   24.6 us         24.6 us            1 L1-dcache-loads=10.512k items_per_second=5.20473M/s
BM_BUBBLE_SORT/128/1/iterations:1/repeats:50                   26.0 us         26.0 us            1 L1-dcache-loads=10.57k items_per_second=4.92611M/s
BM_BUBBLE_SORT/128/1/iterations:1/repeats:50                   26.1 us         26.1 us            1 L1-dcache-loads=10.612k items_per_second=4.90779M/s
BM_BUBBLE_SORT/128/1/iterations:1/repeats:50                   26.8 us         26.8 us            1 L1-dcache-loads=10.543k items_per_second=4.77238M/s
BM_BUBBLE_SORT/128/1/iterations:1/repeats:50                   25.0 us         25.0 us            1 L1-dcache-loads=10.633k items_per_second=5.11386M/s
BM_BUBBLE_SORT/128/1/iterations:1/repeats:50                   26.2 us         26.2 us            1 L1-dcache-loads=10.543k items_per_second=4.87935M/s
BM_BUBBLE_SORT/128/1/iterations:1/repeats:50                   26.3 us         26.3 us            1 L1-dcache-loads=10.57k items_per_second=4.87007M/s
BM_BUBBLE_SORT/128/1/iterations:1/repeats:50                   24.3 us         24.3 us            1 L1-dcache-loads=10.612k items_per_second=5.27596M/s
BM_BUBBLE_SORT/128/1/iterations:1/repeats:50                   26.2 us         26.3 us            1 L1-dcache-loads=10.558k items_per_second=4.87526M/s
BM_BUBBLE_SORT/128/1/iterations:1/repeats:50                   26.7 us         26.7 us            1 L1-dcache-loads=10.633k items_per_second=4.78576M/s
BM_BUBBLE_SORT/128/1/iterations:1/repeats:50                   24.1 us         24.1 us            1 L1-dcache-loads=10.648k items_per_second=5.30768M/s
BM_BUBBLE_SORT/128/1/iterations:1/repeats:50                   25.6 us         25.6 us            1 L1-dcache-loads=10.438k items_per_second=5.00098M/s
BM_BUBBLE_SORT/128/1/iterations:1/repeats:50                   27.9 us         27.9 us            1 L1-dcache-loads=10.638k items_per_second=4.59193M/s
BM_BUBBLE_SORT/128/1/iterations:1/repeats:50                   24.5 us         24.5 us            1 L1-dcache-loads=10.647k items_per_second=5.21725M/s
BM_BUBBLE_SORT/128/1/iterations:1/repeats:50                   25.4 us         25.4 us            1 L1-dcache-loads=10.627k items_per_second=5.04692M/s
BM_BUBBLE_SORT/128/1/iterations:1/repeats:50                   27.5 us         27.5 us            1 L1-dcache-loads=10.582k items_per_second=4.65522M/s
BM_BUBBLE_SORT/128/1/iterations:1/repeats:50                   27.1 us         27.1 us            1 L1-dcache-loads=10.612k items_per_second=4.73005M/s
BM_BUBBLE_SORT/128/1/iterations:1/repeats:50                   27.3 us         27.3 us            1 L1-dcache-loads=10.593k items_per_second=4.6938M/s
BM_BUBBLE_SORT/128/1/iterations:1/repeats:50                   26.7 us         26.7 us            1 L1-dcache-loads=10.62k items_per_second=4.79796M/s
BM_BUBBLE_SORT/128/1/iterations:1/repeats:50                   25.9 us         25.9 us            1 L1-dcache-loads=10.543k items_per_second=4.93313M/s
BM_BUBBLE_SORT/128/1/iterations:1/repeats:50                   26.2 us         26.2 us            1 L1-dcache-loads=10.582k items_per_second=4.88121M/s
BM_BUBBLE_SORT/128/1/iterations:1/repeats:50                   25.6 us         25.6 us            1 L1-dcache-loads=10.477k items_per_second=5.00763M/s
BM_BUBBLE_SORT/128/1/iterations:1/repeats:50                   24.3 us         24.3 us            1 L1-dcache-loads=10.582k items_per_second=5.26966M/s
BM_BUBBLE_SORT/128/1/iterations:1/repeats:50                   24.1 us         24.1 us            1 L1-dcache-loads=10.528k items_per_second=5.31959M/s
BM_BUBBLE_SORT/128/1/iterations:1/repeats:50                   27.1 us         27.1 us            1 L1-dcache-loads=10.62k items_per_second=4.71681M/s
BM_BUBBLE_SORT/128/1/iterations:1/repeats:50                   27.9 us         27.9 us            1 L1-dcache-loads=10.62k items_per_second=4.58814M/s
BM_BUBBLE_SORT/128/1/iterations:1/repeats:50                   25.9 us         25.9 us            1 L1-dcache-loads=10.582k items_per_second=4.94476M/s
BM_BUBBLE_SORT/128/1/iterations:1/repeats:50                   24.1 us         24.1 us            1 L1-dcache-loads=10.582k items_per_second=5.30812M/s
BM_BUBBLE_SORT/128/1/iterations:1/repeats:50                   26.1 us         26.1 us            1 L1-dcache-loads=10.543k items_per_second=4.91306M/s
BM_BUBBLE_SORT/128/1/iterations:1/repeats:50                   26.5 us         26.5 us            1 L1-dcache-loads=10.642k items_per_second=4.82109M/s
BM_BUBBLE_SORT/128/1/iterations:1/repeats:50                   26.0 us         26.0 us            1 L1-dcache-loads=10.458k items_per_second=4.93009M/s
BM_BUBBLE_SORT/128/1/iterations:1/repeats:50                   27.3 us         27.4 us            1 L1-dcache-loads=10.603k items_per_second=4.67939M/s
BM_BUBBLE_SORT/128/1/iterations:1/repeats:50_mean              25.9 us         25.9 us           50 L1-dcache-loads=10.5704k items_per_second=4.95985M/s
BM_BUBBLE_SORT/128/1/iterations:1/repeats:50_median            26.0 us         26.0 us           50 L1-dcache-loads=10.582k items_per_second=4.92119M/s
BM_BUBBLE_SORT/128/1/iterations:1/repeats:50_stddev            1.18 us         1.18 us           50 L1-dcache-loads=71.4317 items_per_second=229.028k/s
BM_BUBBLE_SORT/128/1/iterations:1/repeats:50_cv                4.55 %          4.55 %            50 L1-dcache-loads=0.68% items_per_second=4.62%
BM_BUBBLE_SORT/256/1/iterations:1/repeats:50                   89.1 us         89.1 us            1 L1-dcache-loads=37.592k items_per_second=2.87427M/s
BM_BUBBLE_SORT/256/1/iterations:1/repeats:50                   95.7 us         95.7 us            1 L1-dcache-loads=37.065k items_per_second=2.67609M/s
BM_BUBBLE_SORT/256/1/iterations:1/repeats:50                   98.3 us         98.3 us            1 L1-dcache-loads=37.439k items_per_second=2.60377M/s
BM_BUBBLE_SORT/256/1/iterations:1/repeats:50                   86.6 us         86.6 us            1 L1-dcache-loads=37.292k items_per_second=2.95516M/s
BM_BUBBLE_SORT/256/1/iterations:1/repeats:50                   90.5 us         90.5 us            1 L1-dcache-loads=37.316k items_per_second=2.83001M/s
BM_BUBBLE_SORT/256/1/iterations:1/repeats:50                   89.9 us         89.9 us            1 L1-dcache-loads=37.582k items_per_second=2.84862M/s
BM_BUBBLE_SORT/256/1/iterations:1/repeats:50                   88.1 us         88.1 us            1 L1-dcache-loads=37.402k items_per_second=2.90493M/s
BM_BUBBLE_SORT/256/1/iterations:1/repeats:50                   95.6 us         95.6 us            1 L1-dcache-loads=37.186k items_per_second=2.6774M/s
BM_BUBBLE_SORT/256/1/iterations:1/repeats:50                   93.6 us         93.6 us            1 L1-dcache-loads=37.157k items_per_second=2.73361M/s
BM_BUBBLE_SORT/256/1/iterations:1/repeats:50                   86.8 us         86.8 us            1 L1-dcache-loads=37.186k items_per_second=2.94798M/s
BM_BUBBLE_SORT/256/1/iterations:1/repeats:50                   91.4 us         91.3 us            1 L1-dcache-loads=37.064k items_per_second=2.80241M/s
BM_BUBBLE_SORT/256/1/iterations:1/repeats:50                   92.0 us         92.0 us            1 L1-dcache-loads=36.731k items_per_second=2.78143M/s
BM_BUBBLE_SORT/256/1/iterations:1/repeats:50                   90.4 us         90.4 us            1 L1-dcache-loads=37.515k items_per_second=2.83214M/s
BM_BUBBLE_SORT/256/1/iterations:1/repeats:50                   91.1 us         91.1 us            1 L1-dcache-loads=37.586k items_per_second=2.81072M/s
BM_BUBBLE_SORT/256/1/iterations:1/repeats:50                   90.0 us         90.0 us            1 L1-dcache-loads=37.472k items_per_second=2.84328M/s
BM_BUBBLE_SORT/256/1/iterations:1/repeats:50                   96.7 us         96.7 us            1 L1-dcache-loads=37.316k items_per_second=2.64673M/s
BM_BUBBLE_SORT/256/1/iterations:1/repeats:50                   95.0 us         95.1 us            1 L1-dcache-loads=36.997k items_per_second=2.69332M/s
BM_BUBBLE_SORT/256/1/iterations:1/repeats:50                   92.9 us         92.9 us            1 L1-dcache-loads=37.564k items_per_second=2.7542M/s
BM_BUBBLE_SORT/256/1/iterations:1/repeats:50                   95.6 us         95.6 us            1 L1-dcache-loads=37.421k items_per_second=2.67704M/s
BM_BUBBLE_SORT/256/1/iterations:1/repeats:50                   86.8 us         86.8 us            1 L1-dcache-loads=37.526k items_per_second=2.94812M/s
BM_BUBBLE_SORT/256/1/iterations:1/repeats:50                   90.4 us         90.4 us            1 L1-dcache-loads=37.439k items_per_second=2.83045M/s
BM_BUBBLE_SORT/256/1/iterations:1/repeats:50                   86.8 us         86.8 us            1 L1-dcache-loads=37.339k items_per_second=2.94843M/s
BM_BUBBLE_SORT/256/1/iterations:1/repeats:50                   94.1 us         94.1 us            1 L1-dcache-loads=37.488k items_per_second=2.72019M/s
BM_BUBBLE_SORT/256/1/iterations:1/repeats:50                   91.1 us         91.1 us            1 L1-dcache-loads=37.292k items_per_second=2.81001M/s
BM_BUBBLE_SORT/256/1/iterations:1/repeats:50                   86.8 us         86.8 us            1 L1-dcache-loads=37.157k items_per_second=2.9488M/s
BM_BUBBLE_SORT/256/1/iterations:1/repeats:50                   91.3 us         91.3 us            1 L1-dcache-loads=36.962k items_per_second=2.804M/s
BM_BUBBLE_SORT/256/1/iterations:1/repeats:50                   87.7 us         87.7 us            1 L1-dcache-loads=37.241k items_per_second=2.91808M/s
BM_BUBBLE_SORT/256/1/iterations:1/repeats:50                   93.5 us         93.5 us            1 L1-dcache-loads=37.472k items_per_second=2.73665M/s
BM_BUBBLE_SORT/256/1/iterations:1/repeats:50                   94.3 us         94.3 us            1 L1-dcache-loads=37.292k items_per_second=2.71353M/s
BM_BUBBLE_SORT/256/1/iterations:1/repeats:50                   95.0 us         95.0 us            1 L1-dcache-loads=37.556k items_per_second=2.694M/s
BM_BUBBLE_SORT/256/1/iterations:1/repeats:50                   90.4 us         90.4 us            1 L1-dcache-loads=37.064k items_per_second=2.83155M/s
BM_BUBBLE_SORT/256/1/iterations:1/repeats:50                   92.7 us         92.7 us            1 L1-dcache-loads=37.402k items_per_second=2.76276M/s
BM_BUBBLE_SORT/256/1/iterations:1/repeats:50                   97.4 us         97.4 us            1 L1-dcache-loads=37.439k items_per_second=2.62944M/s
BM_BUBBLE_SORT/256/1/iterations:1/repeats:50                   86.8 us         86.8 us            1 L1-dcache-loads=37.242k items_per_second=2.95019M/s
BM_BUBBLE_SORT/256/1/iterations:1/repeats:50                   94.7 us         94.7 us            1 L1-dcache-loads=37.592k items_per_second=2.70393M/s
BM_BUBBLE_SORT/256/1/iterations:1/repeats:50                   87.5 us         87.5 us            1 L1-dcache-loads=37.571k items_per_second=2.92719M/s
BM_BUBBLE_SORT/256/1/iterations:1/repeats:50                   90.3 us         90.3 us            1 L1-dcache-loads=37.157k items_per_second=2.83562M/s
BM_BUBBLE_SORT/256/1/iterations:1/repeats:50                   89.4 us         89.4 us            1 L1-dcache-loads=37.402k items_per_second=2.86353M/s
BM_BUBBLE_SORT/256/1/iterations:1/repeats:50                   88.2 us         88.2 us            1 L1-dcache-loads=37.292k items_per_second=2.90361M/s
BM_BUBBLE_SORT/256/1/iterations:1/repeats:50                   89.1 us         89.1 us            1 L1-dcache-loads=37.526k items_per_second=2.87253M/s
BM_BUBBLE_SORT/256/1/iterations:1/repeats:50                   93.5 us         93.5 us            1 L1-dcache-loads=37.316k items_per_second=2.73794M/s
BM_BUBBLE_SORT/256/1/iterations:1/repeats:50                   88.8 us         88.8 us            1 L1-dcache-loads=37.592k items_per_second=2.88431M/s
BM_BUBBLE_SORT/256/1/iterations:1/repeats:50                   96.5 us         96.5 us            1 L1-dcache-loads=37.361k items_per_second=2.65387M/s
BM_BUBBLE_SORT/256/1/iterations:1/repeats:50                   89.9 us         89.9 us            1 L1-dcache-loads=37.064k items_per_second=2.84881M/s
BM_BUBBLE_SORT/256/1/iterations:1/repeats:50                   95.1 us         95.1 us            1 L1-dcache-loads=37.457k items_per_second=2.69241M/s
BM_BUBBLE_SORT/256/1/iterations:1/repeats:50                   92.1 us         92.1 us            1 L1-dcache-loads=37.316k items_per_second=2.78064M/s
BM_BUBBLE_SORT/256/1/iterations:1/repeats:50                   94.0 us         94.0 us            1 L1-dcache-loads=37.526k items_per_second=2.7241M/s
BM_BUBBLE_SORT/256/1/iterations:1/repeats:50                   90.7 us         90.7 us            1 L1-dcache-loads=37.537k items_per_second=2.82128M/s
BM_BUBBLE_SORT/256/1/iterations:1/repeats:50                   90.3 us         90.3 us            1 L1-dcache-loads=37.402k items_per_second=2.83587M/s
BM_BUBBLE_SORT/256/1/iterations:1/repeats:50                   94.4 us         94.4 us            1 L1-dcache-loads=37.339k items_per_second=2.71192M/s
BM_BUBBLE_SORT/256/1/iterations:1/repeats:50_mean              91.6 us         91.6 us           50 L1-dcache-loads=37.3449k items_per_second=2.79874M/s
BM_BUBBLE_SORT/256/1/iterations:1/repeats:50_median            91.1 us         91.1 us           50 L1-dcache-loads=37.3815k items_per_second=2.81036M/s
BM_BUBBLE_SORT/256/1/iterations:1/repeats:50_stddev            3.21 us         3.21 us           50 L1-dcache-loads=195.272 items_per_second=97.654k/s
BM_BUBBLE_SORT/256/1/iterations:1/repeats:50_cv                3.50 %          3.50 %            50 L1-dcache-loads=0.52% items_per_second=3.49%
BM_BUBBLE_SORT/512/1/iterations:1/repeats:50                    356 us          356 us            1 L1-dcache-loads=140.605k items_per_second=1.43654M/s
BM_BUBBLE_SORT/512/1/iterations:1/repeats:50                    349 us          349 us            1 L1-dcache-loads=140.422k items_per_second=1.46607M/s
BM_BUBBLE_SORT/512/1/iterations:1/repeats:50                    350 us          350 us            1 L1-dcache-loads=140.512k items_per_second=1.46402M/s
BM_BUBBLE_SORT/512/1/iterations:1/repeats:50                    351 us          351 us            1 L1-dcache-loads=140.48k items_per_second=1.45753M/s
BM_BUBBLE_SORT/512/1/iterations:1/repeats:50                    347 us          347 us            1 L1-dcache-loads=140.479k items_per_second=1.47364M/s
BM_BUBBLE_SORT/512/1/iterations:1/repeats:50                    340 us          340 us            1 L1-dcache-loads=140.611k items_per_second=1.50794M/s
BM_BUBBLE_SORT/512/1/iterations:1/repeats:50                    351 us          351 us            1 L1-dcache-loads=139.813k items_per_second=1.46012M/s
BM_BUBBLE_SORT/512/1/iterations:1/repeats:50                    346 us          346 us            1 L1-dcache-loads=140.596k items_per_second=1.48047M/s
BM_BUBBLE_SORT/512/1/iterations:1/repeats:50                    344 us          344 us            1 L1-dcache-loads=140.167k items_per_second=1.48989M/s
BM_BUBBLE_SORT/512/1/iterations:1/repeats:50                    329 us          329 us            1 L1-dcache-loads=140.597k items_per_second=1.55446M/s
BM_BUBBLE_SORT/512/1/iterations:1/repeats:50                    358 us          358 us            1 L1-dcache-loads=140.596k items_per_second=1.43191M/s
BM_BUBBLE_SORT/512/1/iterations:1/repeats:50                    341 us          341 us            1 L1-dcache-loads=140.281k items_per_second=1.50107M/s
BM_BUBBLE_SORT/512/1/iterations:1/repeats:50                    347 us          347 us            1 L1-dcache-loads=139.358k items_per_second=1.47445M/s
BM_BUBBLE_SORT/512/1/iterations:1/repeats:50                    335 us          335 us            1 L1-dcache-loads=140.622k items_per_second=1.52937M/s
BM_BUBBLE_SORT/512/1/iterations:1/repeats:50                    330 us          330 us            1 L1-dcache-loads=139.306k items_per_second=1.55144M/s
BM_BUBBLE_SORT/512/1/iterations:1/repeats:50                    349 us          349 us            1 L1-dcache-loads=140.612k items_per_second=1.4685M/s
BM_BUBBLE_SORT/512/1/iterations:1/repeats:50                    325 us          325 us            1 L1-dcache-loads=140.442k items_per_second=1.57344M/s
BM_BUBBLE_SORT/512/1/iterations:1/repeats:50                    334 us          334 us            1 L1-dcache-loads=140.356k items_per_second=1.533M/s
BM_BUBBLE_SORT/512/1/iterations:1/repeats:50                    344 us          344 us            1 L1-dcache-loads=140.632k items_per_second=1.48654M/s
BM_BUBBLE_SORT/512/1/iterations:1/repeats:50                    345 us          345 us            1 L1-dcache-loads=140.104k items_per_second=1.48332M/s
BM_BUBBLE_SORT/512/1/iterations:1/repeats:50                    345 us          345 us            1 L1-dcache-loads=140.442k items_per_second=1.48299M/s
BM_BUBBLE_SORT/512/1/iterations:1/repeats:50                    337 us          337 us            1 L1-dcache-loads=140.578k items_per_second=1.51906M/s
BM_BUBBLE_SORT/512/1/iterations:1/repeats:50                    355 us          355 us            1 L1-dcache-loads=140.629k items_per_second=1.44164M/s
BM_BUBBLE_SORT/512/1/iterations:1/repeats:50                    343 us          343 us            1 L1-dcache-loads=140.38k items_per_second=1.49123M/s
BM_BUBBLE_SORT/512/1/iterations:1/repeats:50                    349 us          349 us            1 L1-dcache-loads=140.479k items_per_second=1.46818M/s
BM_BUBBLE_SORT/512/1/iterations:1/repeats:50                    338 us          338 us            1 L1-dcache-loads=140.401k items_per_second=1.51455M/s
BM_BUBBLE_SORT/512/1/iterations:1/repeats:50                    360 us          360 us            1 L1-dcache-loads=140.255k items_per_second=1.42348M/s
BM_BUBBLE_SORT/512/1/iterations:1/repeats:50                    331 us          331 us            1 L1-dcache-loads=140.197k items_per_second=1.54885M/s
BM_BUBBLE_SORT/512/1/iterations:1/repeats:50                    336 us          336 us            1 L1-dcache-loads=140.104k items_per_second=1.52454M/s
BM_BUBBLE_SORT/512/1/iterations:1/repeats:50                    355 us          355 us            1 L1-dcache-loads=140.597k items_per_second=1.4415M/s
BM_BUBBLE_SORT/512/1/iterations:1/repeats:50                    349 us          349 us            1 L1-dcache-loads=140.541k items_per_second=1.46832M/s
BM_BUBBLE_SORT/512/1/iterations:1/repeats:50                    349 us          349 us            1 L1-dcache-loads=140.617k items_per_second=1.46662M/s
BM_BUBBLE_SORT/512/1/iterations:1/repeats:50                    345 us          345 us            1 L1-dcache-loads=140.462k items_per_second=1.48593M/s
BM_BUBBLE_SORT/512/1/iterations:1/repeats:50                    334 us          334 us            1 L1-dcache-loads=140.611k items_per_second=1.53274M/s
BM_BUBBLE_SORT/512/1/iterations:1/repeats:50                    345 us          345 us            1 L1-dcache-loads=137.706k items_per_second=1.48293M/s
BM_BUBBLE_SORT/512/1/iterations:1/repeats:50                    343 us          343 us            1 L1-dcache-loads=140.282k items_per_second=1.49358M/s
BM_BUBBLE_SORT/512/1/iterations:1/repeats:50                    345 us          345 us            1 L1-dcache-loads=140.442k items_per_second=1.4851M/s
BM_BUBBLE_SORT/512/1/iterations:1/repeats:50                    349 us          349 us            1 L1-dcache-loads=140.604k items_per_second=1.46891M/s
BM_BUBBLE_SORT/512/1/iterations:1/repeats:50                    333 us          333 us            1 L1-dcache-loads=140.38k items_per_second=1.53592M/s
BM_BUBBLE_SORT/512/1/iterations:1/repeats:50                    349 us          349 us            1 L1-dcache-loads=139.966k items_per_second=1.46783M/s
BM_BUBBLE_SORT/512/1/iterations:1/repeats:50                    337 us          337 us            1 L1-dcache-loads=140.167k items_per_second=1.51992M/s
BM_BUBBLE_SORT/512/1/iterations:1/repeats:50                    347 us          347 us            1 L1-dcache-loads=140.227k items_per_second=1.47651M/s
BM_BUBBLE_SORT/512/1/iterations:1/repeats:50                    334 us          334 us            1 L1-dcache-loads=139.407k items_per_second=1.53268M/s
BM_BUBBLE_SORT/512/1/iterations:1/repeats:50                    336 us          336 us            1 L1-dcache-loads=140.422k items_per_second=1.5253M/s
BM_BUBBLE_SORT/512/1/iterations:1/repeats:50                    332 us          332 us            1 L1-dcache-loads=140.462k items_per_second=1.54285M/s
BM_BUBBLE_SORT/512/1/iterations:1/repeats:50                    338 us          338 us            1 L1-dcache-loads=140.167k items_per_second=1.51486M/s
BM_BUBBLE_SORT/512/1/iterations:1/repeats:50                    372 us          372 us            1 L1-dcache-loads=140.611k items_per_second=1.37475M/s
BM_BUBBLE_SORT/512/1/iterations:1/repeats:50                    355 us          355 us            1 L1-dcache-loads=140.443k items_per_second=1.44253M/s
BM_BUBBLE_SORT/512/1/iterations:1/repeats:50                    340 us          340 us            1 L1-dcache-loads=138.286k items_per_second=1.50383M/s
BM_BUBBLE_SORT/512/1/iterations:1/repeats:50                    351 us          351 us            1 L1-dcache-loads=140.401k items_per_second=1.45957M/s
BM_BUBBLE_SORT/512/1/iterations:1/repeats:50_mean               344 us          344 us           50 L1-dcache-loads=140.257k items_per_second=1.48921M/s
BM_BUBBLE_SORT/512/1/iterations:1/repeats:50_median             345 us          345 us           50 L1-dcache-loads=140.442k items_per_second=1.48421M/s
BM_BUBBLE_SORT/512/1/iterations:1/repeats:50_stddev            9.11 us         9.11 us           50 L1-dcache-loads=565.809 items_per_second=39.1747k/s
BM_BUBBLE_SORT/512/1/iterations:1/repeats:50_cv                2.65 %          2.65 %            50 L1-dcache-loads=0.40% items_per_second=2.63%
BM_BUBBLE_SORT/1024/1/iterations:1/repeats:50                  1299 us         1299 us            1 L1-dcache-loads=542.76k items_per_second=788.54k/s
BM_BUBBLE_SORT/1024/1/iterations:1/repeats:50                  1353 us         1353 us            1 L1-dcache-loads=542.886k items_per_second=756.877k/s
BM_BUBBLE_SORT/1024/1/iterations:1/repeats:50                  1291 us         1291 us            1 L1-dcache-loads=543.202k items_per_second=792.884k/s
BM_BUBBLE_SORT/1024/1/iterations:1/repeats:50                  1346 us         1346 us            1 L1-dcache-loads=543.201k items_per_second=760.889k/s
BM_BUBBLE_SORT/1024/1/iterations:1/repeats:50                  1337 us         1337 us            1 L1-dcache-loads=543.021k items_per_second=766.059k/s
BM_BUBBLE_SORT/1024/1/iterations:1/repeats:50                  1339 us         1339 us            1 L1-dcache-loads=541.996k items_per_second=764.935k/s
BM_BUBBLE_SORT/1024/1/iterations:1/repeats:50                  1311 us         1311 us            1 L1-dcache-loads=543.318k items_per_second=781.358k/s
BM_BUBBLE_SORT/1024/1/iterations:1/repeats:50                  1343 us         1343 us            1 L1-dcache-loads=542.915k items_per_second=762.729k/s
BM_BUBBLE_SORT/1024/1/iterations:1/repeats:50                  1341 us         1341 us            1 L1-dcache-loads=542.761k items_per_second=763.667k/s
BM_BUBBLE_SORT/1024/1/iterations:1/repeats:50                  1363 us         1363 us            1 L1-dcache-loads=542.46k items_per_second=751.159k/s
BM_BUBBLE_SORT/1024/1/iterations:1/repeats:50                  1303 us         1303 us            1 L1-dcache-loads=541.781k items_per_second=785.646k/s
BM_BUBBLE_SORT/1024/1/iterations:1/repeats:50                  1291 us         1291 us            1 L1-dcache-loads=543.286k items_per_second=793.05k/s
BM_BUBBLE_SORT/1024/1/iterations:1/repeats:50                  1355 us         1355 us            1 L1-dcache-loads=542.541k items_per_second=755.724k/s
BM_BUBBLE_SORT/1024/1/iterations:1/repeats:50                  1354 us         1354 us            1 L1-dcache-loads=542.793k items_per_second=756.465k/s
BM_BUBBLE_SORT/1024/1/iterations:1/repeats:50                  1341 us         1341 us            1 L1-dcache-loads=540.547k items_per_second=763.506k/s
BM_BUBBLE_SORT/1024/1/iterations:1/repeats:50                  1327 us         1327 us            1 L1-dcache-loads=543.255k items_per_second=771.672k/s
BM_BUBBLE_SORT/1024/1/iterations:1/repeats:50                  1314 us         1314 us            1 L1-dcache-loads=542.76k items_per_second=779.041k/s
BM_BUBBLE_SORT/1024/1/iterations:1/repeats:50                  1400 us         1400 us            1 L1-dcache-loads=542.887k items_per_second=731.629k/s
BM_BUBBLE_SORT/1024/1/iterations:1/repeats:50                  1359 us         1359 us            1 L1-dcache-loads=542.618k items_per_second=753.424k/s
BM_BUBBLE_SORT/1024/1/iterations:1/repeats:50                  1307 us         1307 us            1 L1-dcache-loads=542.541k items_per_second=783.394k/s
BM_BUBBLE_SORT/1024/1/iterations:1/repeats:50                  1381 us         1381 us            1 L1-dcache-loads=541.726k items_per_second=741.339k/s
BM_BUBBLE_SORT/1024/1/iterations:1/repeats:50                  1332 us         1332 us            1 L1-dcache-loads=542.97k items_per_second=769.019k/s
BM_BUBBLE_SORT/1024/1/iterations:1/repeats:50                  1357 us         1357 us            1 L1-dcache-loads=542.619k items_per_second=754.506k/s
BM_BUBBLE_SORT/1024/1/iterations:1/repeats:50                  1325 us         1325 us            1 L1-dcache-loads=542.046k items_per_second=772.668k/s
BM_BUBBLE_SORT/1024/1/iterations:1/repeats:50                  1343 us         1343 us            1 L1-dcache-loads=542.046k items_per_second=762.476k/s
BM_BUBBLE_SORT/1024/1/iterations:1/repeats:50                  1377 us         1377 us            1 L1-dcache-loads=542.581k items_per_second=743.673k/s
BM_BUBBLE_SORT/1024/1/iterations:1/repeats:50                  1346 us         1346 us            1 L1-dcache-loads=541.836k items_per_second=760.665k/s
BM_BUBBLE_SORT/1024/1/iterations:1/repeats:50                  1327 us         1327 us            1 L1-dcache-loads=542.24k items_per_second=771.948k/s
BM_BUBBLE_SORT/1024/1/iterations:1/repeats:50                  1340 us         1340 us            1 L1-dcache-loads=541.944k items_per_second=764.094k/s
BM_BUBBLE_SORT/1024/1/iterations:1/repeats:50                  1346 us         1346 us            1 L1-dcache-loads=542.825k items_per_second=760.982k/s
BM_BUBBLE_SORT/1024/1/iterations:1/repeats:50                  1362 us         1362 us            1 L1-dcache-loads=541.368k items_per_second=752.046k/s
BM_BUBBLE_SORT/1024/1/iterations:1/repeats:50                  1277 us         1277 us            1 L1-dcache-loads=540.319k items_per_second=801.955k/s
BM_BUBBLE_SORT/1024/1/iterations:1/repeats:50                  1355 us         1355 us            1 L1-dcache-loads=542.46k items_per_second=755.879k/s
BM_BUBBLE_SORT/1024/1/iterations:1/repeats:50                  1325 us         1325 us            1 L1-dcache-loads=543.293k items_per_second=773.02k/s
BM_BUBBLE_SORT/1024/1/iterations:1/repeats:50                  1338 us         1338 us            1 L1-dcache-loads=541.669k items_per_second=765.558k/s
BM_BUBBLE_SORT/1024/1/iterations:1/repeats:50                  1337 us         1337 us            1 L1-dcache-loads=541.725k items_per_second=765.963k/s
BM_BUBBLE_SORT/1024/1/iterations:1/repeats:50                  1346 us         1346 us            1 L1-dcache-loads=542.76k items_per_second=760.738k/s
BM_BUBBLE_SORT/1024/1/iterations:1/repeats:50                  1353 us         1353 us            1 L1-dcache-loads=543.046k items_per_second=756.979k/s
BM_BUBBLE_SORT/1024/1/iterations:1/repeats:50                  1403 us         1403 us            1 L1-dcache-loads=542.886k items_per_second=729.91k/s
BM_BUBBLE_SORT/1024/1/iterations:1/repeats:50                  1360 us         1360 us            1 L1-dcache-loads=543.3k items_per_second=753.063k/s
BM_BUBBLE_SORT/1024/1/iterations:1/repeats:50                  1330 us         1330 us            1 L1-dcache-loads=543.307k items_per_second=769.657k/s
BM_BUBBLE_SORT/1024/1/iterations:1/repeats:50                  1270 us         1270 us            1 L1-dcache-loads=540.471k items_per_second=806.209k/s
BM_BUBBLE_SORT/1024/1/iterations:1/repeats:50                  1294 us         1294 us            1 L1-dcache-loads=542.886k items_per_second=791.213k/s
BM_BUBBLE_SORT/1024/1/iterations:1/repeats:50                  1321 us         1321 us            1 L1-dcache-loads=542.581k items_per_second=775.183k/s
BM_BUBBLE_SORT/1024/1/iterations:1/repeats:50                  1295 us         1295 us            1 L1-dcache-loads=540.081k items_per_second=790.478k/s
BM_BUBBLE_SORT/1024/1/iterations:1/repeats:50                  1469 us         1335 us            1 L1-dcache-loads=542.97k items_per_second=766.928k/s
BM_BUBBLE_SORT/1024/1/iterations:1/repeats:50                  1319 us         1319 us            1 L1-dcache-loads=539.752k items_per_second=776.489k/s
BM_BUBBLE_SORT/1024/1/iterations:1/repeats:50                  1317 us         1317 us            1 L1-dcache-loads=542.24k items_per_second=777.642k/s
BM_BUBBLE_SORT/1024/1/iterations:1/repeats:50                  1316 us         1316 us            1 L1-dcache-loads=542.886k items_per_second=778.318k/s
BM_BUBBLE_SORT/1024/1/iterations:1/repeats:50                  1343 us         1343 us            1 L1-dcache-loads=543.301k items_per_second=762.602k/s
BM_BUBBLE_SORT/1024/1/iterations:1/repeats:50_mean             1338 us         1335 us           50 L1-dcache-loads=542.393k items_per_second=767.477k/s
BM_BUBBLE_SORT/1024/1/iterations:1/repeats:50_median           1339 us         1338 us           50 L1-dcache-loads=542.689k items_per_second=765.246k/s
BM_BUBBLE_SORT/1024/1/iterations:1/repeats:50_stddev           34.0 us         28.1 us           50 L1-dcache-loads=887.598 items_per_second=16.1902k/s
BM_BUBBLE_SORT/1024/1/iterations:1/repeats:50_cv               2.54 %          2.11 %            50 L1-dcache-loads=0.16% items_per_second=2.11%
BM_BUBBLE_SORT/2048/1/iterations:1/repeats:50                  5061 us         5061 us            1 L1-dcache-loads=2.12738M items_per_second=404.647k/s
BM_BUBBLE_SORT/2048/1/iterations:1/repeats:50                  5179 us         5179 us            1 L1-dcache-loads=2.13181M items_per_second=395.416k/s
BM_BUBBLE_SORT/2048/1/iterations:1/repeats:50                  5206 us         5206 us            1 L1-dcache-loads=2.13181M items_per_second=393.406k/s
BM_BUBBLE_SORT/2048/1/iterations:1/repeats:50                  5304 us         5304 us            1 L1-dcache-loads=2.13506M items_per_second=386.155k/s
BM_BUBBLE_SORT/2048/1/iterations:1/repeats:50                  5153 us         5153 us            1 L1-dcache-loads=2.13251M items_per_second=397.416k/s
BM_BUBBLE_SORT/2048/1/iterations:1/repeats:50                  5096 us         5096 us            1 L1-dcache-loads=2.13365M items_per_second=401.857k/s
BM_BUBBLE_SORT/2048/1/iterations:1/repeats:50                  5168 us         5168 us            1 L1-dcache-loads=2.13292M items_per_second=396.298k/s
BM_BUBBLE_SORT/2048/1/iterations:1/repeats:50                  5229 us         5228 us            1 L1-dcache-loads=2.1351M items_per_second=391.702k/s
BM_BUBBLE_SORT/2048/1/iterations:1/repeats:50                  5128 us         5128 us            1 L1-dcache-loads=2.13483M items_per_second=399.407k/s
BM_BUBBLE_SORT/2048/1/iterations:1/repeats:50                  5152 us         5152 us            1 L1-dcache-loads=2.13435M items_per_second=397.497k/s
BM_BUBBLE_SORT/2048/1/iterations:1/repeats:50                  5158 us         5158 us            1 L1-dcache-loads=2.13423M items_per_second=397.027k/s
BM_BUBBLE_SORT/2048/1/iterations:1/repeats:50                  5115 us         5115 us            1 L1-dcache-loads=2.13461M items_per_second=400.425k/s
BM_BUBBLE_SORT/2048/1/iterations:1/repeats:50                  5151 us         5151 us            1 L1-dcache-loads=2.13454M items_per_second=397.563k/s
BM_BUBBLE_SORT/2048/1/iterations:1/repeats:50                  5199 us         5199 us            1 L1-dcache-loads=2.13243M items_per_second=393.903k/s
BM_BUBBLE_SORT/2048/1/iterations:1/repeats:50                  5075 us         5075 us            1 L1-dcache-loads=2.13443M items_per_second=403.546k/s
BM_BUBBLE_SORT/2048/1/iterations:1/repeats:50                  5124 us         5124 us            1 L1-dcache-loads=2.13447M items_per_second=399.672k/s
BM_BUBBLE_SORT/2048/1/iterations:1/repeats:50                  5216 us         5216 us            1 L1-dcache-loads=2.13286M items_per_second=392.632k/s
BM_BUBBLE_SORT/2048/1/iterations:1/repeats:50                  5067 us         5067 us            1 L1-dcache-loads=2.13414M items_per_second=404.171k/s
BM_BUBBLE_SORT/2048/1/iterations:1/repeats:50                  5230 us         5230 us            1 L1-dcache-loads=2.13342M items_per_second=391.56k/s
BM_BUBBLE_SORT/2048/1/iterations:1/repeats:50                  5163 us         5163 us            1 L1-dcache-loads=2.13492M items_per_second=396.696k/s
BM_BUBBLE_SORT/2048/1/iterations:1/repeats:50                  5111 us         5111 us            1 L1-dcache-loads=2.1347M items_per_second=400.707k/s
BM_BUBBLE_SORT/2048/1/iterations:1/repeats:50                  5275 us         5275 us            1 L1-dcache-loads=2.13401M items_per_second=388.257k/s
BM_BUBBLE_SORT/2048/1/iterations:1/repeats:50                  5361 us         5361 us            1 L1-dcache-loads=2.13359M items_per_second=382.034k/s
BM_BUBBLE_SORT/2048/1/iterations:1/repeats:50                  5197 us         5197 us            1 L1-dcache-loads=2.13048M items_per_second=394.1k/s
BM_BUBBLE_SORT/2048/1/iterations:1/repeats:50                  5247 us         5247 us            1 L1-dcache-loads=2.13414M items_per_second=390.312k/s
BM_BUBBLE_SORT/2048/1/iterations:1/repeats:50                  5192 us         5192 us            1 L1-dcache-loads=2.13181M items_per_second=394.457k/s
BM_BUBBLE_SORT/2048/1/iterations:1/repeats:50                  5174 us         5174 us            1 L1-dcache-loads=2.1347M items_per_second=395.824k/s
BM_BUBBLE_SORT/2048/1/iterations:1/repeats:50                  5155 us         5155 us            1 L1-dcache-loads=2.13221M items_per_second=397.318k/s
BM_BUBBLE_SORT/2048/1/iterations:1/repeats:50                  5251 us         5251 us            1 L1-dcache-loads=2.13113M items_per_second=390.051k/s
BM_BUBBLE_SORT/2048/1/iterations:1/repeats:50                  5191 us         5191 us            1 L1-dcache-loads=2.13513M items_per_second=394.548k/s
BM_BUBBLE_SORT/2048/1/iterations:1/repeats:50                  5105 us         5105 us            1 L1-dcache-loads=2.13213M items_per_second=401.162k/s
BM_BUBBLE_SORT/2048/1/iterations:1/repeats:50                  5180 us         5180 us            1 L1-dcache-loads=2.13401M items_per_second=395.377k/s
BM_BUBBLE_SORT/2048/1/iterations:1/repeats:50                  5110 us         5109 us            1 L1-dcache-loads=2.13496M items_per_second=400.824k/s
BM_BUBBLE_SORT/2048/1/iterations:1/repeats:50                  5230 us         5230 us            1 L1-dcache-loads=2.13507M items_per_second=391.559k/s
BM_BUBBLE_SORT/2048/1/iterations:1/repeats:50                  5083 us         5083 us            1 L1-dcache-loads=2.1349M items_per_second=402.889k/s
BM_BUBBLE_SORT/2048/1/iterations:1/repeats:50                  5072 us         5072 us            1 L1-dcache-loads=2.1351M items_per_second=403.825k/s
BM_BUBBLE_SORT/2048/1/iterations:1/repeats:50                  5214 us         5214 us            1 L1-dcache-loads=2.12366M items_per_second=392.767k/s
BM_BUBBLE_SORT/2048/1/iterations:1/repeats:50                  5171 us         5171 us            1 L1-dcache-loads=2.13348M items_per_second=396.09k/s
BM_BUBBLE_SORT/2048/1/iterations:1/repeats:50                  5118 us         5118 us            1 L1-dcache-loads=2.1333M items_per_second=400.14k/s
BM_BUBBLE_SORT/2048/1/iterations:1/repeats:50                  5267 us         5267 us            1 L1-dcache-loads=2.1337M items_per_second=388.808k/s
BM_BUBBLE_SORT/2048/1/iterations:1/repeats:50                  5113 us         5113 us            1 L1-dcache-loads=2.13165M items_per_second=400.558k/s
BM_BUBBLE_SORT/2048/1/iterations:1/repeats:50                  5277 us         5277 us            1 L1-dcache-loads=2.13494M items_per_second=388.083k/s
BM_BUBBLE_SORT/2048/1/iterations:1/repeats:50                  5109 us         5109 us            1 L1-dcache-loads=2.13038M items_per_second=400.879k/s
BM_BUBBLE_SORT/2048/1/iterations:1/repeats:50                  5226 us         5226 us            1 L1-dcache-loads=2.13197M items_per_second=391.906k/s
BM_BUBBLE_SORT/2048/1/iterations:1/repeats:50                  5128 us         5128 us            1 L1-dcache-loads=2.13381M items_per_second=399.414k/s
BM_BUBBLE_SORT/2048/1/iterations:1/repeats:50                  5152 us         5152 us            1 L1-dcache-loads=2.13454M items_per_second=397.518k/s
BM_BUBBLE_SORT/2048/1/iterations:1/repeats:50                  5049 us         5049 us            1 L1-dcache-loads=2.13359M items_per_second=405.66k/s
BM_BUBBLE_SORT/2048/1/iterations:1/repeats:50                  5304 us         5304 us            1 L1-dcache-loads=2.1347M items_per_second=386.097k/s
BM_BUBBLE_SORT/2048/1/iterations:1/repeats:50                  5163 us         5163 us            1 L1-dcache-loads=2.13476M items_per_second=396.65k/s
BM_BUBBLE_SORT/2048/1/iterations:1/repeats:50                  5099 us         5099 us            1 L1-dcache-loads=2.13272M items_per_second=401.617k/s
BM_BUBBLE_SORT/2048/1/iterations:1/repeats:50_mean             5170 us         5170 us           50 L1-dcache-loads=2.13329M items_per_second=396.209k/s
BM_BUBBLE_SORT/2048/1/iterations:1/repeats:50_median           5163 us         5163 us           50 L1-dcache-loads=2.13391M items_per_second=396.673k/s
BM_BUBBLE_SORT/2048/1/iterations:1/repeats:50_stddev           70.6 us         70.6 us           50 L1-dcache-loads=2.09251k items_per_second=5.37507k/s
BM_BUBBLE_SORT/2048/1/iterations:1/repeats:50_cv               1.36 %          1.36 %            50 L1-dcache-loads=0.10% items_per_second=1.36%
BM_BUBBLE_SORT/4096/1/iterations:1/repeats:50                 19996 us        19996 us            1 L1-dcache-loads=8.46221M items_per_second=204.844k/s
BM_BUBBLE_SORT/4096/1/iterations:1/repeats:50                 20216 us        20216 us            1 L1-dcache-loads=8.45839M items_per_second=202.613k/s
BM_BUBBLE_SORT/4096/1/iterations:1/repeats:50                 20158 us        20158 us            1 L1-dcache-loads=8.46341M items_per_second=203.198k/s
BM_BUBBLE_SORT/4096/1/iterations:1/repeats:50                 20106 us        20106 us            1 L1-dcache-loads=8.45611M items_per_second=203.725k/s
BM_BUBBLE_SORT/4096/1/iterations:1/repeats:50                 20649 us        20649 us            1 L1-dcache-loads=8.4639M items_per_second=198.365k/s
BM_BUBBLE_SORT/4096/1/iterations:1/repeats:50                 20352 us        20347 us            1 L1-dcache-loads=8.46172M items_per_second=201.312k/s
BM_BUBBLE_SORT/4096/1/iterations:1/repeats:50                 20470 us        20470 us            1 L1-dcache-loads=8.45964M items_per_second=200.096k/s
BM_BUBBLE_SORT/4096/1/iterations:1/repeats:50                 20610 us        20610 us            1 L1-dcache-loads=8.4503M items_per_second=198.736k/s
BM_BUBBLE_SORT/4096/1/iterations:1/repeats:50                 20473 us        20468 us            1 L1-dcache-loads=8.45924M items_per_second=200.114k/s
BM_BUBBLE_SORT/4096/1/iterations:1/repeats:50                 20232 us        20232 us            1 L1-dcache-loads=8.46375M items_per_second=202.455k/s
BM_BUBBLE_SORT/4096/1/iterations:1/repeats:50                 20174 us        20174 us            1 L1-dcache-loads=8.45558M items_per_second=203.039k/s
BM_BUBBLE_SORT/4096/1/iterations:1/repeats:50                 21306 us        20574 us            1 L1-dcache-loads=8.45662M items_per_second=199.083k/s
BM_BUBBLE_SORT/4096/1/iterations:1/repeats:50                 20506 us        20428 us            1 L1-dcache-loads=8.46367M items_per_second=200.509k/s
BM_BUBBLE_SORT/4096/1/iterations:1/repeats:50                 24806 us        20545 us            1 L1-dcache-loads=8.46012M items_per_second=199.367k/s
BM_BUBBLE_SORT/4096/1/iterations:1/repeats:50                 20415 us        20410 us            1 L1-dcache-loads=8.45571M items_per_second=200.686k/s
BM_BUBBLE_SORT/4096/1/iterations:1/repeats:50                 20632 us        20632 us            1 L1-dcache-loads=8.45747M items_per_second=198.527k/s
BM_BUBBLE_SORT/4096/1/iterations:1/repeats:50                 20665 us        20665 us            1 L1-dcache-loads=8.46179M items_per_second=198.208k/s
BM_BUBBLE_SORT/4096/1/iterations:1/repeats:50                 20363 us        20363 us            1 L1-dcache-loads=8.45711M items_per_second=201.146k/s
BM_BUBBLE_SORT/4096/1/iterations:1/repeats:50                 20308 us        20304 us            1 L1-dcache-loads=8.45993M items_per_second=201.73k/s
BM_BUBBLE_SORT/4096/1/iterations:1/repeats:50                 20555 us        20555 us            1 L1-dcache-loads=8.45984M items_per_second=199.268k/s
BM_BUBBLE_SORT/4096/1/iterations:1/repeats:50                 20142 us        20141 us            1 L1-dcache-loads=8.46235M items_per_second=203.362k/s
BM_BUBBLE_SORT/4096/1/iterations:1/repeats:50                 20353 us        20350 us            1 L1-dcache-loads=8.4629M items_per_second=201.278k/s
BM_BUBBLE_SORT/4096/1/iterations:1/repeats:50                 20234 us        20234 us            1 L1-dcache-loads=8.46442M items_per_second=202.43k/s
BM_BUBBLE_SORT/4096/1/iterations:1/repeats:50                 20365 us        20363 us            1 L1-dcache-loads=8.46117M items_per_second=201.154k/s
BM_BUBBLE_SORT/4096/1/iterations:1/repeats:50                 20748 us        20578 us            1 L1-dcache-loads=8.45964M items_per_second=199.048k/s
BM_BUBBLE_SORT/4096/1/iterations:1/repeats:50                 20235 us        20235 us            1 L1-dcache-loads=8.46254M items_per_second=202.426k/s
BM_BUBBLE_SORT/4096/1/iterations:1/repeats:50                 20373 us        20373 us            1 L1-dcache-loads=8.46278M items_per_second=201.055k/s
BM_BUBBLE_SORT/4096/1/iterations:1/repeats:50                 20491 us        20489 us            1 L1-dcache-loads=8.46424M items_per_second=199.91k/s
BM_BUBBLE_SORT/4096/1/iterations:1/repeats:50                 20410 us        20409 us            1 L1-dcache-loads=8.45914M items_per_second=200.692k/s
BM_BUBBLE_SORT/4096/1/iterations:1/repeats:50                 20501 us        20501 us            1 L1-dcache-loads=8.4626M items_per_second=199.795k/s
BM_BUBBLE_SORT/4096/1/iterations:1/repeats:50                 20208 us        20190 us            1 L1-dcache-loads=8.46393M items_per_second=202.869k/s
BM_BUBBLE_SORT/4096/1/iterations:1/repeats:50                 20675 us        20675 us            1 L1-dcache-loads=8.46235M items_per_second=198.118k/s
BM_BUBBLE_SORT/4096/1/iterations:1/repeats:50                 20354 us        20354 us            1 L1-dcache-loads=8.46215M items_per_second=201.238k/s
BM_BUBBLE_SORT/4096/1/iterations:1/repeats:50                 20234 us        20232 us            1 L1-dcache-loads=8.45914M items_per_second=202.451k/s
BM_BUBBLE_SORT/4096/1/iterations:1/repeats:50                 20343 us        20343 us            1 L1-dcache-loads=8.46272M items_per_second=201.348k/s
BM_BUBBLE_SORT/4096/1/iterations:1/repeats:50                 20296 us        20296 us            1 L1-dcache-loads=8.46109M items_per_second=201.814k/s
BM_BUBBLE_SORT/4096/1/iterations:1/repeats:50                 20731 us        20572 us            1 L1-dcache-loads=8.45871M items_per_second=199.102k/s
BM_BUBBLE_SORT/4096/1/iterations:1/repeats:50                 20499 us        20499 us            1 L1-dcache-loads=8.45914M items_per_second=199.813k/s
BM_BUBBLE_SORT/4096/1/iterations:1/repeats:50                 20332 us        20332 us            1 L1-dcache-loads=8.45954M items_per_second=201.452k/s
BM_BUBBLE_SORT/4096/1/iterations:1/repeats:50                 20648 us        20648 us            1 L1-dcache-loads=8.45817M items_per_second=198.373k/s
BM_BUBBLE_SORT/4096/1/iterations:1/repeats:50                 20503 us        20503 us            1 L1-dcache-loads=8.46359M items_per_second=199.774k/s
BM_BUBBLE_SORT/4096/1/iterations:1/repeats:50                 20203 us        20202 us            1 L1-dcache-loads=8.46141M items_per_second=202.748k/s
BM_BUBBLE_SORT/4096/1/iterations:1/repeats:50                 20633 us        20633 us            1 L1-dcache-loads=8.45771M items_per_second=198.513k/s
BM_BUBBLE_SORT/4096/1/iterations:1/repeats:50                 20478 us        20478 us            1 L1-dcache-loads=8.45984M items_per_second=200.02k/s
BM_BUBBLE_SORT/4096/1/iterations:1/repeats:50                 20359 us        20359 us            1 L1-dcache-loads=8.46346M items_per_second=201.188k/s
BM_BUBBLE_SORT/4096/1/iterations:1/repeats:50                 20497 us        20496 us            1 L1-dcache-loads=8.46031M items_per_second=199.84k/s
BM_BUBBLE_SORT/4096/1/iterations:1/repeats:50                 20452 us        20450 us            1 L1-dcache-loads=8.45914M items_per_second=200.296k/s
BM_BUBBLE_SORT/4096/1/iterations:1/repeats:50                 20617 us        20616 us            1 L1-dcache-loads=8.46179M items_per_second=198.676k/s
BM_BUBBLE_SORT/4096/1/iterations:1/repeats:50                 20497 us        20497 us            1 L1-dcache-loads=8.46363M items_per_second=199.837k/s
BM_BUBBLE_SORT/4096/1/iterations:1/repeats:50                 20583 us        20579 us            1 L1-dcache-loads=8.46241M items_per_second=199.038k/s
BM_BUBBLE_SORT/4096/1/iterations:1/repeats:50_mean            20520 us        20411 us           50 L1-dcache-loads=8.46057M items_per_second=200.694k/s
BM_BUBBLE_SORT/4096/1/iterations:1/repeats:50_median          20433 us        20419 us           50 L1-dcache-loads=8.46113M items_per_second=200.598k/s
BM_BUBBLE_SORT/4096/1/iterations:1/repeats:50_stddev            655 us          169 us           50 L1-dcache-loads=2.84484k items_per_second=1.66896k/s
BM_BUBBLE_SORT/4096/1/iterations:1/repeats:50_cv               3.19 %          0.83 %            50 L1-dcache-loads=0.03% items_per_second=0.83%
BM_BUBBLE_SORT/8192/1/iterations:1/repeats:50                 81217 us        81217 us            1 L1-dcache-loads=33.7033M items_per_second=100.866k/s
BM_BUBBLE_SORT/8192/1/iterations:1/repeats:50                 81035 us        81034 us            1 L1-dcache-loads=33.7026M items_per_second=101.093k/s
BM_BUBBLE_SORT/8192/1/iterations:1/repeats:50                 81936 us        81936 us            1 L1-dcache-loads=33.7053M items_per_second=99.9806k/s
BM_BUBBLE_SORT/8192/1/iterations:1/repeats:50                 80705 us        80700 us            1 L1-dcache-loads=33.6911M items_per_second=101.512k/s
BM_BUBBLE_SORT/8192/1/iterations:1/repeats:50                 81553 us        81552 us            1 L1-dcache-loads=33.692M items_per_second=100.451k/s
BM_BUBBLE_SORT/8192/1/iterations:1/repeats:50                 80490 us        80472 us            1 L1-dcache-loads=33.6878M items_per_second=101.799k/s
BM_BUBBLE_SORT/8192/1/iterations:1/repeats:50                 80441 us        80441 us            1 L1-dcache-loads=33.6999M items_per_second=101.839k/s
BM_BUBBLE_SORT/8192/1/iterations:1/repeats:50                 81158 us        81144 us            1 L1-dcache-loads=33.6753M items_per_second=100.956k/s
BM_BUBBLE_SORT/8192/1/iterations:1/repeats:50                 81369 us        81367 us            1 L1-dcache-loads=33.7003M items_per_second=100.679k/s
BM_BUBBLE_SORT/8192/1/iterations:1/repeats:50                 81456 us        81322 us            1 L1-dcache-loads=33.7061M items_per_second=100.736k/s
BM_BUBBLE_SORT/8192/1/iterations:1/repeats:50                 81679 us        81679 us            1 L1-dcache-loads=33.6998M items_per_second=100.295k/s
BM_BUBBLE_SORT/8192/1/iterations:1/repeats:50                 80984 us        80983 us            1 L1-dcache-loads=33.7061M items_per_second=101.157k/s
BM_BUBBLE_SORT/8192/1/iterations:1/repeats:50                 79793 us        79792 us            1 L1-dcache-loads=33.6918M items_per_second=102.666k/s
BM_BUBBLE_SORT/8192/1/iterations:1/repeats:50                 81031 us        81031 us            1 L1-dcache-loads=33.6956M items_per_second=101.098k/s
BM_BUBBLE_SORT/8192/1/iterations:1/repeats:50                 80464 us        80461 us            1 L1-dcache-loads=33.7026M items_per_second=101.814k/s
BM_BUBBLE_SORT/8192/1/iterations:1/repeats:50                 80903 us        80903 us            1 L1-dcache-loads=33.7053M items_per_second=101.258k/s
BM_BUBBLE_SORT/8192/1/iterations:1/repeats:50                 82949 us        81510 us            1 L1-dcache-loads=33.7017M items_per_second=100.502k/s
BM_BUBBLE_SORT/8192/1/iterations:1/repeats:50                 80149 us        80147 us            1 L1-dcache-loads=33.692M items_per_second=102.212k/s
BM_BUBBLE_SORT/8192/1/iterations:1/repeats:50                 80102 us        79939 us            1 L1-dcache-loads=33.7018M items_per_second=102.479k/s
BM_BUBBLE_SORT/8192/1/iterations:1/repeats:50                 80997 us        80996 us            1 L1-dcache-loads=33.6863M items_per_second=101.14k/s
BM_BUBBLE_SORT/8192/1/iterations:1/repeats:50                 81320 us        81303 us            1 L1-dcache-loads=33.6996M items_per_second=100.759k/s
BM_BUBBLE_SORT/8192/1/iterations:1/repeats:50                 80115 us        79982 us            1 L1-dcache-loads=33.7013M items_per_second=102.423k/s
BM_BUBBLE_SORT/8192/1/iterations:1/repeats:50                 80635 us        80635 us            1 L1-dcache-loads=33.6923M items_per_second=101.594k/s
BM_BUBBLE_SORT/8192/1/iterations:1/repeats:50                 80448 us        80446 us            1 L1-dcache-loads=33.6928M items_per_second=101.832k/s
BM_BUBBLE_SORT/8192/1/iterations:1/repeats:50                 81694 us        81694 us            1 L1-dcache-loads=33.6994M items_per_second=100.277k/s
BM_BUBBLE_SORT/8192/1/iterations:1/repeats:50                 80759 us        80759 us            1 L1-dcache-loads=33.696M items_per_second=101.438k/s
BM_BUBBLE_SORT/8192/1/iterations:1/repeats:50                 80969 us        80969 us            1 L1-dcache-loads=33.7061M items_per_second=101.175k/s
BM_BUBBLE_SORT/8192/1/iterations:1/repeats:50                 80654 us        80653 us            1 L1-dcache-loads=33.6714M items_per_second=101.571k/s
BM_BUBBLE_SORT/8192/1/iterations:1/repeats:50                 81392 us        81392 us            1 L1-dcache-loads=33.6982M items_per_second=100.649k/s
BM_BUBBLE_SORT/8192/1/iterations:1/repeats:50                 80268 us        80266 us            1 L1-dcache-loads=33.6567M items_per_second=102.061k/s
BM_BUBBLE_SORT/8192/1/iterations:1/repeats:50                 80915 us        80898 us            1 L1-dcache-loads=33.7021M items_per_second=101.264k/s
BM_BUBBLE_SORT/8192/1/iterations:1/repeats:50                 81510 us        81510 us            1 L1-dcache-loads=33.6996M items_per_second=100.503k/s
BM_BUBBLE_SORT/8192/1/iterations:1/repeats:50                 80339 us        80339 us            1 L1-dcache-loads=33.7003M items_per_second=101.968k/s
BM_BUBBLE_SORT/8192/1/iterations:1/repeats:50                 82040 us        82039 us            1 L1-dcache-loads=33.7041M items_per_second=99.8545k/s
BM_BUBBLE_SORT/8192/1/iterations:1/repeats:50                 81555 us        81399 us            1 L1-dcache-loads=33.6889M items_per_second=100.641k/s
BM_BUBBLE_SORT/8192/1/iterations:1/repeats:50                 80415 us        80415 us            1 L1-dcache-loads=33.6997M items_per_second=101.872k/s
BM_BUBBLE_SORT/8192/1/iterations:1/repeats:50                 82373 us        82373 us            1 L1-dcache-loads=33.6934M items_per_second=99.4505k/s
BM_BUBBLE_SORT/8192/1/iterations:1/repeats:50                 81032 us        81031 us            1 L1-dcache-loads=33.7059M items_per_second=101.097k/s
BM_BUBBLE_SORT/8192/1/iterations:1/repeats:50                 80668 us        80665 us            1 L1-dcache-loads=33.7055M items_per_second=101.555k/s
BM_BUBBLE_SORT/8192/1/iterations:1/repeats:50                 81233 us        81233 us            1 L1-dcache-loads=33.6974M items_per_second=100.846k/s
BM_BUBBLE_SORT/8192/1/iterations:1/repeats:50                 81709 us        81706 us            1 L1-dcache-loads=33.6834M items_per_second=100.261k/s
BM_BUBBLE_SORT/8192/1/iterations:1/repeats:50                 81237 us        81235 us            1 L1-dcache-loads=33.6957M items_per_second=100.844k/s
BM_BUBBLE_SORT/8192/1/iterations:1/repeats:50                 81922 us        81759 us            1 L1-dcache-loads=33.6947M items_per_second=100.197k/s
BM_BUBBLE_SORT/8192/1/iterations:1/repeats:50                 81920 us        81916 us            1 L1-dcache-loads=33.7053M items_per_second=100.005k/s
BM_BUBBLE_SORT/8192/1/iterations:1/repeats:50                 81345 us        81343 us            1 L1-dcache-loads=33.702M items_per_second=100.709k/s
BM_BUBBLE_SORT/8192/1/iterations:1/repeats:50                 80795 us        80795 us            1 L1-dcache-loads=33.7036M items_per_second=101.393k/s
BM_BUBBLE_SORT/8192/1/iterations:1/repeats:50                 82307 us        82306 us            1 L1-dcache-loads=33.7036M items_per_second=99.5305k/s
BM_BUBBLE_SORT/8192/1/iterations:1/repeats:50                 81144 us        81011 us            1 L1-dcache-loads=33.7002M items_per_second=101.123k/s
BM_BUBBLE_SORT/8192/1/iterations:1/repeats:50                 80314 us        80314 us            1 L1-dcache-loads=33.697M items_per_second=102k/s
BM_BUBBLE_SORT/8192/1/iterations:1/repeats:50                 80734 us        80734 us            1 L1-dcache-loads=33.6704M items_per_second=101.47k/s
BM_BUBBLE_SORT/8192/1/iterations:1/repeats:50_mean            81083 us        81035 us           50 L1-dcache-loads=33.6963M items_per_second=101.098k/s
BM_BUBBLE_SORT/8192/1/iterations:1/repeats:50_median          81031 us        81021 us           50 L1-dcache-loads=33.6997M items_per_second=101.11k/s
BM_BUBBLE_SORT/8192/1/iterations:1/repeats:50_stddev            659 us          607 us           50 L1-dcache-loads=10.1942k items_per_second=757.411/s
BM_BUBBLE_SORT/8192/1/iterations:1/repeats:50_cv               0.81 %          0.75 %            50 L1-dcache-loads=0.03% items_per_second=0.75%
BM_BUBBLE_SORT/16384/1/iterations:1/repeats:50               321854 us       321849 us            1 L1-dcache-loads=134.477M items_per_second=50.9059k/s
BM_BUBBLE_SORT/16384/1/iterations:1/repeats:50               324897 us       324867 us            1 L1-dcache-loads=134.514M items_per_second=50.4329k/s
BM_BUBBLE_SORT/16384/1/iterations:1/repeats:50               323662 us       323529 us            1 L1-dcache-loads=134.492M items_per_second=50.6415k/s
BM_BUBBLE_SORT/16384/1/iterations:1/repeats:50               326354 us       324926 us            1 L1-dcache-loads=134.515M items_per_second=50.4238k/s
BM_BUBBLE_SORT/16384/1/iterations:1/repeats:50               325576 us       325402 us            1 L1-dcache-loads=134.477M items_per_second=50.35k/s
BM_BUBBLE_SORT/16384/1/iterations:1/repeats:50               327073 us       326933 us            1 L1-dcache-loads=134.489M items_per_second=50.1142k/s
BM_BUBBLE_SORT/16384/1/iterations:1/repeats:50               323064 us       323062 us            1 L1-dcache-loads=134.516M items_per_second=50.7148k/s
BM_BUBBLE_SORT/16384/1/iterations:1/repeats:50               324055 us       324040 us            1 L1-dcache-loads=134.519M items_per_second=50.5617k/s
BM_BUBBLE_SORT/16384/1/iterations:1/repeats:50               326893 us       326759 us            1 L1-dcache-loads=134.496M items_per_second=50.141k/s
BM_BUBBLE_SORT/16384/1/iterations:1/repeats:50               323939 us       323935 us            1 L1-dcache-loads=134.49M items_per_second=50.5781k/s
BM_BUBBLE_SORT/16384/1/iterations:1/repeats:50               323484 us       323324 us            1 L1-dcache-loads=134.493M items_per_second=50.6736k/s
BM_BUBBLE_SORT/16384/1/iterations:1/repeats:50               324954 us       324819 us            1 L1-dcache-loads=134.487M items_per_second=50.4405k/s
BM_BUBBLE_SORT/16384/1/iterations:1/repeats:50               322465 us       322464 us            1 L1-dcache-loads=134.515M items_per_second=50.8089k/s
BM_BUBBLE_SORT/16384/1/iterations:1/repeats:50               324607 us       324598 us            1 L1-dcache-loads=134.504M items_per_second=50.4747k/s
BM_BUBBLE_SORT/16384/1/iterations:1/repeats:50               324463 us       324460 us            1 L1-dcache-loads=134.506M items_per_second=50.4962k/s
BM_BUBBLE_SORT/16384/1/iterations:1/repeats:50               324529 us       324391 us            1 L1-dcache-loads=134.505M items_per_second=50.5069k/s
BM_BUBBLE_SORT/16384/1/iterations:1/repeats:50               326667 us       325083 us            1 L1-dcache-loads=134.509M items_per_second=50.3995k/s
BM_BUBBLE_SORT/16384/1/iterations:1/repeats:50               352287 us       328202 us            1 L1-dcache-loads=134.51M items_per_second=49.9205k/s
BM_BUBBLE_SORT/16384/1/iterations:1/repeats:50               327222 us       327087 us            1 L1-dcache-loads=134.508M items_per_second=50.0906k/s
BM_BUBBLE_SORT/16384/1/iterations:1/repeats:50               324816 us       324810 us            1 L1-dcache-loads=134.52M items_per_second=50.4417k/s
BM_BUBBLE_SORT/16384/1/iterations:1/repeats:50               322480 us       322478 us            1 L1-dcache-loads=134.502M items_per_second=50.8066k/s
BM_BUBBLE_SORT/16384/1/iterations:1/repeats:50               324165 us       324031 us            1 L1-dcache-loads=134.497M items_per_second=50.5631k/s
BM_BUBBLE_SORT/16384/1/iterations:1/repeats:50               325335 us       325179 us            1 L1-dcache-loads=134.52M items_per_second=50.3845k/s
BM_BUBBLE_SORT/16384/1/iterations:1/repeats:50               323320 us       323313 us            1 L1-dcache-loads=134.509M items_per_second=50.6753k/s
BM_BUBBLE_SORT/16384/1/iterations:1/repeats:50               324749 us       324412 us            1 L1-dcache-loads=134.508M items_per_second=50.5038k/s
BM_BUBBLE_SORT/16384/1/iterations:1/repeats:50               323081 us       323072 us            1 L1-dcache-loads=134.518M items_per_second=50.7132k/s
BM_BUBBLE_SORT/16384/1/iterations:1/repeats:50               327906 us       327897 us            1 L1-dcache-loads=134.498M items_per_second=49.9669k/s
BM_BUBBLE_SORT/16384/1/iterations:1/repeats:50               323324 us       323189 us            1 L1-dcache-loads=134.503M items_per_second=50.6949k/s
BM_BUBBLE_SORT/16384/1/iterations:1/repeats:50               327204 us       325626 us            1 L1-dcache-loads=134.479M items_per_second=50.3153k/s
BM_BUBBLE_SORT/16384/1/iterations:1/repeats:50               321433 us       321420 us            1 L1-dcache-loads=134.512M items_per_second=50.9739k/s
BM_BUBBLE_SORT/16384/1/iterations:1/repeats:50               324343 us       324196 us            1 L1-dcache-loads=134.506M items_per_second=50.5373k/s
BM_BUBBLE_SORT/16384/1/iterations:1/repeats:50               323161 us       323154 us            1 L1-dcache-loads=134.519M items_per_second=50.7003k/s
BM_BUBBLE_SORT/16384/1/iterations:1/repeats:50               320657 us       320655 us            1 L1-dcache-loads=134.512M items_per_second=51.0954k/s
BM_BUBBLE_SORT/16384/1/iterations:1/repeats:50               325385 us       325250 us            1 L1-dcache-loads=134.507M items_per_second=50.3735k/s
BM_BUBBLE_SORT/16384/1/iterations:1/repeats:50               323777 us       323769 us            1 L1-dcache-loads=134.505M items_per_second=50.604k/s
BM_BUBBLE_SORT/16384/1/iterations:1/repeats:50               326335 us       326168 us            1 L1-dcache-loads=134.509M items_per_second=50.2318k/s
BM_BUBBLE_SORT/16384/1/iterations:1/repeats:50               324682 us       324676 us            1 L1-dcache-loads=134.509M items_per_second=50.4626k/s
BM_BUBBLE_SORT/16384/1/iterations:1/repeats:50               325174 us       325040 us            1 L1-dcache-loads=134.518M items_per_second=50.4061k/s
BM_BUBBLE_SORT/16384/1/iterations:1/repeats:50               327773 us       327765 us            1 L1-dcache-loads=134.511M items_per_second=49.987k/s
BM_BUBBLE_SORT/16384/1/iterations:1/repeats:50               324614 us       324612 us            1 L1-dcache-loads=134.518M items_per_second=50.4726k/s
BM_BUBBLE_SORT/16384/1/iterations:1/repeats:50               328291 us       326704 us            1 L1-dcache-loads=134.514M items_per_second=50.1494k/s
BM_BUBBLE_SORT/16384/1/iterations:1/repeats:50               326864 us       326704 us            1 L1-dcache-loads=134.513M items_per_second=50.1494k/s
BM_BUBBLE_SORT/16384/1/iterations:1/repeats:50               323289 us       323283 us            1 L1-dcache-loads=134.492M items_per_second=50.68k/s
BM_BUBBLE_SORT/16384/1/iterations:1/repeats:50               323936 us       323803 us            1 L1-dcache-loads=134.477M items_per_second=50.5987k/s
BM_BUBBLE_SORT/16384/1/iterations:1/repeats:50               322590 us       322584 us            1 L1-dcache-loads=134.514M items_per_second=50.7898k/s
BM_BUBBLE_SORT/16384/1/iterations:1/repeats:50               323347 us       323345 us            1 L1-dcache-loads=134.515M items_per_second=50.6703k/s
BM_BUBBLE_SORT/16384/1/iterations:1/repeats:50               323951 us       323810 us            1 L1-dcache-loads=134.521M items_per_second=50.5976k/s
BM_BUBBLE_SORT/16384/1/iterations:1/repeats:50               323477 us       323314 us            1 L1-dcache-loads=134.508M items_per_second=50.6751k/s
BM_BUBBLE_SORT/16384/1/iterations:1/repeats:50               324321 us       324315 us            1 L1-dcache-loads=134.52M items_per_second=50.5188k/s
BM_BUBBLE_SORT/16384/1/iterations:1/repeats:50               325114 us       324948 us            1 L1-dcache-loads=134.467M items_per_second=50.4205k/s
BM_BUBBLE_SORT/16384/1/iterations:1/repeats:50_mean          325139 us       324465 us           50 L1-dcache-loads=134.505M items_per_second=50.4967k/s
BM_BUBBLE_SORT/16384/1/iterations:1/repeats:50_median        324496 us       324401 us           50 L1-dcache-loads=134.508M items_per_second=50.5053k/s
BM_BUBBLE_SORT/16384/1/iterations:1/repeats:50_stddev          4275 us         1640 us           50 L1-dcache-loads=13.3778k items_per_second=254.858/s
BM_BUBBLE_SORT/16384/1/iterations:1/repeats:50_cv              1.31 %          0.51 %            50 L1-dcache-loads=0.01% items_per_second=0.50%
BM_BUBBLE_SORT/32768/1/iterations:1/repeats:50              1711891 us      1710145 us            1 L1-dcache-loads=537.454M items_per_second=19.1609k/s
BM_BUBBLE_SORT/32768/1/iterations:1/repeats:50              1722543 us      1716704 us            1 L1-dcache-loads=537.429M items_per_second=19.0877k/s
BM_BUBBLE_SORT/32768/1/iterations:1/repeats:50              1719125 us      1717254 us            1 L1-dcache-loads=537.477M items_per_second=19.0816k/s
BM_BUBBLE_SORT/32768/1/iterations:1/repeats:50              1711005 us      1710844 us            1 L1-dcache-loads=537.462M items_per_second=19.1531k/s
BM_BUBBLE_SORT/32768/1/iterations:1/repeats:50              1712184 us      1711728 us            1 L1-dcache-loads=537.472M items_per_second=19.1432k/s
BM_BUBBLE_SORT/32768/1/iterations:1/repeats:50              1722185 us      1720370 us            1 L1-dcache-loads=537.442M items_per_second=19.0471k/s
BM_BUBBLE_SORT/32768/1/iterations:1/repeats:50              1710367 us      1710093 us            1 L1-dcache-loads=537.451M items_per_second=19.1615k/s
BM_BUBBLE_SORT/32768/1/iterations:1/repeats:50              1744843 us      1718880 us            1 L1-dcache-loads=537.428M items_per_second=19.0636k/s
BM_BUBBLE_SORT/32768/1/iterations:1/repeats:50              1715842 us      1715383 us            1 L1-dcache-loads=537.461M items_per_second=19.1024k/s
BM_BUBBLE_SORT/32768/1/iterations:1/repeats:50              1715431 us      1713690 us            1 L1-dcache-loads=537.447M items_per_second=19.1213k/s
BM_BUBBLE_SORT/32768/1/iterations:1/repeats:50              1710145 us      1709838 us            1 L1-dcache-loads=537.467M items_per_second=19.1644k/s
BM_BUBBLE_SORT/32768/1/iterations:1/repeats:50              1709229 us      1708726 us            1 L1-dcache-loads=537.469M items_per_second=19.1769k/s
BM_BUBBLE_SORT/32768/1/iterations:1/repeats:50              1706415 us      1704654 us            1 L1-dcache-loads=537.464M items_per_second=19.2227k/s
BM_BUBBLE_SORT/32768/1/iterations:1/repeats:50              1698023 us      1697567 us            1 L1-dcache-loads=537.46M items_per_second=19.3029k/s
BM_BUBBLE_SORT/32768/1/iterations:1/repeats:50              1713361 us      1706429 us            1 L1-dcache-loads=537.405M items_per_second=19.2027k/s
BM_BUBBLE_SORT/32768/1/iterations:1/repeats:50              1721265 us      1720639 us            1 L1-dcache-loads=537.458M items_per_second=19.0441k/s
BM_BUBBLE_SORT/32768/1/iterations:1/repeats:50              1712840 us      1710960 us            1 L1-dcache-loads=537.41M items_per_second=19.1518k/s
BM_BUBBLE_SORT/32768/1/iterations:1/repeats:50              1722876 us      1722580 us            1 L1-dcache-loads=537.446M items_per_second=19.0226k/s
BM_BUBBLE_SORT/32768/1/iterations:1/repeats:50              1698678 us      1698360 us            1 L1-dcache-loads=537.477M items_per_second=19.2939k/s
BM_BUBBLE_SORT/32768/1/iterations:1/repeats:50              1720265 us      1718395 us            1 L1-dcache-loads=537.449M items_per_second=19.069k/s
BM_BUBBLE_SORT/32768/1/iterations:1/repeats:50              1744343 us      1719966 us            1 L1-dcache-loads=537.449M items_per_second=19.0515k/s
BM_BUBBLE_SORT/32768/1/iterations:1/repeats:50              1713277 us      1711542 us            1 L1-dcache-loads=537.344M items_per_second=19.1453k/s
BM_BUBBLE_SORT/32768/1/iterations:1/repeats:50              1714662 us      1714221 us            1 L1-dcache-loads=537.339M items_per_second=19.1154k/s
BM_BUBBLE_SORT/32768/1/iterations:1/repeats:50              1707993 us      1706133 us            1 L1-dcache-loads=537.473M items_per_second=19.206k/s
BM_BUBBLE_SORT/32768/1/iterations:1/repeats:50              1709256 us      1709088 us            1 L1-dcache-loads=537.457M items_per_second=19.1728k/s
BM_BUBBLE_SORT/32768/1/iterations:1/repeats:50              1722192 us      1721710 us            1 L1-dcache-loads=537.451M items_per_second=19.0322k/s
BM_BUBBLE_SORT/32768/1/iterations:1/repeats:50              1715809 us      1713907 us            1 L1-dcache-loads=537.407M items_per_second=19.1189k/s
BM_BUBBLE_SORT/32768/1/iterations:1/repeats:50              1714540 us      1713296 us            1 L1-dcache-loads=537.446M items_per_second=19.1257k/s
BM_BUBBLE_SORT/32768/1/iterations:1/repeats:50              1708123 us      1702134 us            1 L1-dcache-loads=537.415M items_per_second=19.2511k/s
BM_BUBBLE_SORT/32768/1/iterations:1/repeats:50              1709180 us      1708745 us            1 L1-dcache-loads=537.452M items_per_second=19.1766k/s
BM_BUBBLE_SORT/32768/1/iterations:1/repeats:50              1725221 us      1723443 us            1 L1-dcache-loads=537.444M items_per_second=19.0131k/s
BM_BUBBLE_SORT/32768/1/iterations:1/repeats:50              1712722 us      1712555 us            1 L1-dcache-loads=537.471M items_per_second=19.134k/s
BM_BUBBLE_SORT/32768/1/iterations:1/repeats:50              1710772 us      1710318 us            1 L1-dcache-loads=537.469M items_per_second=19.159k/s
BM_BUBBLE_SORT/32768/1/iterations:1/repeats:50              1721877 us      1719983 us            1 L1-dcache-loads=537.458M items_per_second=19.0514k/s
BM_BUBBLE_SORT/32768/1/iterations:1/repeats:50              1732275 us      1708042 us            1 L1-dcache-loads=537.469M items_per_second=19.1845k/s
BM_BUBBLE_SORT/32768/1/iterations:1/repeats:50              1708904 us      1706989 us            1 L1-dcache-loads=537.467M items_per_second=19.1964k/s
BM_BUBBLE_SORT/32768/1/iterations:1/repeats:50              1720696 us      1719974 us            1 L1-dcache-loads=537.439M items_per_second=19.0515k/s
BM_BUBBLE_SORT/32768/1/iterations:1/repeats:50              1713654 us      1711922 us            1 L1-dcache-loads=537.468M items_per_second=19.1411k/s
BM_BUBBLE_SORT/32768/1/iterations:1/repeats:50              1725703 us      1725366 us            1 L1-dcache-loads=537.467M items_per_second=18.9919k/s
BM_BUBBLE_SORT/32768/1/iterations:1/repeats:50              1721247 us      1720774 us            1 L1-dcache-loads=537.466M items_per_second=19.0426k/s
BM_BUBBLE_SORT/32768/1/iterations:1/repeats:50              1711143 us      1709406 us            1 L1-dcache-loads=537.479M items_per_second=19.1692k/s
BM_BUBBLE_SORT/32768/1/iterations:1/repeats:50              1718062 us      1712356 us            1 L1-dcache-loads=537.468M items_per_second=19.1362k/s
BM_BUBBLE_SORT/32768/1/iterations:1/repeats:50              1706495 us      1704626 us            1 L1-dcache-loads=537.398M items_per_second=19.223k/s
BM_BUBBLE_SORT/32768/1/iterations:1/repeats:50              1722213 us      1721884 us            1 L1-dcache-loads=537.476M items_per_second=19.0303k/s
BM_BUBBLE_SORT/32768/1/iterations:1/repeats:50              1717478 us      1715587 us            1 L1-dcache-loads=537.473M items_per_second=19.1002k/s
BM_BUBBLE_SORT/32768/1/iterations:1/repeats:50              1711961 us      1711641 us            1 L1-dcache-loads=537.475M items_per_second=19.1442k/s
BM_BUBBLE_SORT/32768/1/iterations:1/repeats:50              1713495 us      1713174 us            1 L1-dcache-loads=537.467M items_per_second=19.1271k/s
BM_BUBBLE_SORT/32768/1/iterations:1/repeats:50              1728795 us      1703766 us            1 L1-dcache-loads=537.479M items_per_second=19.2327k/s
BM_BUBBLE_SORT/32768/1/iterations:1/repeats:50              1709153 us      1708714 us            1 L1-dcache-loads=537.462M items_per_second=19.177k/s
BM_BUBBLE_SORT/32768/1/iterations:1/repeats:50              1710955 us      1709210 us            1 L1-dcache-loads=537.469M items_per_second=19.1714k/s
BM_BUBBLE_SORT/32768/1/iterations:1/repeats:50_mean         1716014 us      1712674 us           50 L1-dcache-loads=537.45M items_per_second=19.1329k/s
BM_BUBBLE_SORT/32768/1/iterations:1/repeats:50_median       1713574 us      1711825 us           50 L1-dcache-loads=537.461M items_per_second=19.1421k/s
BM_BUBBLE_SORT/32768/1/iterations:1/repeats:50_stddev          9066 us         6432 us           50 L1-dcache-loads=30.2513k items_per_second=71.8827/s
BM_BUBBLE_SORT/32768/1/iterations:1/repeats:50_cv              0.53 %          0.38 %            50 L1-dcache-loads=0.01% items_per_second=0.38%
---- Running Tests ----
[==========] Running 9 tests from 3 test suites.
[----------] Global test environment set-up.
[----------] 3 tests from SelectionSortTest
[ RUN      ] SelectionSortTest.SortRandomArray
[       OK ] SelectionSortTest.SortRandomArray (0 ms)
[ RUN      ] SelectionSortTest.SortAlreadySortedArray
[       OK ] SelectionSortTest.SortAlreadySortedArray (0 ms)
[ RUN      ] SelectionSortTest.SortReverseSortedArray
[       OK ] SelectionSortTest.SortReverseSortedArray (0 ms)
[----------] 3 tests from SelectionSortTest (0 ms total)

[----------] 3 tests from BubbleSortTest
[ RUN      ] BubbleSortTest.SortArrayWithDuplicates
[       OK ] BubbleSortTest.SortArrayWithDuplicates (0 ms)
[ RUN      ] BubbleSortTest.SortSingleElementArray
[       OK ] BubbleSortTest.SortSingleElementArray (0 ms)
[ RUN      ] BubbleSortTest.SortNegativeNumbers
[       OK ] BubbleSortTest.SortNegativeNumbers (0 ms)
[----------] 3 tests from BubbleSortTest (0 ms total)

[----------] 3 tests from QuickSortTest
[ RUN      ] QuickSortTest.SortAllIdenticalElements
[       OK ] QuickSortTest.SortAllIdenticalElements (0 ms)
[ RUN      ] QuickSortTest.SortWorstCaseScenario
[       OK ] QuickSortTest.SortWorstCaseScenario (0 ms)
[ RUN      ] QuickSortTest.SortMixedPositiveNegativeZero
[       OK ] QuickSortTest.SortMixedPositiveNegativeZero (0 ms)
[----------] 3 tests from QuickSortTest (0 ms total)

[----------] Global test environment tear-down
[==========] 9 tests from 3 test suites ran. (0 ms total)
[  PASSED  ] 9 tests.
---- Plotting ----
Collecting numpy (from -r /home/babras/lab-01-4sp4-2025-13/script/requirements.txt (line 1))
  Using cached numpy-2.3.3-cp312-cp312-manylinux_2_27_x86_64.manylinux_2_28_x86_64.whl.metadata (62 kB)
Collecting matplotlib (from -r /home/babras/lab-01-4sp4-2025-13/script/requirements.txt (line 2))
  Using cached matplotlib-3.10.6-cp312-cp312-manylinux2014_x86_64.manylinux_2_17_x86_64.whl.metadata (11 kB)
Collecting contourpy>=1.0.1 (from matplotlib->-r /home/babras/lab-01-4sp4-2025-13/script/requirements.txt (line 2))
  Using cached contourpy-1.3.3-cp312-cp312-manylinux_2_27_x86_64.manylinux_2_28_x86_64.whl.metadata (5.5 kB)
Collecting cycler>=0.10 (from matplotlib->-r /home/babras/lab-01-4sp4-2025-13/script/requirements.txt (line 2))
  Using cached cycler-0.12.1-py3-none-any.whl.metadata (3.8 kB)
Collecting fonttools>=4.22.0 (from matplotlib->-r /home/babras/lab-01-4sp4-2025-13/script/requirements.txt (line 2))
  Using cached fonttools-4.60.0-cp312-cp312-manylinux1_x86_64.manylinux2014_x86_64.manylinux_2_17_x86_64.manylinux_2_5_x86_64.whl.metadata (111 kB)
Collecting kiwisolver>=1.3.1 (from matplotlib->-r /home/babras/lab-01-4sp4-2025-13/script/requirements.txt (line 2))
  Using cached kiwisolver-1.4.9-cp312-cp312-manylinux2014_x86_64.manylinux_2_17_x86_64.whl.metadata (6.3 kB)
Collecting packaging>=20.0 (from matplotlib->-r /home/babras/lab-01-4sp4-2025-13/script/requirements.txt (line 2))
  Using cached packaging-25.0-py3-none-any.whl.metadata (3.3 kB)
Collecting pillow>=8 (from matplotlib->-r /home/babras/lab-01-4sp4-2025-13/script/requirements.txt (line 2))
  Using cached pillow-11.3.0-cp312-cp312-manylinux_2_27_x86_64.manylinux_2_28_x86_64.whl.metadata (9.0 kB)
Collecting pyparsing>=2.3.1 (from matplotlib->-r /home/babras/lab-01-4sp4-2025-13/script/requirements.txt (line 2))
  Using cached pyparsing-3.2.5-py3-none-any.whl.metadata (5.0 kB)
Collecting python-dateutil>=2.7 (from matplotlib->-r /home/babras/lab-01-4sp4-2025-13/script/requirements.txt (line 2))
  Using cached python_dateutil-2.9.0.post0-py2.py3-none-any.whl.metadata (8.4 kB)
Collecting six>=1.5 (from python-dateutil>=2.7->matplotlib->-r /home/babras/lab-01-4sp4-2025-13/script/requirements.txt (line 2))
  Using cached six-1.17.0-py2.py3-none-any.whl.metadata (1.7 kB)
Using cached numpy-2.3.3-cp312-cp312-manylinux_2_27_x86_64.manylinux_2_28_x86_64.whl (16.6 MB)
Using cached matplotlib-3.10.6-cp312-cp312-manylinux2014_x86_64.manylinux_2_17_x86_64.whl (8.7 MB)
Using cached contourpy-1.3.3-cp312-cp312-manylinux_2_27_x86_64.manylinux_2_28_x86_64.whl (362 kB)
Using cached cycler-0.12.1-py3-none-any.whl (8.3 kB)
Using cached fonttools-4.60.0-cp312-cp312-manylinux1_x86_64.manylinux2014_x86_64.manylinux_2_17_x86_64.manylinux_2_5_x86_64.whl (4.9 MB)
Using cached kiwisolver-1.4.9-cp312-cp312-manylinux2014_x86_64.manylinux_2_17_x86_64.whl (1.5 MB)
Using cached packaging-25.0-py3-none-any.whl (66 kB)
Using cached pillow-11.3.0-cp312-cp312-manylinux_2_27_x86_64.manylinux_2_28_x86_64.whl (6.6 MB)
Using cached pyparsing-3.2.5-py3-none-any.whl (113 kB)
Using cached python_dateutil-2.9.0.post0-py2.py3-none-any.whl (229 kB)
Using cached six-1.17.0-py2.py3-none-any.whl (11 kB)
Installing collected packages: six, pyparsing, pillow, packaging, numpy, kiwisolver, fonttools, cycler, python-dateutil, contourpy, matplotlib
Successfully installed contourpy-1.3.3 cycler-0.12.1 fonttools-4.60.0 kiwisolver-1.4.9 matplotlib-3.10.6 numpy-2.3.3 packaging-25.0 pillow-11.3.0 pyparsing-3.2.5 python-dateutil-2.9.0.post0 six-1.17.0
Generated three plots:
1. ./plots/sorting_performance_loglog.png - Log-log scale comparison
2. ./plots/sorting_performance_linear.png - Linear scale for small arrays
3. ./plots/sorting_performance_ratios.png - Performance ratios relative to std::sort
