----- Building -----
-- Failed to find LLVM FileCheck
-- Google Benchmark version: v1.9.4, normalized to 1.9.4
-- Performing Test HAVE_STD_REGEX -- success
-- Performing Test HAVE_GNU_POSIX_REGEX -- failed to compile
-- Performing Test HAVE_POSIX_REGEX -- success
-- Performing Test HAVE_STEADY_CLOCK -- success
-- Performing Test HAVE_PTHREAD_AFFINITY -- success
-- Looking for Google Test sources
-- Looking for Google Test sources in /home/englisb/lab-01-4sp4-2025-13/build/_deps/googlebenchmark-src/googletest
-- Did not find Google Test sources! Fetching from web...
-- Configuring done (0.1s)
-- Generating done (0.0s)
-- Build files have been written to: /home/englisb/lab-01-4sp4-2025-13/build/_deps/googlebenchmark-build/third_party/googletest
[ 11%] Performing update step for 'googletest'
[ 22%] No patch step for 'googletest'
[ 33%] No configure step for 'googletest'
[ 44%] No build step for 'googletest'
[ 55%] No install step for 'googletest'
[ 66%] No test step for 'googletest'
[ 77%] Completed 'googletest'
[100%] Built target googletest
-- Configuring done (0.8s)
-- Generating done (1.7s)
-- Build files have been written to: /home/englisb/lab-01-4sp4-2025-13/build
[  1%] Built target gtest
[  8%] Built target gmock
[ 17%] Built target benchmark
[ 19%] Built target gmock_main
[ 22%] Built target spec_arg_test
[ 23%] Built target benchmark_main
[ 24%] Building CXX object CMakeFiles/lab01.dir/src/sort_algorithms.cpp.o
[ 24%] Built target benchmark_setup_teardown_test
[ 30%] Built target spec_arg_verbosity_test
[ 30%] Built target filter_test
[ 30%] Built target output_test_helper
[ 30%] Built target benchmark_test
[ 31%] Built target benchmark_min_time_flag_time_test
[ 34%] Built target benchmark_min_time_flag_iters_test
[ 34%] Built target options_test
[ 38%] Built target basic_test
[ 41%] Built target diagnostics_test
[ 41%] Built target skip_with_error_test
[ 41%] Built target donotoptimize_test
[ 44%] Built target fixture_test
[ 46%] Built target map_test
[ 50%] Built target register_benchmark_test
[ 50%] Built target multiple_ranges_test
[ 54%] Built target reporter_output_test
[ 54%] Built target link_main_test
[ 54%] Built target args_product_test
[ 56%] Built target templated_fixture_method_test
[ 57%] Built target templated_fixture_test
[ 60%] Built target perf_counters_test
[ 60%] Built target user_counters_test
[ 62%] Built target manual_threading_test
[ 64%] Built target internal_threading_test
[ 64%] Built target report_aggregates_only_test
[ 65%] Built target display_aggregates_only_test
[ 65%] Building CXX object CMakeFiles/lab01.dir/main_bench.cpp.o
[ 67%] Built target user_counters_tabular_test
[ 70%] Built target user_counters_thousands_test
[ 71%] Built target profiler_manager_test
[ 71%] Built target memory_manager_test
[ 75%] Built target profiler_manager_iterations_test
[ 75%] Built target complexity_test
[ 77%] Built target benchmark_gtest
[ 82%] Built target statistics_gtest
[ 82%] Built target benchmark_name_gtest
[ 82%] Built target benchmark_random_interleaving_gtest
[ 82%] Built target commandlineflags_gtest
[ 86%] Built target string_util_gtest
[ 86%] Built target perf_counters_gtest
[ 86%] Built target time_unit_gtest
[ 89%] Built target min_time_parse_gtest
[ 89%] Built target benchmark_setup_teardown_cb_types_gtest
[ 90%] Built target profiler_manager_gtest
[ 92%] Built target memory_results_gtest
[ 93%] Built target cxx11_test
[ 95%] Built target repetitions_test
[ 95%] Building CXX object test/CMakeFiles/sort_test.dir/sort_test.cpp.o
[ 95%] Building CXX object test/CMakeFiles/sort_test.dir/__/src/sort_algorithms.cpp.o
[ 96%] Linking CXX executable lab01
[ 97%] Built target lab01
[ 98%] Linking CXX executable sort_test
[100%] Built target sort_test
make: *** No targets specified and no makefile found.  Stop.
---- Running ----
2025-09-27T13:23:03-04:00
Running /home/englisb/lab-01-4sp4-2025-13/build/lab01
Run on (20 X 5300 MHz CPU s)
CPU Caches:
  L1 Data 48 KiB (x20)
  L1 Instruction 64 KiB (x20)
  L2 Unified 3072 KiB (x20)
  L3 Unified 30720 KiB (x1)
Load Average: 0.16, 0.07, 0.18
***WARNING*** CPU scaling is enabled, the benchmark real time measurements may be noisy and will incur extra overhead.
-------------------------------------------------------------------------------------------------------------------
Benchmark                                                         Time             CPU   Iterations UserCounters...
-------------------------------------------------------------------------------------------------------------------
BM_SORT_STD/4/1/iterations:1/repeats:50                        6.34 us         5.27 us            1 L1-dcache-loads=104 items_per_second=758.438k/s
BM_SORT_STD/4/1/iterations:1/repeats:50                       0.682 us        0.630 us            1 L1-dcache-loads=101 items_per_second=6.34921M/s
BM_SORT_STD/4/1/iterations:1/repeats:50                       0.387 us        0.381 us            1 L1-dcache-loads=106 items_per_second=10.4987M/s
BM_SORT_STD/4/1/iterations:1/repeats:50                       0.340 us        0.338 us            1 L1-dcache-loads=103 items_per_second=11.8343M/s
BM_SORT_STD/4/1/iterations:1/repeats:50                       0.334 us        0.332 us            1 L1-dcache-loads=104 items_per_second=12.0482M/s
BM_SORT_STD/4/1/iterations:1/repeats:50                       0.372 us        0.369 us            1 L1-dcache-loads=101 items_per_second=10.8401M/s
BM_SORT_STD/4/1/iterations:1/repeats:50                       0.373 us        0.373 us            1 L1-dcache-loads=101 items_per_second=10.7239M/s
BM_SORT_STD/4/1/iterations:1/repeats:50                       0.325 us        0.331 us            1 L1-dcache-loads=102 items_per_second=12.0846M/s
BM_SORT_STD/4/1/iterations:1/repeats:50                       0.320 us        0.320 us            1 L1-dcache-loads=104 items_per_second=12.5M/s
BM_SORT_STD/4/1/iterations:1/repeats:50                       0.389 us        0.385 us            1 L1-dcache-loads=102 items_per_second=10.3896M/s
BM_SORT_STD/4/1/iterations:1/repeats:50                       0.320 us        0.321 us            1 L1-dcache-loads=101 items_per_second=12.4611M/s
BM_SORT_STD/4/1/iterations:1/repeats:50                       0.331 us        0.330 us            1 L1-dcache-loads=103 items_per_second=12.1212M/s
BM_SORT_STD/4/1/iterations:1/repeats:50                       0.337 us        0.337 us            1 L1-dcache-loads=103 items_per_second=11.8694M/s
BM_SORT_STD/4/1/iterations:1/repeats:50                       0.334 us        0.333 us            1 L1-dcache-loads=104 items_per_second=12.012M/s
BM_SORT_STD/4/1/iterations:1/repeats:50                       0.329 us        0.337 us            1 L1-dcache-loads=105 items_per_second=11.8694M/s
BM_SORT_STD/4/1/iterations:1/repeats:50                       0.321 us        0.320 us            1 L1-dcache-loads=104 items_per_second=12.5M/s
BM_SORT_STD/4/1/iterations:1/repeats:50                       0.355 us        0.355 us            1 L1-dcache-loads=102 items_per_second=11.2676M/s
BM_SORT_STD/4/1/iterations:1/repeats:50                       0.373 us        0.366 us            1 L1-dcache-loads=107 items_per_second=10.929M/s
BM_SORT_STD/4/1/iterations:1/repeats:50                       0.336 us        0.334 us            1 L1-dcache-loads=102 items_per_second=11.976M/s
BM_SORT_STD/4/1/iterations:1/repeats:50                       0.343 us        0.342 us            1 L1-dcache-loads=107 items_per_second=11.6959M/s
BM_SORT_STD/4/1/iterations:1/repeats:50                       0.368 us        0.365 us            1 L1-dcache-loads=104 items_per_second=10.9589M/s
BM_SORT_STD/4/1/iterations:1/repeats:50                       0.340 us        0.339 us            1 L1-dcache-loads=102 items_per_second=11.7994M/s
BM_SORT_STD/4/1/iterations:1/repeats:50                       0.368 us        0.366 us            1 L1-dcache-loads=104 items_per_second=10.929M/s
BM_SORT_STD/4/1/iterations:1/repeats:50                       0.351 us        0.361 us            1 L1-dcache-loads=105 items_per_second=11.0803M/s
BM_SORT_STD/4/1/iterations:1/repeats:50                       0.346 us        0.346 us            1 L1-dcache-loads=107 items_per_second=11.5607M/s
BM_SORT_STD/4/1/iterations:1/repeats:50                       0.353 us        0.352 us            1 L1-dcache-loads=101 items_per_second=11.3636M/s
BM_SORT_STD/4/1/iterations:1/repeats:50                       0.388 us        0.387 us            1 L1-dcache-loads=101 items_per_second=10.3359M/s
BM_SORT_STD/4/1/iterations:1/repeats:50                       0.364 us        0.368 us            1 L1-dcache-loads=103 items_per_second=10.8696M/s
BM_SORT_STD/4/1/iterations:1/repeats:50                       0.347 us        0.347 us            1 L1-dcache-loads=104 items_per_second=11.5274M/s
BM_SORT_STD/4/1/iterations:1/repeats:50                       0.360 us        0.360 us            1 L1-dcache-loads=105 items_per_second=11.1111M/s
BM_SORT_STD/4/1/iterations:1/repeats:50                       0.340 us        0.339 us            1 L1-dcache-loads=104 items_per_second=11.7994M/s
BM_SORT_STD/4/1/iterations:1/repeats:50                       0.353 us        0.353 us            1 L1-dcache-loads=103 items_per_second=11.3314M/s
BM_SORT_STD/4/1/iterations:1/repeats:50                       0.362 us        0.364 us            1 L1-dcache-loads=101 items_per_second=10.989M/s
BM_SORT_STD/4/1/iterations:1/repeats:50                       0.398 us        0.386 us            1 L1-dcache-loads=103 items_per_second=10.3627M/s
BM_SORT_STD/4/1/iterations:1/repeats:50                       0.335 us        0.332 us            1 L1-dcache-loads=107 items_per_second=12.0482M/s
BM_SORT_STD/4/1/iterations:1/repeats:50                       0.342 us        0.349 us            1 L1-dcache-loads=104 items_per_second=11.4613M/s
BM_SORT_STD/4/1/iterations:1/repeats:50                       0.392 us        0.392 us            1 L1-dcache-loads=106 items_per_second=10.2041M/s
BM_SORT_STD/4/1/iterations:1/repeats:50                       0.373 us        0.380 us            1 L1-dcache-loads=104 items_per_second=10.5263M/s
BM_SORT_STD/4/1/iterations:1/repeats:50                       0.370 us        0.370 us            1 L1-dcache-loads=106 items_per_second=10.8108M/s
BM_SORT_STD/4/1/iterations:1/repeats:50                       0.330 us        0.329 us            1 L1-dcache-loads=103 items_per_second=12.1581M/s
BM_SORT_STD/4/1/iterations:1/repeats:50                       0.352 us        0.350 us            1 L1-dcache-loads=102 items_per_second=11.4286M/s
BM_SORT_STD/4/1/iterations:1/repeats:50                       0.350 us        0.350 us            1 L1-dcache-loads=106 items_per_second=11.4286M/s
BM_SORT_STD/4/1/iterations:1/repeats:50                       0.372 us        0.371 us            1 L1-dcache-loads=103 items_per_second=10.7817M/s
BM_SORT_STD/4/1/iterations:1/repeats:50                       0.378 us        0.375 us            1 L1-dcache-loads=103 items_per_second=10.6667M/s
BM_SORT_STD/4/1/iterations:1/repeats:50                       0.346 us        0.354 us            1 L1-dcache-loads=102 items_per_second=11.2994M/s
BM_SORT_STD/4/1/iterations:1/repeats:50                       0.373 us        0.372 us            1 L1-dcache-loads=102 items_per_second=10.7527M/s
BM_SORT_STD/4/1/iterations:1/repeats:50                       0.335 us        0.342 us            1 L1-dcache-loads=104 items_per_second=11.6959M/s
BM_SORT_STD/4/1/iterations:1/repeats:50                       0.360 us        0.358 us            1 L1-dcache-loads=105 items_per_second=11.1732M/s
BM_SORT_STD/4/1/iterations:1/repeats:50                       0.347 us        0.346 us            1 L1-dcache-loads=104 items_per_second=11.5607M/s
BM_SORT_STD/4/1/iterations:1/repeats:50                       0.356 us        0.355 us            1 L1-dcache-loads=101 items_per_second=11.2676M/s
BM_SORT_STD/4/1/iterations:1/repeats:50_mean                  0.480 us        0.457 us           50 L1-dcache-loads=103.5 items_per_second=11.0402M/s
BM_SORT_STD/4/1/iterations:1/repeats:50_median                0.352 us        0.353 us           50 L1-dcache-loads=103.5 items_per_second=11.3154M/s
BM_SORT_STD/4/1/iterations:1/repeats:50_stddev                0.848 us        0.696 us           50 L1-dcache-loads=1.78714 items_per_second=1.75082M/s
BM_SORT_STD/4/1/iterations:1/repeats:50_cv                   176.66 %        152.29 %            50 L1-dcache-loads=1.73% items_per_second=15.86%
BM_SORT_STD/8/1/iterations:1/repeats:50                        2.41 us         1.95 us            1 L1-dcache-loads=127 items_per_second=4.09836M/s
BM_SORT_STD/8/1/iterations:1/repeats:50                       0.426 us        0.402 us            1 L1-dcache-loads=123 items_per_second=19.9005M/s
BM_SORT_STD/8/1/iterations:1/repeats:50                       0.370 us        0.366 us            1 L1-dcache-loads=127 items_per_second=21.8579M/s
BM_SORT_STD/8/1/iterations:1/repeats:50                       0.387 us        0.386 us            1 L1-dcache-loads=128 items_per_second=20.7254M/s
BM_SORT_STD/8/1/iterations:1/repeats:50                       0.385 us        0.399 us            1 L1-dcache-loads=129 items_per_second=20.0501M/s
BM_SORT_STD/8/1/iterations:1/repeats:50                       0.407 us        0.404 us            1 L1-dcache-loads=124 items_per_second=19.802M/s
BM_SORT_STD/8/1/iterations:1/repeats:50                       0.376 us        0.377 us            1 L1-dcache-loads=122 items_per_second=21.2202M/s
BM_SORT_STD/8/1/iterations:1/repeats:50                       0.385 us        0.382 us            1 L1-dcache-loads=120 items_per_second=20.9424M/s
BM_SORT_STD/8/1/iterations:1/repeats:50                       0.361 us        0.362 us            1 L1-dcache-loads=119 items_per_second=22.0994M/s
BM_SORT_STD/8/1/iterations:1/repeats:50                       0.366 us        0.365 us            1 L1-dcache-loads=128 items_per_second=21.9178M/s
BM_SORT_STD/8/1/iterations:1/repeats:50                       0.396 us        0.397 us            1 L1-dcache-loads=130 items_per_second=20.1511M/s
BM_SORT_STD/8/1/iterations:1/repeats:50                       0.357 us        0.371 us            1 L1-dcache-loads=124 items_per_second=21.5633M/s
BM_SORT_STD/8/1/iterations:1/repeats:50                       0.364 us        0.363 us            1 L1-dcache-loads=124 items_per_second=22.0386M/s
BM_SORT_STD/8/1/iterations:1/repeats:50                       0.350 us        0.349 us            1 L1-dcache-loads=124 items_per_second=22.9226M/s
BM_SORT_STD/8/1/iterations:1/repeats:50                       0.350 us        0.349 us            1 L1-dcache-loads=119 items_per_second=22.9226M/s
BM_SORT_STD/8/1/iterations:1/repeats:50                       0.359 us        0.358 us            1 L1-dcache-loads=126 items_per_second=22.3464M/s
BM_SORT_STD/8/1/iterations:1/repeats:50                       0.361 us        0.361 us            1 L1-dcache-loads=126 items_per_second=22.1607M/s
BM_SORT_STD/8/1/iterations:1/repeats:50                       0.409 us        0.406 us            1 L1-dcache-loads=128 items_per_second=19.7044M/s
BM_SORT_STD/8/1/iterations:1/repeats:50                       0.356 us        0.365 us            1 L1-dcache-loads=128 items_per_second=21.9178M/s
BM_SORT_STD/8/1/iterations:1/repeats:50                       0.388 us        0.387 us            1 L1-dcache-loads=130 items_per_second=20.6718M/s
BM_SORT_STD/8/1/iterations:1/repeats:50                       0.363 us        0.364 us            1 L1-dcache-loads=122 items_per_second=21.978M/s
BM_SORT_STD/8/1/iterations:1/repeats:50                       0.399 us        0.392 us            1 L1-dcache-loads=123 items_per_second=20.4082M/s
BM_SORT_STD/8/1/iterations:1/repeats:50                       0.342 us        0.340 us            1 L1-dcache-loads=126 items_per_second=23.5294M/s
BM_SORT_STD/8/1/iterations:1/repeats:50                       0.374 us        0.379 us            1 L1-dcache-loads=128 items_per_second=21.1082M/s
BM_SORT_STD/8/1/iterations:1/repeats:50                       0.363 us        0.361 us            1 L1-dcache-loads=125 items_per_second=22.1607M/s
BM_SORT_STD/8/1/iterations:1/repeats:50                       0.348 us        0.347 us            1 L1-dcache-loads=125 items_per_second=23.0548M/s
BM_SORT_STD/8/1/iterations:1/repeats:50                       0.358 us        0.357 us            1 L1-dcache-loads=125 items_per_second=22.409M/s
BM_SORT_STD/8/1/iterations:1/repeats:50                       0.350 us        0.350 us            1 L1-dcache-loads=123 items_per_second=22.8571M/s
BM_SORT_STD/8/1/iterations:1/repeats:50                       0.364 us        0.364 us            1 L1-dcache-loads=122 items_per_second=21.978M/s
BM_SORT_STD/8/1/iterations:1/repeats:50                       0.346 us        0.345 us            1 L1-dcache-loads=122 items_per_second=23.1884M/s
BM_SORT_STD/8/1/iterations:1/repeats:50                       0.345 us        0.345 us            1 L1-dcache-loads=125 items_per_second=23.1884M/s
BM_SORT_STD/8/1/iterations:1/repeats:50                       0.339 us        0.339 us            1 L1-dcache-loads=118 items_per_second=23.5988M/s
BM_SORT_STD/8/1/iterations:1/repeats:50                       0.327 us        0.327 us            1 L1-dcache-loads=120 items_per_second=24.4648M/s
BM_SORT_STD/8/1/iterations:1/repeats:50                       0.382 us        0.365 us            1 L1-dcache-loads=126 items_per_second=21.9178M/s
BM_SORT_STD/8/1/iterations:1/repeats:50                       0.359 us        0.365 us            1 L1-dcache-loads=131 items_per_second=21.9178M/s
BM_SORT_STD/8/1/iterations:1/repeats:50                       0.325 us        0.323 us            1 L1-dcache-loads=125 items_per_second=24.7678M/s
BM_SORT_STD/8/1/iterations:1/repeats:50                       0.351 us        0.349 us            1 L1-dcache-loads=122 items_per_second=22.9226M/s
BM_SORT_STD/8/1/iterations:1/repeats:50                       0.339 us        0.338 us            1 L1-dcache-loads=123 items_per_second=23.6686M/s
BM_SORT_STD/8/1/iterations:1/repeats:50                       0.338 us        0.338 us            1 L1-dcache-loads=122 items_per_second=23.6686M/s
BM_SORT_STD/8/1/iterations:1/repeats:50                       0.342 us        0.341 us            1 L1-dcache-loads=124 items_per_second=23.4604M/s
BM_SORT_STD/8/1/iterations:1/repeats:50                       0.348 us        0.349 us            1 L1-dcache-loads=122 items_per_second=22.9226M/s
BM_SORT_STD/8/1/iterations:1/repeats:50                       0.342 us        0.340 us            1 L1-dcache-loads=119 items_per_second=23.5294M/s
BM_SORT_STD/8/1/iterations:1/repeats:50                       0.353 us        0.354 us            1 L1-dcache-loads=129 items_per_second=22.5989M/s
BM_SORT_STD/8/1/iterations:1/repeats:50                       0.378 us        0.378 us            1 L1-dcache-loads=125 items_per_second=21.164M/s
BM_SORT_STD/8/1/iterations:1/repeats:50                       0.398 us        0.398 us            1 L1-dcache-loads=129 items_per_second=20.1005M/s
BM_SORT_STD/8/1/iterations:1/repeats:50                       0.355 us        0.348 us            1 L1-dcache-loads=130 items_per_second=22.9885M/s
BM_SORT_STD/8/1/iterations:1/repeats:50                       0.363 us        0.362 us            1 L1-dcache-loads=121 items_per_second=22.0994M/s
BM_SORT_STD/8/1/iterations:1/repeats:50                       0.353 us        0.352 us            1 L1-dcache-loads=120 items_per_second=22.7273M/s
BM_SORT_STD/8/1/iterations:1/repeats:50                       0.368 us        0.368 us            1 L1-dcache-loads=123 items_per_second=21.7391M/s
BM_SORT_STD/8/1/iterations:1/repeats:50                       0.352 us        0.351 us            1 L1-dcache-loads=124 items_per_second=22.792M/s
BM_SORT_STD/8/1/iterations:1/repeats:50_mean                  0.404 us        0.395 us           50 L1-dcache-loads=124.5 items_per_second=21.7585M/s
BM_SORT_STD/8/1/iterations:1/repeats:50_median                0.360 us        0.362 us           50 L1-dcache-loads=124 items_per_second=22.0994M/s
BM_SORT_STD/8/1/iterations:1/repeats:50_stddev                0.290 us        0.226 us           50 L1-dcache-loads=3.32124 items_per_second=2.82821M/s
BM_SORT_STD/8/1/iterations:1/repeats:50_cv                    71.58 %         57.19 %            50 L1-dcache-loads=2.67% items_per_second=13.00%
BM_SORT_STD/16/1/iterations:1/repeats:50                      0.610 us        0.599 us            1 L1-dcache-loads=179 items_per_second=26.7112M/s
BM_SORT_STD/16/1/iterations:1/repeats:50                      0.441 us        0.440 us            1 L1-dcache-loads=178 items_per_second=36.3636M/s
BM_SORT_STD/16/1/iterations:1/repeats:50                      0.472 us        0.468 us            1 L1-dcache-loads=185 items_per_second=34.188M/s
BM_SORT_STD/16/1/iterations:1/repeats:50                      0.429 us        0.439 us            1 L1-dcache-loads=183 items_per_second=36.4465M/s
BM_SORT_STD/16/1/iterations:1/repeats:50                      0.422 us        0.418 us            1 L1-dcache-loads=199 items_per_second=38.2775M/s
BM_SORT_STD/16/1/iterations:1/repeats:50                      0.425 us        0.425 us            1 L1-dcache-loads=188 items_per_second=37.6471M/s
BM_SORT_STD/16/1/iterations:1/repeats:50                      0.467 us        0.476 us            1 L1-dcache-loads=184 items_per_second=33.6134M/s
BM_SORT_STD/16/1/iterations:1/repeats:50                      0.431 us        0.450 us            1 L1-dcache-loads=186 items_per_second=35.5556M/s
BM_SORT_STD/16/1/iterations:1/repeats:50                      0.458 us        0.451 us            1 L1-dcache-loads=182 items_per_second=35.4767M/s
BM_SORT_STD/16/1/iterations:1/repeats:50                      0.476 us        0.475 us            1 L1-dcache-loads=206 items_per_second=33.6842M/s
BM_SORT_STD/16/1/iterations:1/repeats:50                      0.438 us        0.437 us            1 L1-dcache-loads=185 items_per_second=36.6133M/s
BM_SORT_STD/16/1/iterations:1/repeats:50                      0.413 us        0.413 us            1 L1-dcache-loads=180 items_per_second=38.7409M/s
BM_SORT_STD/16/1/iterations:1/repeats:50                      0.434 us        0.434 us            1 L1-dcache-loads=188 items_per_second=36.8664M/s
BM_SORT_STD/16/1/iterations:1/repeats:50                      0.456 us        0.457 us            1 L1-dcache-loads=194 items_per_second=35.0109M/s
BM_SORT_STD/16/1/iterations:1/repeats:50                      0.458 us        0.459 us            1 L1-dcache-loads=195 items_per_second=34.8584M/s
BM_SORT_STD/16/1/iterations:1/repeats:50                      0.430 us        0.432 us            1 L1-dcache-loads=194 items_per_second=37.037M/s
BM_SORT_STD/16/1/iterations:1/repeats:50                      0.427 us        0.426 us            1 L1-dcache-loads=187 items_per_second=37.5587M/s
BM_SORT_STD/16/1/iterations:1/repeats:50                      0.419 us        0.415 us            1 L1-dcache-loads=187 items_per_second=38.5542M/s
BM_SORT_STD/16/1/iterations:1/repeats:50                      0.437 us        0.437 us            1 L1-dcache-loads=181 items_per_second=36.6133M/s
BM_SORT_STD/16/1/iterations:1/repeats:50                      0.418 us        0.430 us            1 L1-dcache-loads=176 items_per_second=37.2093M/s
BM_SORT_STD/16/1/iterations:1/repeats:50                      0.428 us        0.433 us            1 L1-dcache-loads=189 items_per_second=36.9515M/s
BM_SORT_STD/16/1/iterations:1/repeats:50                      0.407 us        0.404 us            1 L1-dcache-loads=175 items_per_second=39.604M/s
BM_SORT_STD/16/1/iterations:1/repeats:50                      0.407 us        0.407 us            1 L1-dcache-loads=192 items_per_second=39.312M/s
BM_SORT_STD/16/1/iterations:1/repeats:50                      0.425 us        0.426 us            1 L1-dcache-loads=174 items_per_second=37.5587M/s
BM_SORT_STD/16/1/iterations:1/repeats:50                      0.417 us        0.427 us            1 L1-dcache-loads=167 items_per_second=37.4707M/s
BM_SORT_STD/16/1/iterations:1/repeats:50                      0.421 us        0.421 us            1 L1-dcache-loads=198 items_per_second=38.0048M/s
BM_SORT_STD/16/1/iterations:1/repeats:50                      0.457 us        0.457 us            1 L1-dcache-loads=194 items_per_second=35.0109M/s
BM_SORT_STD/16/1/iterations:1/repeats:50                      0.412 us        0.413 us            1 L1-dcache-loads=175 items_per_second=38.7409M/s
BM_SORT_STD/16/1/iterations:1/repeats:50                      0.426 us        0.425 us            1 L1-dcache-loads=190 items_per_second=37.6471M/s
BM_SORT_STD/16/1/iterations:1/repeats:50                      0.427 us        0.437 us            1 L1-dcache-loads=183 items_per_second=36.6133M/s
BM_SORT_STD/16/1/iterations:1/repeats:50                      0.404 us        0.403 us            1 L1-dcache-loads=188 items_per_second=39.7022M/s
BM_SORT_STD/16/1/iterations:1/repeats:50                      0.412 us        0.411 us            1 L1-dcache-loads=195 items_per_second=38.9294M/s
BM_SORT_STD/16/1/iterations:1/repeats:50                      0.421 us        0.422 us            1 L1-dcache-loads=194 items_per_second=37.9147M/s
BM_SORT_STD/16/1/iterations:1/repeats:50                      0.504 us        0.485 us            1 L1-dcache-loads=196 items_per_second=32.9897M/s
BM_SORT_STD/16/1/iterations:1/repeats:50                      0.461 us        0.460 us            1 L1-dcache-loads=191 items_per_second=34.7826M/s
BM_SORT_STD/16/1/iterations:1/repeats:50                      0.435 us        0.450 us            1 L1-dcache-loads=198 items_per_second=35.5556M/s
BM_SORT_STD/16/1/iterations:1/repeats:50                      0.418 us        0.417 us            1 L1-dcache-loads=187 items_per_second=38.3693M/s
BM_SORT_STD/16/1/iterations:1/repeats:50                      0.424 us        0.432 us            1 L1-dcache-loads=188 items_per_second=37.037M/s
BM_SORT_STD/16/1/iterations:1/repeats:50                      0.419 us        0.427 us            1 L1-dcache-loads=178 items_per_second=37.4707M/s
BM_SORT_STD/16/1/iterations:1/repeats:50                      0.398 us        0.399 us            1 L1-dcache-loads=192 items_per_second=40.1003M/s
BM_SORT_STD/16/1/iterations:1/repeats:50                      0.448 us        0.445 us            1 L1-dcache-loads=188 items_per_second=35.9551M/s
BM_SORT_STD/16/1/iterations:1/repeats:50                      0.403 us        0.403 us            1 L1-dcache-loads=174 items_per_second=39.7022M/s
BM_SORT_STD/16/1/iterations:1/repeats:50                      0.441 us        0.442 us            1 L1-dcache-loads=213 items_per_second=36.1991M/s
BM_SORT_STD/16/1/iterations:1/repeats:50                      0.455 us        0.456 us            1 L1-dcache-loads=175 items_per_second=35.0877M/s
BM_SORT_STD/16/1/iterations:1/repeats:50                      0.452 us        0.451 us            1 L1-dcache-loads=209 items_per_second=35.4767M/s
BM_SORT_STD/16/1/iterations:1/repeats:50                      0.411 us        0.422 us            1 L1-dcache-loads=179 items_per_second=37.9147M/s
BM_SORT_STD/16/1/iterations:1/repeats:50                      0.418 us        0.412 us            1 L1-dcache-loads=173 items_per_second=38.835M/s
BM_SORT_STD/16/1/iterations:1/repeats:50                      0.432 us        0.424 us            1 L1-dcache-loads=195 items_per_second=37.7358M/s
BM_SORT_STD/16/1/iterations:1/repeats:50                      0.414 us        0.413 us            1 L1-dcache-loads=175 items_per_second=38.7409M/s
BM_SORT_STD/16/1/iterations:1/repeats:50                      0.398 us        0.399 us            1 L1-dcache-loads=180 items_per_second=40.1003M/s
BM_SORT_STD/16/1/iterations:1/repeats:50_mean                 0.435 us        0.436 us           50 L1-dcache-loads=186.84 items_per_second=36.8508M/s
BM_SORT_STD/16/1/iterations:1/repeats:50_median               0.427 us        0.431 us           50 L1-dcache-loads=187 items_per_second=37.1232M/s
BM_SORT_STD/16/1/iterations:1/repeats:50_stddev               0.033 us        0.032 us           50 L1-dcache-loads=9.67716 items_per_second=2.29121M/s
BM_SORT_STD/16/1/iterations:1/repeats:50_cv                    7.69 %          7.22 %            50 L1-dcache-loads=5.18% items_per_second=6.22%
BM_SORT_STD/32/1/iterations:1/repeats:50                       1.12 us         1.11 us            1 L1-dcache-loads=363 items_per_second=28.9331M/s
BM_SORT_STD/32/1/iterations:1/repeats:50                      0.859 us        0.861 us            1 L1-dcache-loads=359 items_per_second=37.1661M/s
BM_SORT_STD/32/1/iterations:1/repeats:50                      0.732 us        0.745 us            1 L1-dcache-loads=344 items_per_second=42.953M/s
BM_SORT_STD/32/1/iterations:1/repeats:50                      0.751 us        0.751 us            1 L1-dcache-loads=363 items_per_second=42.6099M/s
BM_SORT_STD/32/1/iterations:1/repeats:50                      0.809 us        0.808 us            1 L1-dcache-loads=343 items_per_second=39.604M/s
BM_SORT_STD/32/1/iterations:1/repeats:50                      0.696 us        0.695 us            1 L1-dcache-loads=343 items_per_second=46.0432M/s
BM_SORT_STD/32/1/iterations:1/repeats:50                      0.789 us        0.787 us            1 L1-dcache-loads=352 items_per_second=40.6607M/s
BM_SORT_STD/32/1/iterations:1/repeats:50                      0.769 us        0.769 us            1 L1-dcache-loads=350 items_per_second=41.6125M/s
BM_SORT_STD/32/1/iterations:1/repeats:50                      0.724 us        0.739 us            1 L1-dcache-loads=353 items_per_second=43.3018M/s
BM_SORT_STD/32/1/iterations:1/repeats:50                      0.752 us        0.757 us            1 L1-dcache-loads=316 items_per_second=42.2721M/s
BM_SORT_STD/32/1/iterations:1/repeats:50                      0.705 us        0.712 us            1 L1-dcache-loads=338 items_per_second=44.9438M/s
BM_SORT_STD/32/1/iterations:1/repeats:50                      0.697 us        0.696 us            1 L1-dcache-loads=335 items_per_second=45.977M/s
BM_SORT_STD/32/1/iterations:1/repeats:50                      0.785 us        0.790 us            1 L1-dcache-loads=336 items_per_second=40.5063M/s
BM_SORT_STD/32/1/iterations:1/repeats:50                      0.713 us        0.714 us            1 L1-dcache-loads=337 items_per_second=44.8179M/s
BM_SORT_STD/32/1/iterations:1/repeats:50                      0.661 us        0.660 us            1 L1-dcache-loads=311 items_per_second=48.4848M/s
BM_SORT_STD/32/1/iterations:1/repeats:50                      0.736 us        0.738 us            1 L1-dcache-loads=348 items_per_second=43.3604M/s
BM_SORT_STD/32/1/iterations:1/repeats:50                      0.823 us        0.838 us            1 L1-dcache-loads=387 items_per_second=38.1862M/s
BM_SORT_STD/32/1/iterations:1/repeats:50                      0.792 us        0.792 us            1 L1-dcache-loads=341 items_per_second=40.404M/s
BM_SORT_STD/32/1/iterations:1/repeats:50                      0.727 us        0.726 us            1 L1-dcache-loads=323 items_per_second=44.0771M/s
BM_SORT_STD/32/1/iterations:1/repeats:50                      0.709 us        0.717 us            1 L1-dcache-loads=332 items_per_second=44.6304M/s
BM_SORT_STD/32/1/iterations:1/repeats:50                      0.773 us        0.774 us            1 L1-dcache-loads=349 items_per_second=41.3437M/s
BM_SORT_STD/32/1/iterations:1/repeats:50                      0.773 us        0.774 us            1 L1-dcache-loads=383 items_per_second=41.3437M/s
BM_SORT_STD/32/1/iterations:1/repeats:50                      0.724 us        0.723 us            1 L1-dcache-loads=363 items_per_second=44.26M/s
BM_SORT_STD/32/1/iterations:1/repeats:50                      0.725 us        0.723 us            1 L1-dcache-loads=347 items_per_second=44.26M/s
BM_SORT_STD/32/1/iterations:1/repeats:50                      0.703 us        0.695 us            1 L1-dcache-loads=328 items_per_second=46.0432M/s
BM_SORT_STD/32/1/iterations:1/repeats:50                      0.686 us        0.682 us            1 L1-dcache-loads=331 items_per_second=46.9208M/s
BM_SORT_STD/32/1/iterations:1/repeats:50                      0.733 us        0.732 us            1 L1-dcache-loads=347 items_per_second=43.7158M/s
BM_SORT_STD/32/1/iterations:1/repeats:50                      0.688 us        0.694 us            1 L1-dcache-loads=331 items_per_second=46.1095M/s
BM_SORT_STD/32/1/iterations:1/repeats:50                      0.767 us        0.767 us            1 L1-dcache-loads=350 items_per_second=41.721M/s
BM_SORT_STD/32/1/iterations:1/repeats:50                      0.682 us        0.681 us            1 L1-dcache-loads=325 items_per_second=46.9897M/s
BM_SORT_STD/32/1/iterations:1/repeats:50                      0.684 us        0.684 us            1 L1-dcache-loads=328 items_per_second=46.7836M/s
BM_SORT_STD/32/1/iterations:1/repeats:50                      0.692 us        0.699 us            1 L1-dcache-loads=358 items_per_second=45.7797M/s
BM_SORT_STD/32/1/iterations:1/repeats:50                      0.733 us        0.733 us            1 L1-dcache-loads=338 items_per_second=43.6562M/s
BM_SORT_STD/32/1/iterations:1/repeats:50                      0.816 us        0.809 us            1 L1-dcache-loads=399 items_per_second=39.555M/s
BM_SORT_STD/32/1/iterations:1/repeats:50                      0.739 us        0.738 us            1 L1-dcache-loads=345 items_per_second=43.3604M/s
BM_SORT_STD/32/1/iterations:1/repeats:50                      0.716 us        0.716 us            1 L1-dcache-loads=317 items_per_second=44.6927M/s
BM_SORT_STD/32/1/iterations:1/repeats:50                      0.670 us        0.671 us            1 L1-dcache-loads=335 items_per_second=47.69M/s
BM_SORT_STD/32/1/iterations:1/repeats:50                      0.746 us        0.738 us            1 L1-dcache-loads=326 items_per_second=43.3604M/s
BM_SORT_STD/32/1/iterations:1/repeats:50                      0.759 us        0.752 us            1 L1-dcache-loads=340 items_per_second=42.5532M/s
BM_SORT_STD/32/1/iterations:1/repeats:50                      0.731 us        0.730 us            1 L1-dcache-loads=349 items_per_second=43.8356M/s
BM_SORT_STD/32/1/iterations:1/repeats:50                      0.661 us        0.661 us            1 L1-dcache-loads=317 items_per_second=48.4115M/s
BM_SORT_STD/32/1/iterations:1/repeats:50                      0.747 us        0.749 us            1 L1-dcache-loads=345 items_per_second=42.7236M/s
BM_SORT_STD/32/1/iterations:1/repeats:50                      0.665 us        0.667 us            1 L1-dcache-loads=344 items_per_second=47.976M/s
BM_SORT_STD/32/1/iterations:1/repeats:50                      0.680 us        0.681 us            1 L1-dcache-loads=319 items_per_second=46.9897M/s
BM_SORT_STD/32/1/iterations:1/repeats:50                      0.712 us        0.720 us            1 L1-dcache-loads=340 items_per_second=44.4444M/s
BM_SORT_STD/32/1/iterations:1/repeats:50                      0.708 us        0.709 us            1 L1-dcache-loads=328 items_per_second=45.134M/s
BM_SORT_STD/32/1/iterations:1/repeats:50                      0.823 us        0.821 us            1 L1-dcache-loads=404 items_per_second=38.9769M/s
BM_SORT_STD/32/1/iterations:1/repeats:50                      0.794 us        0.779 us            1 L1-dcache-loads=337 items_per_second=41.0783M/s
BM_SORT_STD/32/1/iterations:1/repeats:50                      0.675 us        0.683 us            1 L1-dcache-loads=330 items_per_second=46.8521M/s
BM_SORT_STD/32/1/iterations:1/repeats:50                      0.730 us        0.730 us            1 L1-dcache-loads=336 items_per_second=43.8356M/s
BM_SORT_STD/32/1/iterations:1/repeats:50_mean                 0.742 us        0.742 us           50 L1-dcache-loads=343.26 items_per_second=43.4188M/s
BM_SORT_STD/32/1/iterations:1/repeats:50_median               0.730 us        0.731 us           50 L1-dcache-loads=340.5 items_per_second=43.7757M/s
BM_SORT_STD/32/1/iterations:1/repeats:50_stddev               0.072 us        0.070 us           50 L1-dcache-loads=19.5905 items_per_second=3.41576M/s
BM_SORT_STD/32/1/iterations:1/repeats:50_cv                    9.73 %          9.46 %            50 L1-dcache-loads=5.71% items_per_second=7.87%
BM_SORT_STD/64/1/iterations:1/repeats:50                       1.43 us         1.41 us            1 L1-dcache-loads=717 items_per_second=45.2617M/s
BM_SORT_STD/64/1/iterations:1/repeats:50                       1.31 us         1.30 us            1 L1-dcache-loads=646 items_per_second=49.0798M/s
BM_SORT_STD/64/1/iterations:1/repeats:50                       1.30 us         1.30 us            1 L1-dcache-loads=714 items_per_second=49.1174M/s
BM_SORT_STD/64/1/iterations:1/repeats:50                       1.30 us         1.29 us            1 L1-dcache-loads=646 items_per_second=49.459M/s
BM_SORT_STD/64/1/iterations:1/repeats:50                       1.17 us         1.17 us            1 L1-dcache-loads=691 items_per_second=54.4681M/s
BM_SORT_STD/64/1/iterations:1/repeats:50                       1.27 us         1.27 us            1 L1-dcache-loads=674 items_per_second=50.2749M/s
BM_SORT_STD/64/1/iterations:1/repeats:50                       1.29 us         1.29 us            1 L1-dcache-loads=756 items_per_second=49.6894M/s
BM_SORT_STD/64/1/iterations:1/repeats:50                       1.30 us         1.30 us            1 L1-dcache-loads=685 items_per_second=49.2308M/s
BM_SORT_STD/64/1/iterations:1/repeats:50                       1.28 us         1.27 us            1 L1-dcache-loads=647 items_per_second=50.2749M/s
BM_SORT_STD/64/1/iterations:1/repeats:50                       1.29 us         1.28 us            1 L1-dcache-loads=704 items_per_second=49.8442M/s
BM_SORT_STD/64/1/iterations:1/repeats:50                       1.21 us         1.21 us            1 L1-dcache-loads=706 items_per_second=52.9363M/s
BM_SORT_STD/64/1/iterations:1/repeats:50                       1.18 us         1.18 us            1 L1-dcache-loads=717 items_per_second=54.2833M/s
BM_SORT_STD/64/1/iterations:1/repeats:50                       1.33 us         1.33 us            1 L1-dcache-loads=669 items_per_second=47.9401M/s
BM_SORT_STD/64/1/iterations:1/repeats:50                       1.29 us         1.30 us            1 L1-dcache-loads=745 items_per_second=49.1174M/s
BM_SORT_STD/64/1/iterations:1/repeats:50                       1.27 us         1.27 us            1 L1-dcache-loads=698 items_per_second=50.3541M/s
BM_SORT_STD/64/1/iterations:1/repeats:50                       1.21 us         1.21 us            1 L1-dcache-loads=704 items_per_second=52.9363M/s
BM_SORT_STD/64/1/iterations:1/repeats:50                       1.32 us         1.31 us            1 L1-dcache-loads=719 items_per_second=48.8177M/s
BM_SORT_STD/64/1/iterations:1/repeats:50                       1.33 us         1.33 us            1 L1-dcache-loads=663 items_per_second=48.1565M/s
BM_SORT_STD/64/1/iterations:1/repeats:50                       1.44 us         1.42 us            1 L1-dcache-loads=668 items_per_second=45.1022M/s
BM_SORT_STD/64/1/iterations:1/repeats:50                       1.24 us         1.24 us            1 L1-dcache-loads=686 items_per_second=51.5713M/s
BM_SORT_STD/64/1/iterations:1/repeats:50                       1.28 us         1.29 us            1 L1-dcache-loads=662 items_per_second=49.8054M/s
BM_SORT_STD/64/1/iterations:1/repeats:50                       1.27 us         1.27 us            1 L1-dcache-loads=678 items_per_second=50.3145M/s
BM_SORT_STD/64/1/iterations:1/repeats:50                       1.22 us         1.22 us            1 L1-dcache-loads=631 items_per_second=52.4161M/s
BM_SORT_STD/64/1/iterations:1/repeats:50                       1.23 us         1.23 us            1 L1-dcache-loads=685 items_per_second=52.1173M/s
BM_SORT_STD/64/1/iterations:1/repeats:50                       1.20 us         1.20 us            1 L1-dcache-loads=627 items_per_second=53.5117M/s
BM_SORT_STD/64/1/iterations:1/repeats:50                       1.23 us         1.23 us            1 L1-dcache-loads=699 items_per_second=52.0749M/s
BM_SORT_STD/64/1/iterations:1/repeats:50                       1.20 us         1.20 us            1 L1-dcache-loads=691 items_per_second=53.2889M/s
BM_SORT_STD/64/1/iterations:1/repeats:50                       1.25 us         1.24 us            1 L1-dcache-loads=663 items_per_second=51.4056M/s
BM_SORT_STD/64/1/iterations:1/repeats:50                       1.32 us         1.33 us            1 L1-dcache-loads=697 items_per_second=48.0841M/s
BM_SORT_STD/64/1/iterations:1/repeats:50                       1.31 us         1.31 us            1 L1-dcache-loads=651 items_per_second=48.855M/s
BM_SORT_STD/64/1/iterations:1/repeats:50                       1.22 us         1.21 us            1 L1-dcache-loads=651 items_per_second=52.6749M/s
BM_SORT_STD/64/1/iterations:1/repeats:50                       1.20 us         1.20 us            1 L1-dcache-loads=653 items_per_second=53.3333M/s
BM_SORT_STD/64/1/iterations:1/repeats:50                       1.20 us         1.20 us            1 L1-dcache-loads=662 items_per_second=53.2446M/s
BM_SORT_STD/64/1/iterations:1/repeats:50                       1.40 us         1.39 us            1 L1-dcache-loads=703 items_per_second=45.977M/s
BM_SORT_STD/64/1/iterations:1/repeats:50                       1.23 us         1.23 us            1 L1-dcache-loads=690 items_per_second=51.9481M/s
BM_SORT_STD/64/1/iterations:1/repeats:50                       1.30 us         1.31 us            1 L1-dcache-loads=693 items_per_second=49.0046M/s
BM_SORT_STD/64/1/iterations:1/repeats:50                       1.26 us         1.26 us            1 L1-dcache-loads=697 items_per_second=50.673M/s
BM_SORT_STD/64/1/iterations:1/repeats:50                       1.29 us         1.29 us            1 L1-dcache-loads=712 items_per_second=49.459M/s
BM_SORT_STD/64/1/iterations:1/repeats:50                       1.17 us         1.17 us            1 L1-dcache-loads=679 items_per_second=54.5145M/s
BM_SORT_STD/64/1/iterations:1/repeats:50                       1.24 us         1.24 us            1 L1-dcache-loads=695 items_per_second=51.4056M/s
BM_SORT_STD/64/1/iterations:1/repeats:50                       1.26 us         1.26 us            1 L1-dcache-loads=695 items_per_second=50.673M/s
BM_SORT_STD/64/1/iterations:1/repeats:50                       1.14 us         1.14 us            1 L1-dcache-loads=679 items_per_second=56.239M/s
BM_SORT_STD/64/1/iterations:1/repeats:50                       1.17 us         1.17 us            1 L1-dcache-loads=680 items_per_second=54.6541M/s
BM_SORT_STD/64/1/iterations:1/repeats:50                       1.29 us         1.29 us            1 L1-dcache-loads=683 items_per_second=49.728M/s
BM_SORT_STD/64/1/iterations:1/repeats:50                       1.31 us         1.32 us            1 L1-dcache-loads=656 items_per_second=48.4481M/s
BM_SORT_STD/64/1/iterations:1/repeats:50                       1.32 us         1.32 us            1 L1-dcache-loads=723 items_per_second=48.3384M/s
BM_SORT_STD/64/1/iterations:1/repeats:50                       1.19 us         1.19 us            1 L1-dcache-loads=666 items_per_second=53.7815M/s
BM_SORT_STD/64/1/iterations:1/repeats:50                       1.18 us         1.18 us            1 L1-dcache-loads=674 items_per_second=54.3294M/s
BM_SORT_STD/64/1/iterations:1/repeats:50                       1.21 us         1.21 us            1 L1-dcache-loads=699 items_per_second=53.024M/s
BM_SORT_STD/64/1/iterations:1/repeats:50                       1.20 us         1.20 us            1 L1-dcache-loads=739 items_per_second=53.3333M/s
BM_SORT_STD/64/1/iterations:1/repeats:50_mean                  1.26 us         1.26 us           50 L1-dcache-loads=685.36 items_per_second=50.8915M/s
BM_SORT_STD/64/1/iterations:1/repeats:50_median                1.27 us         1.27 us           50 L1-dcache-loads=685.5 items_per_second=50.5135M/s
BM_SORT_STD/64/1/iterations:1/repeats:50_stddev               0.065 us        0.064 us           50 L1-dcache-loads=28.1155 items_per_second=2.53454M/s
BM_SORT_STD/64/1/iterations:1/repeats:50_cv                    5.19 %          5.05 %            50 L1-dcache-loads=4.10% items_per_second=4.98%
BM_SORT_STD/128/1/iterations:1/repeats:50                      2.65 us         2.60 us            1 L1-dcache-loads=1.409k items_per_second=49.2497M/s
BM_SORT_STD/128/1/iterations:1/repeats:50                      2.54 us         2.53 us            1 L1-dcache-loads=1.41k items_per_second=50.5529M/s
BM_SORT_STD/128/1/iterations:1/repeats:50                      2.56 us         2.56 us            1 L1-dcache-loads=1.454k items_per_second=50.0391M/s
BM_SORT_STD/128/1/iterations:1/repeats:50                      2.48 us         2.48 us            1 L1-dcache-loads=1.505k items_per_second=51.6337M/s
BM_SORT_STD/128/1/iterations:1/repeats:50                      2.42 us         2.44 us            1 L1-dcache-loads=1.508k items_per_second=52.4805M/s
BM_SORT_STD/128/1/iterations:1/repeats:50                      2.43 us         2.43 us            1 L1-dcache-loads=1.407k items_per_second=52.6316M/s
BM_SORT_STD/128/1/iterations:1/repeats:50                      2.58 us         2.58 us            1 L1-dcache-loads=1.493k items_per_second=49.6316M/s
BM_SORT_STD/128/1/iterations:1/repeats:50                      2.44 us         2.44 us            1 L1-dcache-loads=1.475k items_per_second=52.3946M/s
BM_SORT_STD/128/1/iterations:1/repeats:50                      2.58 us         2.58 us            1 L1-dcache-loads=1.482k items_per_second=49.6509M/s
BM_SORT_STD/128/1/iterations:1/repeats:50                      2.48 us         2.49 us            1 L1-dcache-loads=1.481k items_per_second=51.3438M/s
BM_SORT_STD/128/1/iterations:1/repeats:50                      2.50 us         2.49 us            1 L1-dcache-loads=1.47k items_per_second=51.3026M/s
BM_SORT_STD/128/1/iterations:1/repeats:50                      2.35 us         2.36 us            1 L1-dcache-loads=1.364k items_per_second=54.2143M/s
BM_SORT_STD/128/1/iterations:1/repeats:50                      2.28 us         2.28 us            1 L1-dcache-loads=1.485k items_per_second=56.0666M/s
BM_SORT_STD/128/1/iterations:1/repeats:50                      2.44 us         2.44 us            1 L1-dcache-loads=1.415k items_per_second=52.5236M/s
BM_SORT_STD/128/1/iterations:1/repeats:50                      2.36 us         2.36 us            1 L1-dcache-loads=1.474k items_per_second=54.3294M/s
BM_SORT_STD/128/1/iterations:1/repeats:50                      2.37 us         2.37 us            1 L1-dcache-loads=1.439k items_per_second=53.9402M/s
BM_SORT_STD/128/1/iterations:1/repeats:50                      2.51 us         2.51 us            1 L1-dcache-loads=1.463k items_per_second=50.9149M/s
BM_SORT_STD/128/1/iterations:1/repeats:50                      2.57 us         2.58 us            1 L1-dcache-loads=1.433k items_per_second=49.6702M/s
BM_SORT_STD/128/1/iterations:1/repeats:50                      2.55 us         2.56 us            1 L1-dcache-loads=1.456k items_per_second=50.0978M/s
BM_SORT_STD/128/1/iterations:1/repeats:50                      2.39 us         2.40 us            1 L1-dcache-loads=1.45k items_per_second=53.4001M/s
BM_SORT_STD/128/1/iterations:1/repeats:50                      2.55 us         2.55 us            1 L1-dcache-loads=1.429k items_per_second=50.2749M/s
BM_SORT_STD/128/1/iterations:1/repeats:50                      2.54 us         2.54 us            1 L1-dcache-loads=1.466k items_per_second=50.4732M/s
BM_SORT_STD/128/1/iterations:1/repeats:50                      2.39 us         2.39 us            1 L1-dcache-loads=1.479k items_per_second=53.6013M/s
BM_SORT_STD/128/1/iterations:1/repeats:50                      2.52 us         2.53 us            1 L1-dcache-loads=1.466k items_per_second=50.6529M/s
BM_SORT_STD/128/1/iterations:1/repeats:50                      2.35 us         2.35 us            1 L1-dcache-loads=1.442k items_per_second=54.4681M/s
BM_SORT_STD/128/1/iterations:1/repeats:50                      2.49 us         2.49 us            1 L1-dcache-loads=1.48k items_per_second=51.385M/s
BM_SORT_STD/128/1/iterations:1/repeats:50                      2.44 us         2.44 us            1 L1-dcache-loads=1.441k items_per_second=52.3946M/s
BM_SORT_STD/128/1/iterations:1/repeats:50                      2.62 us         2.62 us            1 L1-dcache-loads=1.482k items_per_second=48.8363M/s
BM_SORT_STD/128/1/iterations:1/repeats:50                      2.56 us         2.56 us            1 L1-dcache-loads=1.491k items_per_second=50.0782M/s
BM_SORT_STD/128/1/iterations:1/repeats:50                      2.57 us         2.57 us            1 L1-dcache-loads=1.457k items_per_second=49.8442M/s
BM_SORT_STD/128/1/iterations:1/repeats:50                      2.46 us         2.47 us            1 L1-dcache-loads=1.409k items_per_second=51.7799M/s
BM_SORT_STD/128/1/iterations:1/repeats:50                      2.48 us         2.47 us            1 L1-dcache-loads=1.403k items_per_second=51.8009M/s
BM_SORT_STD/128/1/iterations:1/repeats:50                      2.47 us         2.47 us            1 L1-dcache-loads=1.539k items_per_second=51.8009M/s
BM_SORT_STD/128/1/iterations:1/repeats:50                      2.56 us         2.54 us            1 L1-dcache-loads=1.428k items_per_second=50.2947M/s
BM_SORT_STD/128/1/iterations:1/repeats:50                      2.42 us         2.42 us            1 L1-dcache-loads=1.442k items_per_second=52.8053M/s
BM_SORT_STD/128/1/iterations:1/repeats:50                      2.44 us         2.44 us            1 L1-dcache-loads=1.401k items_per_second=52.4375M/s
BM_SORT_STD/128/1/iterations:1/repeats:50                      2.68 us         2.67 us            1 L1-dcache-loads=1.434k items_per_second=47.8684M/s
BM_SORT_STD/128/1/iterations:1/repeats:50                      2.35 us         2.35 us            1 L1-dcache-loads=1.522k items_per_second=54.3524M/s
BM_SORT_STD/128/1/iterations:1/repeats:50                      2.41 us         2.42 us            1 L1-dcache-loads=1.518k items_per_second=52.9144M/s
BM_SORT_STD/128/1/iterations:1/repeats:50                      2.40 us         2.40 us            1 L1-dcache-loads=1.486k items_per_second=53.4224M/s
BM_SORT_STD/128/1/iterations:1/repeats:50                      2.31 us         2.31 us            1 L1-dcache-loads=1.424k items_per_second=55.3873M/s
BM_SORT_STD/128/1/iterations:1/repeats:50                      2.46 us         2.46 us            1 L1-dcache-loads=1.489k items_per_second=52.0749M/s
BM_SORT_STD/128/1/iterations:1/repeats:50                      2.44 us         2.44 us            1 L1-dcache-loads=1.45k items_per_second=52.5021M/s
BM_SORT_STD/128/1/iterations:1/repeats:50                      2.43 us         2.43 us            1 L1-dcache-loads=1.476k items_per_second=52.5883M/s
BM_SORT_STD/128/1/iterations:1/repeats:50                      2.51 us         2.51 us            1 L1-dcache-loads=1.472k items_per_second=50.9149M/s
BM_SORT_STD/128/1/iterations:1/repeats:50                      2.33 us         2.33 us            1 L1-dcache-loads=1.459k items_per_second=54.9592M/s
BM_SORT_STD/128/1/iterations:1/repeats:50                      2.34 us         2.34 us            1 L1-dcache-loads=1.534k items_per_second=54.6775M/s
BM_SORT_STD/128/1/iterations:1/repeats:50                      2.43 us         2.43 us            1 L1-dcache-loads=1.45k items_per_second=52.6749M/s
BM_SORT_STD/128/1/iterations:1/repeats:50                      2.49 us         2.49 us            1 L1-dcache-loads=1.566k items_per_second=51.3438M/s
BM_SORT_STD/128/1/iterations:1/repeats:50                      2.54 us         2.54 us            1 L1-dcache-loads=1.446k items_per_second=50.4135M/s
BM_SORT_STD/128/1/iterations:1/repeats:50_mean                 2.47 us         2.47 us           50 L1-dcache-loads=1.46108k items_per_second=51.9018M/s
BM_SORT_STD/128/1/iterations:1/repeats:50_median               2.47 us         2.47 us           50 L1-dcache-loads=1.461k items_per_second=51.8009M/s
BM_SORT_STD/128/1/iterations:1/repeats:50_stddev              0.090 us        0.087 us           50 L1-dcache-loads=39.634 items_per_second=1.83869M/s
BM_SORT_STD/128/1/iterations:1/repeats:50_cv                   3.63 %          3.53 %            50 L1-dcache-loads=2.71% items_per_second=3.54%
BM_SORT_STD/256/1/iterations:1/repeats:50                      5.41 us         5.41 us            1 L1-dcache-loads=3.062k items_per_second=47.3198M/s
BM_SORT_STD/256/1/iterations:1/repeats:50                      5.11 us         5.11 us            1 L1-dcache-loads=3.021k items_per_second=50.1077M/s
BM_SORT_STD/256/1/iterations:1/repeats:50                      5.25 us         5.25 us            1 L1-dcache-loads=3.394k items_per_second=48.7991M/s
BM_SORT_STD/256/1/iterations:1/repeats:50                      5.27 us         5.27 us            1 L1-dcache-loads=3.236k items_per_second=48.6137M/s
BM_SORT_STD/256/1/iterations:1/repeats:50                      5.39 us         5.39 us            1 L1-dcache-loads=3.278k items_per_second=47.4954M/s
BM_SORT_STD/256/1/iterations:1/repeats:50                      5.06 us         5.06 us            1 L1-dcache-loads=3.405k items_per_second=50.6429M/s
BM_SORT_STD/256/1/iterations:1/repeats:50                      5.21 us         5.21 us            1 L1-dcache-loads=3.434k items_per_second=49.1835M/s
BM_SORT_STD/256/1/iterations:1/repeats:50                      5.15 us         5.15 us            1 L1-dcache-loads=3.138k items_per_second=49.7474M/s
BM_SORT_STD/256/1/iterations:1/repeats:50                      5.05 us         5.04 us            1 L1-dcache-loads=3.272k items_per_second=50.8441M/s
BM_SORT_STD/256/1/iterations:1/repeats:50                      5.31 us         5.31 us            1 L1-dcache-loads=3.214k items_per_second=48.2473M/s
BM_SORT_STD/256/1/iterations:1/repeats:50                      5.24 us         5.24 us            1 L1-dcache-loads=3.275k items_per_second=48.855M/s
BM_SORT_STD/256/1/iterations:1/repeats:50                      5.26 us         5.25 us            1 L1-dcache-loads=3.097k items_per_second=48.7248M/s
BM_SORT_STD/256/1/iterations:1/repeats:50                      5.14 us         5.14 us            1 L1-dcache-loads=3.208k items_per_second=49.7861M/s
BM_SORT_STD/256/1/iterations:1/repeats:50                      5.19 us         5.18 us            1 L1-dcache-loads=3.202k items_per_second=49.3732M/s
BM_SORT_STD/256/1/iterations:1/repeats:50                      4.89 us         4.89 us            1 L1-dcache-loads=3.182k items_per_second=52.3089M/s
BM_SORT_STD/256/1/iterations:1/repeats:50                      5.26 us         5.26 us            1 L1-dcache-loads=3.233k items_per_second=48.7062M/s
BM_SORT_STD/256/1/iterations:1/repeats:50                      4.95 us         4.95 us            1 L1-dcache-loads=2.994k items_per_second=51.6754M/s
BM_SORT_STD/256/1/iterations:1/repeats:50                      5.10 us         5.09 us            1 L1-dcache-loads=3.015k items_per_second=50.2947M/s
BM_SORT_STD/256/1/iterations:1/repeats:50                      4.98 us         4.99 us            1 L1-dcache-loads=3.167k items_per_second=51.3438M/s
BM_SORT_STD/256/1/iterations:1/repeats:50                      5.31 us         5.30 us            1 L1-dcache-loads=3.401k items_per_second=48.2746M/s
BM_SORT_STD/256/1/iterations:1/repeats:50                      5.27 us         5.26 us            1 L1-dcache-loads=3.173k items_per_second=48.6322M/s
BM_SORT_STD/256/1/iterations:1/repeats:50                      4.91 us         4.91 us            1 L1-dcache-loads=3.104k items_per_second=52.1173M/s
BM_SORT_STD/256/1/iterations:1/repeats:50                      5.07 us         5.07 us            1 L1-dcache-loads=3.192k items_per_second=50.533M/s
BM_SORT_STD/256/1/iterations:1/repeats:50                      5.21 us         5.21 us            1 L1-dcache-loads=3.237k items_per_second=49.0986M/s
BM_SORT_STD/256/1/iterations:1/repeats:50                      5.01 us         5.02 us            1 L1-dcache-loads=3.409k items_per_second=51.0469M/s
BM_SORT_STD/256/1/iterations:1/repeats:50                      5.05 us         5.05 us            1 L1-dcache-loads=3.058k items_per_second=50.7232M/s
BM_SORT_STD/256/1/iterations:1/repeats:50                      5.10 us         5.11 us            1 L1-dcache-loads=3.291k items_per_second=50.1371M/s
BM_SORT_STD/256/1/iterations:1/repeats:50                      5.23 us         5.24 us            1 L1-dcache-loads=3.134k items_per_second=48.855M/s
BM_SORT_STD/256/1/iterations:1/repeats:50                      5.19 us         5.19 us            1 L1-dcache-loads=3.22k items_per_second=49.3542M/s
BM_SORT_STD/256/1/iterations:1/repeats:50                      5.01 us         5.01 us            1 L1-dcache-loads=3.253k items_per_second=51.108M/s
BM_SORT_STD/256/1/iterations:1/repeats:50                      5.18 us         5.18 us            1 L1-dcache-loads=3.109k items_per_second=49.4399M/s
BM_SORT_STD/256/1/iterations:1/repeats:50                      5.23 us         5.23 us            1 L1-dcache-loads=3.123k items_per_second=48.9297M/s
BM_SORT_STD/256/1/iterations:1/repeats:50                      5.01 us         5.01 us            1 L1-dcache-loads=3.178k items_per_second=51.0774M/s
BM_SORT_STD/256/1/iterations:1/repeats:50                      5.31 us         5.31 us            1 L1-dcache-loads=3.13k items_per_second=48.2473M/s
BM_SORT_STD/256/1/iterations:1/repeats:50                      5.15 us         5.14 us            1 L1-dcache-loads=3.155k items_per_second=49.7667M/s
BM_SORT_STD/256/1/iterations:1/repeats:50                      5.03 us         5.03 us            1 L1-dcache-loads=3.118k items_per_second=50.8542M/s
BM_SORT_STD/256/1/iterations:1/repeats:50                      5.02 us         5.02 us            1 L1-dcache-loads=3.236k items_per_second=51.0265M/s
BM_SORT_STD/256/1/iterations:1/repeats:50                      5.25 us         5.26 us            1 L1-dcache-loads=3.056k items_per_second=48.6415M/s
BM_SORT_STD/256/1/iterations:1/repeats:50                      4.94 us         4.94 us            1 L1-dcache-loads=3.142k items_per_second=51.7799M/s
BM_SORT_STD/256/1/iterations:1/repeats:50                      5.08 us         5.08 us            1 L1-dcache-loads=3.208k items_per_second=50.3739M/s
BM_SORT_STD/256/1/iterations:1/repeats:50                      5.08 us         5.08 us            1 L1-dcache-loads=3.091k items_per_second=50.3739M/s
BM_SORT_STD/256/1/iterations:1/repeats:50                      5.11 us         5.11 us            1 L1-dcache-loads=3.327k items_per_second=50.0782M/s
BM_SORT_STD/256/1/iterations:1/repeats:50                      5.13 us         5.13 us            1 L1-dcache-loads=3.157k items_per_second=49.9317M/s
BM_SORT_STD/256/1/iterations:1/repeats:50                      5.23 us         5.23 us            1 L1-dcache-loads=3.366k items_per_second=48.9765M/s
BM_SORT_STD/256/1/iterations:1/repeats:50                      5.22 us         5.25 us            1 L1-dcache-loads=3.02k items_per_second=48.8084M/s
BM_SORT_STD/256/1/iterations:1/repeats:50                      5.11 us         5.11 us            1 L1-dcache-loads=3.177k items_per_second=50.1273M/s
BM_SORT_STD/256/1/iterations:1/repeats:50                      4.98 us         4.98 us            1 L1-dcache-loads=3.299k items_per_second=51.4469M/s
BM_SORT_STD/256/1/iterations:1/repeats:50                      5.44 us         5.44 us            1 L1-dcache-loads=3.234k items_per_second=47.0415M/s
BM_SORT_STD/256/1/iterations:1/repeats:50                      5.17 us         5.16 us            1 L1-dcache-loads=3.273k items_per_second=49.5932M/s
BM_SORT_STD/256/1/iterations:1/repeats:50                      4.95 us         4.95 us            1 L1-dcache-loads=3.193k items_per_second=51.6858M/s
BM_SORT_STD/256/1/iterations:1/repeats:50_mean                 5.14 us         5.14 us           50 L1-dcache-loads=3.19782k items_per_second=49.803M/s
BM_SORT_STD/256/1/iterations:1/repeats:50_median               5.14 us         5.14 us           50 L1-dcache-loads=3.1925k items_per_second=49.7764M/s
BM_SORT_STD/256/1/iterations:1/repeats:50_stddev              0.132 us        0.131 us           50 L1-dcache-loads=109.664 items_per_second=1.27049M/s
BM_SORT_STD/256/1/iterations:1/repeats:50_cv                   2.56 %          2.56 %            50 L1-dcache-loads=3.43% items_per_second=2.55%
BM_SORT_STD/512/1/iterations:1/repeats:50                      11.2 us         11.1 us            1 L1-dcache-loads=6.931k items_per_second=45.9688M/s
BM_SORT_STD/512/1/iterations:1/repeats:50                      11.7 us         11.7 us            1 L1-dcache-loads=7.013k items_per_second=43.6042M/s
BM_SORT_STD/512/1/iterations:1/repeats:50                      11.3 us         11.3 us            1 L1-dcache-loads=6.926k items_per_second=45.1778M/s
BM_SORT_STD/512/1/iterations:1/repeats:50                      11.1 us         11.1 us            1 L1-dcache-loads=7.274k items_per_second=45.9358M/s
BM_SORT_STD/512/1/iterations:1/repeats:50                      10.9 us         10.9 us            1 L1-dcache-loads=6.857k items_per_second=46.9639M/s
BM_SORT_STD/512/1/iterations:1/repeats:50                      10.7 us         10.7 us            1 L1-dcache-loads=7.078k items_per_second=47.8013M/s
BM_SORT_STD/512/1/iterations:1/repeats:50                      10.9 us         10.9 us            1 L1-dcache-loads=7.116k items_per_second=46.8264M/s
BM_SORT_STD/512/1/iterations:1/repeats:50                      11.1 us         11.1 us            1 L1-dcache-loads=6.838k items_per_second=45.9564M/s
BM_SORT_STD/512/1/iterations:1/repeats:50                      10.8 us         10.7 us            1 L1-dcache-loads=6.92k items_per_second=47.6545M/s
BM_SORT_STD/512/1/iterations:1/repeats:50                      11.3 us         11.2 us            1 L1-dcache-loads=6.77k items_per_second=45.5152M/s
BM_SORT_STD/512/1/iterations:1/repeats:50                      11.1 us         11.1 us            1 L1-dcache-loads=6.907k items_per_second=45.9481M/s
BM_SORT_STD/512/1/iterations:1/repeats:50                      10.9 us         10.9 us            1 L1-dcache-loads=6.896k items_per_second=46.9811M/s
BM_SORT_STD/512/1/iterations:1/repeats:50                      11.0 us         11.0 us            1 L1-dcache-loads=7.008k items_per_second=46.66M/s
BM_SORT_STD/512/1/iterations:1/repeats:50                      10.9 us         10.9 us            1 L1-dcache-loads=6.754k items_per_second=46.7965M/s
BM_SORT_STD/512/1/iterations:1/repeats:50                      10.8 us         10.8 us            1 L1-dcache-loads=7.435k items_per_second=47.4206M/s
BM_SORT_STD/512/1/iterations:1/repeats:50                      10.3 us         10.4 us            1 L1-dcache-loads=6.969k items_per_second=49.4686M/s
BM_SORT_STD/512/1/iterations:1/repeats:50                      10.9 us         10.9 us            1 L1-dcache-loads=6.997k items_per_second=46.9639M/s
BM_SORT_STD/512/1/iterations:1/repeats:50                      11.0 us         11.0 us            1 L1-dcache-loads=6.93k items_per_second=46.537M/s
BM_SORT_STD/512/1/iterations:1/repeats:50                      11.1 us         11.1 us            1 L1-dcache-loads=6.98k items_per_second=46.2929M/s
BM_SORT_STD/512/1/iterations:1/repeats:50                      10.9 us         10.9 us            1 L1-dcache-loads=6.813k items_per_second=47.1411M/s
BM_SORT_STD/512/1/iterations:1/repeats:50                      11.1 us         11.1 us            1 L1-dcache-loads=6.951k items_per_second=46.2261M/s
BM_SORT_STD/512/1/iterations:1/repeats:50                      10.8 us         10.8 us            1 L1-dcache-loads=7.032k items_per_second=47.2412M/s
BM_SORT_STD/512/1/iterations:1/repeats:50                      11.0 us         11.0 us            1 L1-dcache-loads=6.964k items_per_second=46.3768M/s
BM_SORT_STD/512/1/iterations:1/repeats:50                      11.3 us         11.3 us            1 L1-dcache-loads=7.014k items_per_second=45.378M/s
BM_SORT_STD/512/1/iterations:1/repeats:50                      10.8 us         10.8 us            1 L1-dcache-loads=7.334k items_per_second=47.4469M/s
BM_SORT_STD/512/1/iterations:1/repeats:50                      11.2 us         11.2 us            1 L1-dcache-loads=6.944k items_per_second=45.8207M/s
BM_SORT_STD/512/1/iterations:1/repeats:50                      11.3 us         11.3 us            1 L1-dcache-loads=7.192k items_per_second=45.1698M/s
BM_SORT_STD/512/1/iterations:1/repeats:50                      10.6 us         10.6 us            1 L1-dcache-loads=7.031k items_per_second=48.4803M/s
BM_SORT_STD/512/1/iterations:1/repeats:50                      11.1 us         11.1 us            1 L1-dcache-loads=6.989k items_per_second=46.1677M/s
BM_SORT_STD/512/1/iterations:1/repeats:50                      11.3 us         11.3 us            1 L1-dcache-loads=7.004k items_per_second=45.4505M/s
BM_SORT_STD/512/1/iterations:1/repeats:50                      10.8 us         10.8 us            1 L1-dcache-loads=6.899k items_per_second=47.2761M/s
BM_SORT_STD/512/1/iterations:1/repeats:50                      11.1 us         11.1 us            1 L1-dcache-loads=7.017k items_per_second=46.1137M/s
BM_SORT_STD/512/1/iterations:1/repeats:50                      11.2 us         11.2 us            1 L1-dcache-loads=6.978k items_per_second=45.7061M/s
BM_SORT_STD/512/1/iterations:1/repeats:50                      11.3 us         11.3 us            1 L1-dcache-loads=7.026k items_per_second=45.3017M/s
BM_SORT_STD/512/1/iterations:1/repeats:50                      11.2 us         11.2 us            1 L1-dcache-loads=7.298k items_per_second=45.6613M/s
BM_SORT_STD/512/1/iterations:1/repeats:50                      11.3 us         11.3 us            1 L1-dcache-loads=6.875k items_per_second=45.4021M/s
BM_SORT_STD/512/1/iterations:1/repeats:50                      11.2 us         11.1 us            1 L1-dcache-loads=7.008k items_per_second=45.9234M/s
BM_SORT_STD/512/1/iterations:1/repeats:50                      10.8 us         10.9 us            1 L1-dcache-loads=6.756k items_per_second=47.1759M/s
BM_SORT_STD/512/1/iterations:1/repeats:50                      10.8 us         10.8 us            1 L1-dcache-loads=6.986k items_per_second=47.4074M/s
BM_SORT_STD/512/1/iterations:1/repeats:50                      10.7 us         10.7 us            1 L1-dcache-loads=7.376k items_per_second=47.976M/s
BM_SORT_STD/512/1/iterations:1/repeats:50                      11.0 us         11.0 us            1 L1-dcache-loads=7.149k items_per_second=46.4947M/s
BM_SORT_STD/512/1/iterations:1/repeats:50                      11.4 us         11.4 us            1 L1-dcache-loads=7.247k items_per_second=45.0268M/s
BM_SORT_STD/512/1/iterations:1/repeats:50                      11.4 us         11.4 us            1 L1-dcache-loads=6.949k items_per_second=44.8611M/s
BM_SORT_STD/512/1/iterations:1/repeats:50                      11.5 us         11.5 us            1 L1-dcache-loads=6.879k items_per_second=44.5024M/s
BM_SORT_STD/512/1/iterations:1/repeats:50                      11.6 us         11.6 us            1 L1-dcache-loads=6.903k items_per_second=44.0468M/s
BM_SORT_STD/512/1/iterations:1/repeats:50                      11.4 us         11.4 us            1 L1-dcache-loads=7.181k items_per_second=45.0229M/s
BM_SORT_STD/512/1/iterations:1/repeats:50                      13.1 us         13.1 us            1 L1-dcache-loads=6.95k items_per_second=39.1348M/s
BM_SORT_STD/512/1/iterations:1/repeats:50                      11.3 us         11.3 us            1 L1-dcache-loads=6.737k items_per_second=45.13M/s
BM_SORT_STD/512/1/iterations:1/repeats:50                      11.4 us         11.4 us            1 L1-dcache-loads=7.34k items_per_second=45.0466M/s
BM_SORT_STD/512/1/iterations:1/repeats:50                      11.1 us         11.1 us            1 L1-dcache-loads=7.044k items_per_second=46.3223M/s
BM_SORT_STD/512/1/iterations:1/repeats:50_mean                 11.1 us         11.1 us           50 L1-dcache-loads=7.0093k items_per_second=46.0981M/s
BM_SORT_STD/512/1/iterations:1/repeats:50_median               11.1 us         11.1 us           50 L1-dcache-loads=6.983k items_per_second=46.1407M/s
BM_SORT_STD/512/1/iterations:1/repeats:50_stddev              0.392 us        0.391 us           50 L1-dcache-loads=164.369 items_per_second=1.51349M/s
BM_SORT_STD/512/1/iterations:1/repeats:50_cv                   3.53 %          3.52 %            50 L1-dcache-loads=2.35% items_per_second=3.28%
BM_SORT_STD/1024/1/iterations:1/repeats:50                     24.8 us         24.8 us            1 L1-dcache-loads=15.723k items_per_second=41.2288M/s
BM_SORT_STD/1024/1/iterations:1/repeats:50                     24.7 us         24.7 us            1 L1-dcache-loads=14.789k items_per_second=41.3972M/s
BM_SORT_STD/1024/1/iterations:1/repeats:50                     23.6 us         23.6 us            1 L1-dcache-loads=15.382k items_per_second=43.3696M/s
BM_SORT_STD/1024/1/iterations:1/repeats:50                     24.3 us         24.3 us            1 L1-dcache-loads=15.576k items_per_second=42.0966M/s
BM_SORT_STD/1024/1/iterations:1/repeats:50                     23.0 us         23.0 us            1 L1-dcache-loads=16.29k items_per_second=44.5392M/s
BM_SORT_STD/1024/1/iterations:1/repeats:50                     24.4 us         24.4 us            1 L1-dcache-loads=15.385k items_per_second=42.0309M/s
BM_SORT_STD/1024/1/iterations:1/repeats:50                     24.2 us         24.2 us            1 L1-dcache-loads=15.585k items_per_second=42.3894M/s
BM_SORT_STD/1024/1/iterations:1/repeats:50                     23.5 us         23.5 us            1 L1-dcache-loads=15.61k items_per_second=43.5467M/s
BM_SORT_STD/1024/1/iterations:1/repeats:50                     24.0 us         24.0 us            1 L1-dcache-loads=15.22k items_per_second=42.688M/s
BM_SORT_STD/1024/1/iterations:1/repeats:50                     23.3 us         23.3 us            1 L1-dcache-loads=15.515k items_per_second=43.9165M/s
BM_SORT_STD/1024/1/iterations:1/repeats:50                     24.0 us         24.0 us            1 L1-dcache-loads=15.4k items_per_second=42.6152M/s
BM_SORT_STD/1024/1/iterations:1/repeats:50                     23.4 us         23.4 us            1 L1-dcache-loads=15.711k items_per_second=43.7308M/s
BM_SORT_STD/1024/1/iterations:1/repeats:50                     23.6 us         23.6 us            1 L1-dcache-loads=15.198k items_per_second=43.3513M/s
BM_SORT_STD/1024/1/iterations:1/repeats:50                     23.9 us         23.9 us            1 L1-dcache-loads=15.226k items_per_second=42.7665M/s
BM_SORT_STD/1024/1/iterations:1/repeats:50                     23.4 us         23.4 us            1 L1-dcache-loads=15.867k items_per_second=43.7196M/s
BM_SORT_STD/1024/1/iterations:1/repeats:50                     24.0 us         24.0 us            1 L1-dcache-loads=14.969k items_per_second=42.6934M/s
BM_SORT_STD/1024/1/iterations:1/repeats:50                     23.7 us         23.7 us            1 L1-dcache-loads=15.964k items_per_second=43.143M/s
BM_SORT_STD/1024/1/iterations:1/repeats:50                     24.4 us         24.4 us            1 L1-dcache-loads=15.053k items_per_second=41.9122M/s
BM_SORT_STD/1024/1/iterations:1/repeats:50                     24.9 us         24.9 us            1 L1-dcache-loads=15.252k items_per_second=41.0602M/s
BM_SORT_STD/1024/1/iterations:1/repeats:50                     23.6 us         23.6 us            1 L1-dcache-loads=16.054k items_per_second=43.469M/s
BM_SORT_STD/1024/1/iterations:1/repeats:50                     24.5 us         24.5 us            1 L1-dcache-loads=15.373k items_per_second=41.7686M/s
BM_SORT_STD/1024/1/iterations:1/repeats:50                     23.1 us         23.1 us            1 L1-dcache-loads=16.011k items_per_second=44.3617M/s
BM_SORT_STD/1024/1/iterations:1/repeats:50                     24.0 us         23.9 us            1 L1-dcache-loads=15.783k items_per_second=42.7718M/s
BM_SORT_STD/1024/1/iterations:1/repeats:50                     23.5 us         23.5 us            1 L1-dcache-loads=15.811k items_per_second=43.5541M/s
BM_SORT_STD/1024/1/iterations:1/repeats:50                     23.7 us         23.7 us            1 L1-dcache-loads=15.556k items_per_second=43.1449M/s
BM_SORT_STD/1024/1/iterations:1/repeats:50                     24.3 us         24.3 us            1 L1-dcache-loads=15.32k items_per_second=42.2251M/s
BM_SORT_STD/1024/1/iterations:1/repeats:50                     24.0 us         24.0 us            1 L1-dcache-loads=15.913k items_per_second=42.6028M/s
BM_SORT_STD/1024/1/iterations:1/repeats:50                     24.3 us         24.4 us            1 L1-dcache-loads=14.989k items_per_second=42.043M/s
BM_SORT_STD/1024/1/iterations:1/repeats:50                     24.2 us         24.2 us            1 L1-dcache-loads=15.469k items_per_second=42.3315M/s
BM_SORT_STD/1024/1/iterations:1/repeats:50                     24.4 us         24.4 us            1 L1-dcache-loads=15.46k items_per_second=41.9071M/s
BM_SORT_STD/1024/1/iterations:1/repeats:50                     24.0 us         24.0 us            1 L1-dcache-loads=15.396k items_per_second=42.7005M/s
BM_SORT_STD/1024/1/iterations:1/repeats:50                     24.4 us         24.4 us            1 L1-dcache-loads=14.945k items_per_second=41.9844M/s
BM_SORT_STD/1024/1/iterations:1/repeats:50                     24.7 us         24.7 us            1 L1-dcache-loads=15.068k items_per_second=41.4441M/s
BM_SORT_STD/1024/1/iterations:1/repeats:50                     24.2 us         24.2 us            1 L1-dcache-loads=15.017k items_per_second=42.3333M/s
BM_SORT_STD/1024/1/iterations:1/repeats:50                     24.0 us         24.0 us            1 L1-dcache-loads=15.476k items_per_second=42.7147M/s
BM_SORT_STD/1024/1/iterations:1/repeats:50                     25.1 us         25.1 us            1 L1-dcache-loads=15.784k items_per_second=40.8652M/s
BM_SORT_STD/1024/1/iterations:1/repeats:50                     24.4 us         24.4 us            1 L1-dcache-loads=15.335k items_per_second=41.9586M/s
BM_SORT_STD/1024/1/iterations:1/repeats:50                     24.3 us         24.2 us            1 L1-dcache-loads=15.928k items_per_second=42.2268M/s
BM_SORT_STD/1024/1/iterations:1/repeats:50                     23.9 us         23.9 us            1 L1-dcache-loads=15.271k items_per_second=42.8811M/s
BM_SORT_STD/1024/1/iterations:1/repeats:50                     24.1 us         24.1 us            1 L1-dcache-loads=15.206k items_per_second=42.4175M/s
BM_SORT_STD/1024/1/iterations:1/repeats:50                     24.5 us         24.5 us            1 L1-dcache-loads=15.67k items_per_second=41.7738M/s
BM_SORT_STD/1024/1/iterations:1/repeats:50                     24.6 us         24.6 us            1 L1-dcache-loads=15.561k items_per_second=41.6548M/s
BM_SORT_STD/1024/1/iterations:1/repeats:50                     24.0 us         24.0 us            1 L1-dcache-loads=15.319k items_per_second=42.6329M/s
BM_SORT_STD/1024/1/iterations:1/repeats:50                     24.3 us         24.3 us            1 L1-dcache-loads=15.29k items_per_second=42.1105M/s
BM_SORT_STD/1024/1/iterations:1/repeats:50                     24.4 us         24.4 us            1 L1-dcache-loads=15.432k items_per_second=41.9157M/s
BM_SORT_STD/1024/1/iterations:1/repeats:50                     23.9 us         24.0 us            1 L1-dcache-loads=15.629k items_per_second=42.7557M/s
BM_SORT_STD/1024/1/iterations:1/repeats:50                     26.4 us         26.5 us            1 L1-dcache-loads=15.457k items_per_second=38.7072M/s
BM_SORT_STD/1024/1/iterations:1/repeats:50                     24.6 us         24.6 us            1 L1-dcache-loads=16.053k items_per_second=41.545M/s
BM_SORT_STD/1024/1/iterations:1/repeats:50                     23.9 us         23.9 us            1 L1-dcache-loads=15.936k items_per_second=42.8542M/s
BM_SORT_STD/1024/1/iterations:1/repeats:50                     23.9 us         23.9 us            1 L1-dcache-loads=15.946k items_per_second=42.8829M/s
BM_SORT_STD/1024/1/iterations:1/repeats:50_mean                24.1 us         24.1 us           50 L1-dcache-loads=15.5035k items_per_second=42.4547M/s
BM_SORT_STD/1024/1/iterations:1/repeats:50_median              24.1 us         24.1 us           50 L1-dcache-loads=15.4645k items_per_second=42.5101M/s
BM_SORT_STD/1024/1/iterations:1/repeats:50_stddev             0.569 us        0.570 us           50 L1-dcache-loads=339.602 items_per_second=980.903k/s
BM_SORT_STD/1024/1/iterations:1/repeats:50_cv                  2.36 %          2.36 %            50 L1-dcache-loads=2.19% items_per_second=2.31%
BM_SORT_STD/2048/1/iterations:1/repeats:50                     58.7 us         58.7 us            1 L1-dcache-loads=32.883k items_per_second=34.9142M/s
BM_SORT_STD/2048/1/iterations:1/repeats:50                     52.9 us         52.9 us            1 L1-dcache-loads=34.054k items_per_second=38.7116M/s
BM_SORT_STD/2048/1/iterations:1/repeats:50                     53.7 us         53.7 us            1 L1-dcache-loads=33.429k items_per_second=38.1123M/s
BM_SORT_STD/2048/1/iterations:1/repeats:50                     53.3 us         53.3 us            1 L1-dcache-loads=34.704k items_per_second=38.4363M/s
BM_SORT_STD/2048/1/iterations:1/repeats:50                     53.0 us         53.0 us            1 L1-dcache-loads=33.17k items_per_second=38.6656M/s
BM_SORT_STD/2048/1/iterations:1/repeats:50                     52.7 us         52.7 us            1 L1-dcache-loads=33.539k items_per_second=38.8829M/s
BM_SORT_STD/2048/1/iterations:1/repeats:50                     52.1 us         52.1 us            1 L1-dcache-loads=34.92k items_per_second=39.2954M/s
BM_SORT_STD/2048/1/iterations:1/repeats:50                     54.0 us         54.0 us            1 L1-dcache-loads=33.999k items_per_second=37.9287M/s
BM_SORT_STD/2048/1/iterations:1/repeats:50                     50.4 us         50.4 us            1 L1-dcache-loads=33.953k items_per_second=40.6607M/s
BM_SORT_STD/2048/1/iterations:1/repeats:50                     52.2 us         52.2 us            1 L1-dcache-loads=34.04k items_per_second=39.23M/s
BM_SORT_STD/2048/1/iterations:1/repeats:50                     52.2 us         52.2 us            1 L1-dcache-loads=33.194k items_per_second=39.2585M/s
BM_SORT_STD/2048/1/iterations:1/repeats:50                     51.9 us         51.9 us            1 L1-dcache-loads=34.711k items_per_second=39.481M/s
BM_SORT_STD/2048/1/iterations:1/repeats:50                     52.2 us         52.2 us            1 L1-dcache-loads=35.039k items_per_second=39.2097M/s
BM_SORT_STD/2048/1/iterations:1/repeats:50                     51.8 us         51.8 us            1 L1-dcache-loads=34.853k items_per_second=39.5596M/s
BM_SORT_STD/2048/1/iterations:1/repeats:50                     51.5 us         51.5 us            1 L1-dcache-loads=34.104k items_per_second=39.7431M/s
BM_SORT_STD/2048/1/iterations:1/repeats:50                     52.1 us         52.1 us            1 L1-dcache-loads=33.018k items_per_second=39.3188M/s
BM_SORT_STD/2048/1/iterations:1/repeats:50                     51.6 us         51.6 us            1 L1-dcache-loads=34.15k items_per_second=39.7022M/s
BM_SORT_STD/2048/1/iterations:1/repeats:50                     51.2 us         51.2 us            1 L1-dcache-loads=33.701k items_per_second=39.968M/s
BM_SORT_STD/2048/1/iterations:1/repeats:50                     51.2 us         51.2 us            1 L1-dcache-loads=34.826k items_per_second=40.0172M/s
BM_SORT_STD/2048/1/iterations:1/repeats:50                     52.0 us         52.0 us            1 L1-dcache-loads=33.566k items_per_second=39.3778M/s
BM_SORT_STD/2048/1/iterations:1/repeats:50                     51.8 us         51.8 us            1 L1-dcache-loads=33.437k items_per_second=39.5352M/s
BM_SORT_STD/2048/1/iterations:1/repeats:50                     53.4 us         53.4 us            1 L1-dcache-loads=33.738k items_per_second=38.3391M/s
BM_SORT_STD/2048/1/iterations:1/repeats:50                     51.5 us         51.5 us            1 L1-dcache-loads=33.625k items_per_second=39.7917M/s
BM_SORT_STD/2048/1/iterations:1/repeats:50                     52.0 us         52.0 us            1 L1-dcache-loads=33.393k items_per_second=39.3929M/s
BM_SORT_STD/2048/1/iterations:1/repeats:50                     52.2 us         52.2 us            1 L1-dcache-loads=33.62k items_per_second=39.2608M/s
BM_SORT_STD/2048/1/iterations:1/repeats:50                     52.3 us         52.3 us            1 L1-dcache-loads=32.714k items_per_second=39.1692M/s
BM_SORT_STD/2048/1/iterations:1/repeats:50                     52.1 us         52.1 us            1 L1-dcache-loads=33.202k items_per_second=39.2796M/s
BM_SORT_STD/2048/1/iterations:1/repeats:50                     51.8 us         51.8 us            1 L1-dcache-loads=33.227k items_per_second=39.552M/s
BM_SORT_STD/2048/1/iterations:1/repeats:50                     51.5 us         51.5 us            1 L1-dcache-loads=33.899k items_per_second=39.7585M/s
BM_SORT_STD/2048/1/iterations:1/repeats:50                     51.4 us         51.4 us            1 L1-dcache-loads=34.126k items_per_second=39.8467M/s
BM_SORT_STD/2048/1/iterations:1/repeats:50                     51.7 us         51.7 us            1 L1-dcache-loads=35.066k items_per_second=39.6193M/s
BM_SORT_STD/2048/1/iterations:1/repeats:50                     51.2 us         51.2 us            1 L1-dcache-loads=33.38k items_per_second=40.0141M/s
BM_SORT_STD/2048/1/iterations:1/repeats:50                     50.7 us         50.7 us            1 L1-dcache-loads=35.413k items_per_second=40.3953M/s
BM_SORT_STD/2048/1/iterations:1/repeats:50                     51.5 us         51.5 us            1 L1-dcache-loads=33.525k items_per_second=39.8049M/s
BM_SORT_STD/2048/1/iterations:1/repeats:50                     61.1 us         55.4 us            1 L1-dcache-loads=33.54k items_per_second=36.9769M/s
BM_SORT_STD/2048/1/iterations:1/repeats:50                     51.3 us         51.3 us            1 L1-dcache-loads=34.976k items_per_second=39.9135M/s
BM_SORT_STD/2048/1/iterations:1/repeats:50                     53.2 us         53.2 us            1 L1-dcache-loads=33.559k items_per_second=38.4962M/s
BM_SORT_STD/2048/1/iterations:1/repeats:50                     52.8 us         52.8 us            1 L1-dcache-loads=34.184k items_per_second=38.7541M/s
BM_SORT_STD/2048/1/iterations:1/repeats:50                     53.1 us         53.1 us            1 L1-dcache-loads=33.975k items_per_second=38.5528M/s
BM_SORT_STD/2048/1/iterations:1/repeats:50                     53.8 us         53.8 us            1 L1-dcache-loads=34.084k items_per_second=38.062M/s
BM_SORT_STD/2048/1/iterations:1/repeats:50                     52.8 us         52.8 us            1 L1-dcache-loads=33.729k items_per_second=38.7534M/s
BM_SORT_STD/2048/1/iterations:1/repeats:50                     54.1 us         54.1 us            1 L1-dcache-loads=32.684k items_per_second=37.8397M/s
BM_SORT_STD/2048/1/iterations:1/repeats:50                     53.1 us         53.1 us            1 L1-dcache-loads=33.087k items_per_second=38.5578M/s
BM_SORT_STD/2048/1/iterations:1/repeats:50                     52.7 us         52.7 us            1 L1-dcache-loads=34.089k items_per_second=38.8438M/s
BM_SORT_STD/2048/1/iterations:1/repeats:50                     52.0 us         51.9 us            1 L1-dcache-loads=34.247k items_per_second=39.4263M/s
BM_SORT_STD/2048/1/iterations:1/repeats:50                     52.4 us         52.4 us            1 L1-dcache-loads=33.619k items_per_second=39.1101M/s
BM_SORT_STD/2048/1/iterations:1/repeats:50                     53.1 us         53.1 us            1 L1-dcache-loads=33.07k items_per_second=38.552M/s
BM_SORT_STD/2048/1/iterations:1/repeats:50                     59.5 us         59.5 us            1 L1-dcache-loads=34.003k items_per_second=34.4451M/s
BM_SORT_STD/2048/1/iterations:1/repeats:50                     52.9 us         52.9 us            1 L1-dcache-loads=33.843k items_per_second=38.7255M/s
BM_SORT_STD/2048/1/iterations:1/repeats:50                     52.9 us         52.9 us            1 L1-dcache-loads=33.99k items_per_second=38.6875M/s
BM_SORT_STD/2048/1/iterations:1/repeats:50_mean                52.7 us         52.6 us           50 L1-dcache-loads=33.8579k items_per_second=38.9586M/s
BM_SORT_STD/2048/1/iterations:1/repeats:50_median              52.2 us         52.2 us           50 L1-dcache-loads=33.7905k items_per_second=39.2442M/s
BM_SORT_STD/2048/1/iterations:1/repeats:50_stddev              1.99 us         1.63 us           50 L1-dcache-loads=647.977 items_per_second=1.12876M/s
BM_SORT_STD/2048/1/iterations:1/repeats:50_cv                  3.78 %          3.11 %            50 L1-dcache-loads=1.91% items_per_second=2.90%
BM_SORT_STD/4096/1/iterations:1/repeats:50                      113 us          113 us            1 L1-dcache-loads=72.866k items_per_second=36.2622M/s
BM_SORT_STD/4096/1/iterations:1/repeats:50                      114 us          114 us            1 L1-dcache-loads=72.154k items_per_second=35.8569M/s
BM_SORT_STD/4096/1/iterations:1/repeats:50                      115 us          115 us            1 L1-dcache-loads=72.551k items_per_second=35.6735M/s
BM_SORT_STD/4096/1/iterations:1/repeats:50                      117 us          117 us            1 L1-dcache-loads=74.839k items_per_second=35.0056M/s
BM_SORT_STD/4096/1/iterations:1/repeats:50                      111 us          111 us            1 L1-dcache-loads=77.067k items_per_second=36.9515M/s
BM_SORT_STD/4096/1/iterations:1/repeats:50                      113 us          113 us            1 L1-dcache-loads=72.115k items_per_second=36.186M/s
BM_SORT_STD/4096/1/iterations:1/repeats:50                      110 us          110 us            1 L1-dcache-loads=76.003k items_per_second=37.2323M/s
BM_SORT_STD/4096/1/iterations:1/repeats:50                      114 us          114 us            1 L1-dcache-loads=71.676k items_per_second=36.0253M/s
BM_SORT_STD/4096/1/iterations:1/repeats:50                      113 us          113 us            1 L1-dcache-loads=71.835k items_per_second=36.1607M/s
BM_SORT_STD/4096/1/iterations:1/repeats:50                      113 us          113 us            1 L1-dcache-loads=74.626k items_per_second=36.3843M/s
BM_SORT_STD/4096/1/iterations:1/repeats:50                      113 us          113 us            1 L1-dcache-loads=74.746k items_per_second=36.1266M/s
BM_SORT_STD/4096/1/iterations:1/repeats:50                      113 us          113 us            1 L1-dcache-loads=73.789k items_per_second=36.202M/s
BM_SORT_STD/4096/1/iterations:1/repeats:50                      114 us          114 us            1 L1-dcache-loads=73.365k items_per_second=36.0554M/s
BM_SORT_STD/4096/1/iterations:1/repeats:50                      113 us          113 us            1 L1-dcache-loads=72.417k items_per_second=36.0989M/s
BM_SORT_STD/4096/1/iterations:1/repeats:50                      113 us          113 us            1 L1-dcache-loads=72.316k items_per_second=36.097M/s
BM_SORT_STD/4096/1/iterations:1/repeats:50                      113 us          113 us            1 L1-dcache-loads=73.219k items_per_second=36.3063M/s
BM_SORT_STD/4096/1/iterations:1/repeats:50                      114 us          114 us            1 L1-dcache-loads=73.26k items_per_second=35.9434M/s
BM_SORT_STD/4096/1/iterations:1/repeats:50                      116 us          116 us            1 L1-dcache-loads=72.587k items_per_second=35.2556M/s
BM_SORT_STD/4096/1/iterations:1/repeats:50                      115 us          115 us            1 L1-dcache-loads=73.794k items_per_second=35.469M/s
BM_SORT_STD/4096/1/iterations:1/repeats:50                      115 us          115 us            1 L1-dcache-loads=76.683k items_per_second=35.7021M/s
BM_SORT_STD/4096/1/iterations:1/repeats:50                      114 us          114 us            1 L1-dcache-loads=75.426k items_per_second=35.9049M/s
BM_SORT_STD/4096/1/iterations:1/repeats:50                      115 us          115 us            1 L1-dcache-loads=71.785k items_per_second=35.7667M/s
BM_SORT_STD/4096/1/iterations:1/repeats:50                      115 us          115 us            1 L1-dcache-loads=73.608k items_per_second=35.6307M/s
BM_SORT_STD/4096/1/iterations:1/repeats:50                      113 us          113 us            1 L1-dcache-loads=74.19k items_per_second=36.1378M/s
BM_SORT_STD/4096/1/iterations:1/repeats:50                      114 us          114 us            1 L1-dcache-loads=75.574k items_per_second=36.0681M/s
BM_SORT_STD/4096/1/iterations:1/repeats:50                      114 us          114 us            1 L1-dcache-loads=74.97k items_per_second=35.787M/s
BM_SORT_STD/4096/1/iterations:1/repeats:50                      113 us          113 us            1 L1-dcache-loads=74.463k items_per_second=36.2167M/s
BM_SORT_STD/4096/1/iterations:1/repeats:50                      115 us          115 us            1 L1-dcache-loads=72.928k items_per_second=35.7339M/s
BM_SORT_STD/4096/1/iterations:1/repeats:50                      116 us          116 us            1 L1-dcache-loads=77.549k items_per_second=35.4285M/s
BM_SORT_STD/4096/1/iterations:1/repeats:50                      117 us          117 us            1 L1-dcache-loads=73.582k items_per_second=35.0907M/s
BM_SORT_STD/4096/1/iterations:1/repeats:50                      115 us          115 us            1 L1-dcache-loads=72.07k items_per_second=35.6462M/s
BM_SORT_STD/4096/1/iterations:1/repeats:50                      115 us          115 us            1 L1-dcache-loads=73.769k items_per_second=35.6304M/s
BM_SORT_STD/4096/1/iterations:1/repeats:50                      114 us          114 us            1 L1-dcache-loads=72.302k items_per_second=36.0199M/s
BM_SORT_STD/4096/1/iterations:1/repeats:50                      113 us          113 us            1 L1-dcache-loads=72.28k items_per_second=36.259M/s
BM_SORT_STD/4096/1/iterations:1/repeats:50                      117 us          117 us            1 L1-dcache-loads=71.386k items_per_second=35.1335M/s
BM_SORT_STD/4096/1/iterations:1/repeats:50                      115 us          115 us            1 L1-dcache-loads=72.164k items_per_second=35.7096M/s
BM_SORT_STD/4096/1/iterations:1/repeats:50                      116 us          116 us            1 L1-dcache-loads=73.618k items_per_second=35.209M/s
BM_SORT_STD/4096/1/iterations:1/repeats:50                      117 us          117 us            1 L1-dcache-loads=72.196k items_per_second=35.1082M/s
BM_SORT_STD/4096/1/iterations:1/repeats:50                      115 us          115 us            1 L1-dcache-loads=73.149k items_per_second=35.6038M/s
BM_SORT_STD/4096/1/iterations:1/repeats:50                      117 us          117 us            1 L1-dcache-loads=70.958k items_per_second=34.9178M/s
BM_SORT_STD/4096/1/iterations:1/repeats:50                      116 us          116 us            1 L1-dcache-loads=72.655k items_per_second=35.2982M/s
BM_SORT_STD/4096/1/iterations:1/repeats:50                      115 us          115 us            1 L1-dcache-loads=73.292k items_per_second=35.6624M/s
BM_SORT_STD/4096/1/iterations:1/repeats:50                      117 us          117 us            1 L1-dcache-loads=72.43k items_per_second=35.0886M/s
BM_SORT_STD/4096/1/iterations:1/repeats:50                      114 us          114 us            1 L1-dcache-loads=74.388k items_per_second=35.9525M/s
BM_SORT_STD/4096/1/iterations:1/repeats:50                      116 us          116 us            1 L1-dcache-loads=73.968k items_per_second=35.2283M/s
BM_SORT_STD/4096/1/iterations:1/repeats:50                      114 us          114 us            1 L1-dcache-loads=73.608k items_per_second=35.9182M/s
BM_SORT_STD/4096/1/iterations:1/repeats:50                      112 us          112 us            1 L1-dcache-loads=76.224k items_per_second=36.6729M/s
BM_SORT_STD/4096/1/iterations:1/repeats:50                      115 us          115 us            1 L1-dcache-loads=73.248k items_per_second=35.6779M/s
BM_SORT_STD/4096/1/iterations:1/repeats:50                      117 us          117 us            1 L1-dcache-loads=72.62k items_per_second=35.0355M/s
BM_SORT_STD/4096/1/iterations:1/repeats:50                      115 us          115 us            1 L1-dcache-loads=72.872k items_per_second=35.7003M/s
BM_SORT_STD/4096/1/iterations:1/repeats:50_mean                 114 us          114 us           50 L1-dcache-loads=73.5036k items_per_second=35.8046M/s
BM_SORT_STD/4096/1/iterations:1/repeats:50_median               114 us          114 us           50 L1-dcache-loads=73.254k items_per_second=35.7768M/s
BM_SORT_STD/4096/1/iterations:1/repeats:50_stddev              1.58 us         1.58 us           50 L1-dcache-loads=1.50524k items_per_second=496.555k/s
BM_SORT_STD/4096/1/iterations:1/repeats:50_cv                  1.38 %          1.38 %            50 L1-dcache-loads=2.05% items_per_second=1.39%
BM_SORT_STD/8192/1/iterations:1/repeats:50                      256 us          256 us            1 L1-dcache-loads=159.643k items_per_second=31.9679M/s
BM_SORT_STD/8192/1/iterations:1/repeats:50                      252 us          252 us            1 L1-dcache-loads=158.879k items_per_second=32.4867M/s
BM_SORT_STD/8192/1/iterations:1/repeats:50                      244 us          244 us            1 L1-dcache-loads=161.198k items_per_second=33.5445M/s
BM_SORT_STD/8192/1/iterations:1/repeats:50                      247 us          247 us            1 L1-dcache-loads=157.921k items_per_second=33.157M/s
BM_SORT_STD/8192/1/iterations:1/repeats:50                      250 us          250 us            1 L1-dcache-loads=157.66k items_per_second=32.7281M/s
BM_SORT_STD/8192/1/iterations:1/repeats:50                      243 us          243 us            1 L1-dcache-loads=160.475k items_per_second=33.7094M/s
BM_SORT_STD/8192/1/iterations:1/repeats:50                      249 us          249 us            1 L1-dcache-loads=157.545k items_per_second=32.8742M/s
BM_SORT_STD/8192/1/iterations:1/repeats:50                      245 us          245 us            1 L1-dcache-loads=159.652k items_per_second=33.376M/s
BM_SORT_STD/8192/1/iterations:1/repeats:50                      248 us          248 us            1 L1-dcache-loads=157.782k items_per_second=32.9727M/s
BM_SORT_STD/8192/1/iterations:1/repeats:50                      244 us          244 us            1 L1-dcache-loads=157.272k items_per_second=33.6024M/s
BM_SORT_STD/8192/1/iterations:1/repeats:50                      240 us          240 us            1 L1-dcache-loads=164.9k items_per_second=34.0653M/s
BM_SORT_STD/8192/1/iterations:1/repeats:50                      242 us          242 us            1 L1-dcache-loads=160.25k items_per_second=33.8043M/s
BM_SORT_STD/8192/1/iterations:1/repeats:50                      245 us          245 us            1 L1-dcache-loads=160.504k items_per_second=33.4827M/s
BM_SORT_STD/8192/1/iterations:1/repeats:50                      249 us          249 us            1 L1-dcache-loads=155.075k items_per_second=32.8753M/s
BM_SORT_STD/8192/1/iterations:1/repeats:50                      245 us          245 us            1 L1-dcache-loads=160.888k items_per_second=33.4187M/s
BM_SORT_STD/8192/1/iterations:1/repeats:50                      249 us          249 us            1 L1-dcache-loads=156.55k items_per_second=32.9585M/s
BM_SORT_STD/8192/1/iterations:1/repeats:50                      243 us          243 us            1 L1-dcache-loads=159.857k items_per_second=33.7539M/s
BM_SORT_STD/8192/1/iterations:1/repeats:50                      256 us          256 us            1 L1-dcache-loads=159.047k items_per_second=31.9741M/s
BM_SORT_STD/8192/1/iterations:1/repeats:50                      250 us          250 us            1 L1-dcache-loads=162.966k items_per_second=32.7269M/s
BM_SORT_STD/8192/1/iterations:1/repeats:50                      253 us          253 us            1 L1-dcache-loads=159.374k items_per_second=32.4303M/s
BM_SORT_STD/8192/1/iterations:1/repeats:50                      253 us          253 us            1 L1-dcache-loads=158.414k items_per_second=32.365M/s
BM_SORT_STD/8192/1/iterations:1/repeats:50                      252 us          252 us            1 L1-dcache-loads=155.142k items_per_second=32.572M/s
BM_SORT_STD/8192/1/iterations:1/repeats:50                      252 us          252 us            1 L1-dcache-loads=155.757k items_per_second=32.5294M/s
BM_SORT_STD/8192/1/iterations:1/repeats:50                      248 us          248 us            1 L1-dcache-loads=162.681k items_per_second=32.9865M/s
BM_SORT_STD/8192/1/iterations:1/repeats:50                      253 us          253 us            1 L1-dcache-loads=156.838k items_per_second=32.3916M/s
BM_SORT_STD/8192/1/iterations:1/repeats:50                      251 us          251 us            1 L1-dcache-loads=158.793k items_per_second=32.5882M/s
BM_SORT_STD/8192/1/iterations:1/repeats:50                      254 us          254 us            1 L1-dcache-loads=160.026k items_per_second=32.2336M/s
BM_SORT_STD/8192/1/iterations:1/repeats:50                      250 us          250 us            1 L1-dcache-loads=156.327k items_per_second=32.7453M/s
BM_SORT_STD/8192/1/iterations:1/repeats:50                      255 us          255 us            1 L1-dcache-loads=159.22k items_per_second=32.0708M/s
BM_SORT_STD/8192/1/iterations:1/repeats:50                      255 us          255 us            1 L1-dcache-loads=154.818k items_per_second=32.1346M/s
BM_SORT_STD/8192/1/iterations:1/repeats:50                      249 us          249 us            1 L1-dcache-loads=157.8k items_per_second=32.8558M/s
BM_SORT_STD/8192/1/iterations:1/repeats:50                      246 us          246 us            1 L1-dcache-loads=162.36k items_per_second=33.3248M/s
BM_SORT_STD/8192/1/iterations:1/repeats:50                      247 us          247 us            1 L1-dcache-loads=155.257k items_per_second=33.1235M/s
BM_SORT_STD/8192/1/iterations:1/repeats:50                      251 us          251 us            1 L1-dcache-loads=159.156k items_per_second=32.6851M/s
BM_SORT_STD/8192/1/iterations:1/repeats:50                      252 us          252 us            1 L1-dcache-loads=157.861k items_per_second=32.536M/s
BM_SORT_STD/8192/1/iterations:1/repeats:50                      249 us          249 us            1 L1-dcache-loads=159.496k items_per_second=32.9168M/s
BM_SORT_STD/8192/1/iterations:1/repeats:50                      250 us          250 us            1 L1-dcache-loads=163.183k items_per_second=32.7694M/s
BM_SORT_STD/8192/1/iterations:1/repeats:50                      251 us          251 us            1 L1-dcache-loads=156.326k items_per_second=32.6924M/s
BM_SORT_STD/8192/1/iterations:1/repeats:50                      250 us          250 us            1 L1-dcache-loads=158.48k items_per_second=32.7579M/s
BM_SORT_STD/8192/1/iterations:1/repeats:50                      254 us          254 us            1 L1-dcache-loads=156.054k items_per_second=32.2376M/s
BM_SORT_STD/8192/1/iterations:1/repeats:50                      256 us          256 us            1 L1-dcache-loads=156.325k items_per_second=32.0051M/s
BM_SORT_STD/8192/1/iterations:1/repeats:50                      250 us          250 us            1 L1-dcache-loads=160.805k items_per_second=32.7494M/s
BM_SORT_STD/8192/1/iterations:1/repeats:50                      246 us          246 us            1 L1-dcache-loads=166.759k items_per_second=33.307M/s
BM_SORT_STD/8192/1/iterations:1/repeats:50                      250 us          250 us            1 L1-dcache-loads=157.945k items_per_second=32.7883M/s
BM_SORT_STD/8192/1/iterations:1/repeats:50                      250 us          250 us            1 L1-dcache-loads=164.287k items_per_second=32.7576M/s
BM_SORT_STD/8192/1/iterations:1/repeats:50                      248 us          248 us            1 L1-dcache-loads=157.254k items_per_second=32.9838M/s
BM_SORT_STD/8192/1/iterations:1/repeats:50                      254 us          254 us            1 L1-dcache-loads=155.78k items_per_second=32.2732M/s
BM_SORT_STD/8192/1/iterations:1/repeats:50                      246 us          246 us            1 L1-dcache-loads=167.145k items_per_second=33.2811M/s
BM_SORT_STD/8192/1/iterations:1/repeats:50                      254 us          254 us            1 L1-dcache-loads=155.411k items_per_second=32.2257M/s
BM_SORT_STD/8192/1/iterations:1/repeats:50                      251 us          251 us            1 L1-dcache-loads=158.327k items_per_second=32.7016M/s
BM_SORT_STD/8192/1/iterations:1/repeats:50_mean                 250 us          250 us           50 L1-dcache-loads=159.029k items_per_second=32.83M/s
BM_SORT_STD/8192/1/iterations:1/repeats:50_median               250 us          250 us           50 L1-dcache-loads=158.637k items_per_second=32.7578M/s
BM_SORT_STD/8192/1/iterations:1/repeats:50_stddev              3.89 us         3.89 us           50 L1-dcache-loads=2.93466k items_per_second=513.87k/s
BM_SORT_STD/8192/1/iterations:1/repeats:50_cv                  1.56 %          1.56 %            50 L1-dcache-loads=1.85% items_per_second=1.57%
BM_SORT_STD/16384/1/iterations:1/repeats:50                     541 us          541 us            1 L1-dcache-loads=343.28k items_per_second=30.2806M/s
BM_SORT_STD/16384/1/iterations:1/repeats:50                     547 us          547 us            1 L1-dcache-loads=352.236k items_per_second=29.9725M/s
BM_SORT_STD/16384/1/iterations:1/repeats:50                     548 us          548 us            1 L1-dcache-loads=336.695k items_per_second=29.9224M/s
BM_SORT_STD/16384/1/iterations:1/repeats:50                     547 us          547 us            1 L1-dcache-loads=347.158k items_per_second=29.9481M/s
BM_SORT_STD/16384/1/iterations:1/repeats:50                     542 us          542 us            1 L1-dcache-loads=351.039k items_per_second=30.2132M/s
BM_SORT_STD/16384/1/iterations:1/repeats:50                     541 us          541 us            1 L1-dcache-loads=340.093k items_per_second=30.3107M/s
BM_SORT_STD/16384/1/iterations:1/repeats:50                     549 us          549 us            1 L1-dcache-loads=352.208k items_per_second=29.864M/s
BM_SORT_STD/16384/1/iterations:1/repeats:50                     543 us          543 us            1 L1-dcache-loads=340.402k items_per_second=30.1762M/s
BM_SORT_STD/16384/1/iterations:1/repeats:50                     542 us          542 us            1 L1-dcache-loads=340.732k items_per_second=30.2447M/s
BM_SORT_STD/16384/1/iterations:1/repeats:50                     541 us          541 us            1 L1-dcache-loads=335.244k items_per_second=30.2582M/s
BM_SORT_STD/16384/1/iterations:1/repeats:50                     542 us          542 us            1 L1-dcache-loads=339.772k items_per_second=30.2368M/s
BM_SORT_STD/16384/1/iterations:1/repeats:50                     549 us          549 us            1 L1-dcache-loads=337.758k items_per_second=29.8507M/s
BM_SORT_STD/16384/1/iterations:1/repeats:50                     538 us          538 us            1 L1-dcache-loads=345.435k items_per_second=30.4408M/s
BM_SORT_STD/16384/1/iterations:1/repeats:50                     535 us          535 us            1 L1-dcache-loads=337.129k items_per_second=30.613M/s
BM_SORT_STD/16384/1/iterations:1/repeats:50                     533 us          533 us            1 L1-dcache-loads=342.172k items_per_second=30.7653M/s
BM_SORT_STD/16384/1/iterations:1/repeats:50                     529 us          529 us            1 L1-dcache-loads=342.555k items_per_second=30.9501M/s
BM_SORT_STD/16384/1/iterations:1/repeats:50                     533 us          533 us            1 L1-dcache-loads=342.765k items_per_second=30.7472M/s
BM_SORT_STD/16384/1/iterations:1/repeats:50                     522 us          522 us            1 L1-dcache-loads=342.904k items_per_second=31.4132M/s
BM_SORT_STD/16384/1/iterations:1/repeats:50                     536 us          536 us            1 L1-dcache-loads=347.242k items_per_second=30.5586M/s
BM_SORT_STD/16384/1/iterations:1/repeats:50                     529 us          529 us            1 L1-dcache-loads=343.427k items_per_second=30.9758M/s
BM_SORT_STD/16384/1/iterations:1/repeats:50                     537 us          537 us            1 L1-dcache-loads=345.933k items_per_second=30.5263M/s
BM_SORT_STD/16384/1/iterations:1/repeats:50                     530 us          530 us            1 L1-dcache-loads=349.239k items_per_second=30.9403M/s
BM_SORT_STD/16384/1/iterations:1/repeats:50                     535 us          535 us            1 L1-dcache-loads=341.901k items_per_second=30.6066M/s
BM_SORT_STD/16384/1/iterations:1/repeats:50                     535 us          535 us            1 L1-dcache-loads=346.404k items_per_second=30.641M/s
BM_SORT_STD/16384/1/iterations:1/repeats:50                     539 us          539 us            1 L1-dcache-loads=342.446k items_per_second=30.412M/s
BM_SORT_STD/16384/1/iterations:1/repeats:50                     535 us          535 us            1 L1-dcache-loads=350.678k items_per_second=30.6083M/s
BM_SORT_STD/16384/1/iterations:1/repeats:50                     546 us          546 us            1 L1-dcache-loads=339.093k items_per_second=30.0013M/s
BM_SORT_STD/16384/1/iterations:1/repeats:50                     528 us          528 us            1 L1-dcache-loads=350.826k items_per_second=31.0118M/s
BM_SORT_STD/16384/1/iterations:1/repeats:50                     534 us          534 us            1 L1-dcache-loads=340.402k items_per_second=30.6669M/s
BM_SORT_STD/16384/1/iterations:1/repeats:50                     537 us          537 us            1 L1-dcache-loads=337.852k items_per_second=30.503M/s
BM_SORT_STD/16384/1/iterations:1/repeats:50                     538 us          538 us            1 L1-dcache-loads=341.731k items_per_second=30.4496M/s
BM_SORT_STD/16384/1/iterations:1/repeats:50                     532 us          532 us            1 L1-dcache-loads=344.854k items_per_second=30.8178M/s
BM_SORT_STD/16384/1/iterations:1/repeats:50                     543 us          543 us            1 L1-dcache-loads=340.364k items_per_second=30.1598M/s
BM_SORT_STD/16384/1/iterations:1/repeats:50                     528 us          528 us            1 L1-dcache-loads=358.66k items_per_second=31.0139M/s
BM_SORT_STD/16384/1/iterations:1/repeats:50                     538 us          538 us            1 L1-dcache-loads=340.592k items_per_second=30.4533M/s
BM_SORT_STD/16384/1/iterations:1/repeats:50                     547 us          547 us            1 L1-dcache-loads=335.883k items_per_second=29.9539M/s
BM_SORT_STD/16384/1/iterations:1/repeats:50                     536 us          536 us            1 L1-dcache-loads=338.432k items_per_second=30.5633M/s
BM_SORT_STD/16384/1/iterations:1/repeats:50                     534 us          534 us            1 L1-dcache-loads=341.897k items_per_second=30.6774M/s
BM_SORT_STD/16384/1/iterations:1/repeats:50                     537 us          537 us            1 L1-dcache-loads=342.735k items_per_second=30.5009M/s
BM_SORT_STD/16384/1/iterations:1/repeats:50                     556 us          556 us            1 L1-dcache-loads=333.134k items_per_second=29.4902M/s
BM_SORT_STD/16384/1/iterations:1/repeats:50                     542 us          542 us            1 L1-dcache-loads=341.018k items_per_second=30.2557M/s
BM_SORT_STD/16384/1/iterations:1/repeats:50                     541 us          541 us            1 L1-dcache-loads=341.656k items_per_second=30.2991M/s
BM_SORT_STD/16384/1/iterations:1/repeats:50                     546 us          546 us            1 L1-dcache-loads=336.165k items_per_second=30.0258M/s
BM_SORT_STD/16384/1/iterations:1/repeats:50                     530 us          530 us            1 L1-dcache-loads=346.695k items_per_second=30.9411M/s
BM_SORT_STD/16384/1/iterations:1/repeats:50                     541 us          541 us            1 L1-dcache-loads=353.406k items_per_second=30.2862M/s
BM_SORT_STD/16384/1/iterations:1/repeats:50                     549 us          549 us            1 L1-dcache-loads=341.546k items_per_second=29.8317M/s
BM_SORT_STD/16384/1/iterations:1/repeats:50                     534 us          534 us            1 L1-dcache-loads=343.743k items_per_second=30.709M/s
BM_SORT_STD/16384/1/iterations:1/repeats:50                     532 us          532 us            1 L1-dcache-loads=343.438k items_per_second=30.8045M/s
BM_SORT_STD/16384/1/iterations:1/repeats:50                     535 us          535 us            1 L1-dcache-loads=338.112k items_per_second=30.6441M/s
BM_SORT_STD/16384/1/iterations:1/repeats:50                     557 us          550 us            1 L1-dcache-loads=338.073k items_per_second=29.8038M/s
BM_SORT_STD/16384/1/iterations:1/repeats:50_mean                539 us          539 us           50 L1-dcache-loads=342.943k items_per_second=30.4268M/s
BM_SORT_STD/16384/1/iterations:1/repeats:50_median              538 us          538 us           50 L1-dcache-loads=342.036k items_per_second=30.4515M/s
BM_SORT_STD/16384/1/iterations:1/repeats:50_stddev             7.32 us         6.99 us           50 L1-dcache-loads=5.26352k items_per_second=394.587k/s
BM_SORT_STD/16384/1/iterations:1/repeats:50_cv                 1.36 %          1.30 %            50 L1-dcache-loads=1.53% items_per_second=1.30%
BM_SORT_STD/32768/1/iterations:1/repeats:50                    1135 us         1135 us            1 L1-dcache-loads=739.173k items_per_second=28.8758M/s
BM_SORT_STD/32768/1/iterations:1/repeats:50                    1150 us         1150 us            1 L1-dcache-loads=726.46k items_per_second=28.4941M/s
BM_SORT_STD/32768/1/iterations:1/repeats:50                    1150 us         1150 us            1 L1-dcache-loads=721.102k items_per_second=28.4868M/s
BM_SORT_STD/32768/1/iterations:1/repeats:50                    1148 us         1148 us            1 L1-dcache-loads=724.364k items_per_second=28.5559M/s
BM_SORT_STD/32768/1/iterations:1/repeats:50                    1145 us         1145 us            1 L1-dcache-loads=754.386k items_per_second=28.6148M/s
BM_SORT_STD/32768/1/iterations:1/repeats:50                    1158 us         1158 us            1 L1-dcache-loads=759.851k items_per_second=28.2904M/s
BM_SORT_STD/32768/1/iterations:1/repeats:50                    1140 us         1140 us            1 L1-dcache-loads=723.212k items_per_second=28.744M/s
BM_SORT_STD/32768/1/iterations:1/repeats:50                    1141 us         1141 us            1 L1-dcache-loads=739.463k items_per_second=28.7129M/s
BM_SORT_STD/32768/1/iterations:1/repeats:50                    1151 us         1151 us            1 L1-dcache-loads=724.211k items_per_second=28.4741M/s
BM_SORT_STD/32768/1/iterations:1/repeats:50                    1153 us         1153 us            1 L1-dcache-loads=739.25k items_per_second=28.4174M/s
BM_SORT_STD/32768/1/iterations:1/repeats:50                    1133 us         1133 us            1 L1-dcache-loads=724.942k items_per_second=28.9137M/s
BM_SORT_STD/32768/1/iterations:1/repeats:50                    1155 us         1155 us            1 L1-dcache-loads=729.374k items_per_second=28.3822M/s
BM_SORT_STD/32768/1/iterations:1/repeats:50                    1198 us         1198 us            1 L1-dcache-loads=765.905k items_per_second=27.3448M/s
BM_SORT_STD/32768/1/iterations:1/repeats:50                    1155 us         1155 us            1 L1-dcache-loads=732.645k items_per_second=28.3614M/s
BM_SORT_STD/32768/1/iterations:1/repeats:50                    1158 us         1158 us            1 L1-dcache-loads=732.065k items_per_second=28.2893M/s
BM_SORT_STD/32768/1/iterations:1/repeats:50                    1172 us         1172 us            1 L1-dcache-loads=719.445k items_per_second=27.9496M/s
BM_SORT_STD/32768/1/iterations:1/repeats:50                    1169 us         1168 us            1 L1-dcache-loads=721.023k items_per_second=28.0429M/s
BM_SORT_STD/32768/1/iterations:1/repeats:50                    1124 us         1124 us            1 L1-dcache-loads=752.134k items_per_second=29.1527M/s
BM_SORT_STD/32768/1/iterations:1/repeats:50                    1131 us         1131 us            1 L1-dcache-loads=747.438k items_per_second=28.9621M/s
BM_SORT_STD/32768/1/iterations:1/repeats:50                    1163 us         1163 us            1 L1-dcache-loads=718.891k items_per_second=28.1655M/s
BM_SORT_STD/32768/1/iterations:1/repeats:50                    1141 us         1141 us            1 L1-dcache-loads=737.404k items_per_second=28.7145M/s
BM_SORT_STD/32768/1/iterations:1/repeats:50                    1156 us         1156 us            1 L1-dcache-loads=735.964k items_per_second=28.354M/s
BM_SORT_STD/32768/1/iterations:1/repeats:50                    1165 us         1165 us            1 L1-dcache-loads=724.64k items_per_second=28.1381M/s
BM_SORT_STD/32768/1/iterations:1/repeats:50                    1163 us         1163 us            1 L1-dcache-loads=723.32k items_per_second=28.1792M/s
BM_SORT_STD/32768/1/iterations:1/repeats:50                    1190 us         1190 us            1 L1-dcache-loads=728.241k items_per_second=27.5324M/s
BM_SORT_STD/32768/1/iterations:1/repeats:50                    1171 us         1171 us            1 L1-dcache-loads=722.129k items_per_second=27.9878M/s
BM_SORT_STD/32768/1/iterations:1/repeats:50                    1156 us         1156 us            1 L1-dcache-loads=723.659k items_per_second=28.3506M/s
BM_SORT_STD/32768/1/iterations:1/repeats:50                    1164 us         1164 us            1 L1-dcache-loads=737.643k items_per_second=28.1495M/s
BM_SORT_STD/32768/1/iterations:1/repeats:50                    1148 us         1148 us            1 L1-dcache-loads=739.603k items_per_second=28.5365M/s
BM_SORT_STD/32768/1/iterations:1/repeats:50                    1162 us         1162 us            1 L1-dcache-loads=722.956k items_per_second=28.2004M/s
BM_SORT_STD/32768/1/iterations:1/repeats:50                    1150 us         1150 us            1 L1-dcache-loads=726.344k items_per_second=28.4926M/s
BM_SORT_STD/32768/1/iterations:1/repeats:50                    1160 us         1160 us            1 L1-dcache-loads=732.679k items_per_second=28.2467M/s
BM_SORT_STD/32768/1/iterations:1/repeats:50                    1174 us         1174 us            1 L1-dcache-loads=717.651k items_per_second=27.9086M/s
BM_SORT_STD/32768/1/iterations:1/repeats:50                    1153 us         1153 us            1 L1-dcache-loads=721.296k items_per_second=28.4136M/s
BM_SORT_STD/32768/1/iterations:1/repeats:50                    1159 us         1159 us            1 L1-dcache-loads=752.757k items_per_second=28.2788M/s
BM_SORT_STD/32768/1/iterations:1/repeats:50                    1160 us         1160 us            1 L1-dcache-loads=743.249k items_per_second=28.2379M/s
BM_SORT_STD/32768/1/iterations:1/repeats:50                    1166 us         1166 us            1 L1-dcache-loads=724.739k items_per_second=28.1019M/s
BM_SORT_STD/32768/1/iterations:1/repeats:50                    1139 us         1139 us            1 L1-dcache-loads=725.318k items_per_second=28.7758M/s
BM_SORT_STD/32768/1/iterations:1/repeats:50                    1153 us         1153 us            1 L1-dcache-loads=732.734k items_per_second=28.4154M/s
BM_SORT_STD/32768/1/iterations:1/repeats:50                    1157 us         1157 us            1 L1-dcache-loads=728.712k items_per_second=28.3329M/s
BM_SORT_STD/32768/1/iterations:1/repeats:50                    1164 us         1164 us            1 L1-dcache-loads=741.221k items_per_second=28.1453M/s
BM_SORT_STD/32768/1/iterations:1/repeats:50                    1193 us         1186 us            1 L1-dcache-loads=713.138k items_per_second=27.6208M/s
BM_SORT_STD/32768/1/iterations:1/repeats:50                    1163 us         1163 us            1 L1-dcache-loads=721.483k items_per_second=28.1812M/s
BM_SORT_STD/32768/1/iterations:1/repeats:50                    1141 us         1141 us            1 L1-dcache-loads=743.749k items_per_second=28.7232M/s
BM_SORT_STD/32768/1/iterations:1/repeats:50                    1153 us         1153 us            1 L1-dcache-loads=723.131k items_per_second=28.4173M/s
BM_SORT_STD/32768/1/iterations:1/repeats:50                    1158 us         1158 us            1 L1-dcache-loads=724.533k items_per_second=28.3013M/s
BM_SORT_STD/32768/1/iterations:1/repeats:50                    1161 us         1161 us            1 L1-dcache-loads=721.227k items_per_second=28.2291M/s
BM_SORT_STD/32768/1/iterations:1/repeats:50                    1149 us         1149 us            1 L1-dcache-loads=736.538k items_per_second=28.5307M/s
BM_SORT_STD/32768/1/iterations:1/repeats:50                    1140 us         1140 us            1 L1-dcache-loads=745.506k items_per_second=28.7444M/s
BM_SORT_STD/32768/1/iterations:1/repeats:50                    1146 us         1146 us            1 L1-dcache-loads=729.976k items_per_second=28.5817M/s
BM_SORT_STD/32768/1/iterations:1/repeats:50_mean               1156 us         1156 us           50 L1-dcache-loads=731.937k items_per_second=28.361M/s
BM_SORT_STD/32768/1/iterations:1/repeats:50_median             1156 us         1156 us           50 L1-dcache-loads=728.476k items_per_second=28.3577M/s
BM_SORT_STD/32768/1/iterations:1/repeats:50_stddev             14.7 us         14.3 us           50 L1-dcache-loads=11.759k items_per_second=349.263k/s
BM_SORT_STD/32768/1/iterations:1/repeats:50_cv                 1.27 %          1.24 %            50 L1-dcache-loads=1.61% items_per_second=1.23%
BM_QUICKSORT/4/1/iterations:1/repeats:50                      0.491 us        0.477 us            1 L1-dcache-loads=105 items_per_second=8.38574M/s
BM_QUICKSORT/4/1/iterations:1/repeats:50                      0.386 us        0.393 us            1 L1-dcache-loads=110 items_per_second=10.1781M/s
BM_QUICKSORT/4/1/iterations:1/repeats:50                      0.343 us        0.344 us            1 L1-dcache-loads=104 items_per_second=11.6279M/s
BM_QUICKSORT/4/1/iterations:1/repeats:50                      0.373 us        0.375 us            1 L1-dcache-loads=107 items_per_second=10.6667M/s
BM_QUICKSORT/4/1/iterations:1/repeats:50                      0.322 us        0.334 us            1 L1-dcache-loads=104 items_per_second=11.976M/s
BM_QUICKSORT/4/1/iterations:1/repeats:50                      0.349 us        0.349 us            1 L1-dcache-loads=105 items_per_second=11.4613M/s
BM_QUICKSORT/4/1/iterations:1/repeats:50                      0.329 us        0.327 us            1 L1-dcache-loads=104 items_per_second=12.2324M/s
BM_QUICKSORT/4/1/iterations:1/repeats:50                      0.334 us        0.333 us            1 L1-dcache-loads=104 items_per_second=12.012M/s
BM_QUICKSORT/4/1/iterations:1/repeats:50                      0.331 us        0.331 us            1 L1-dcache-loads=107 items_per_second=12.0846M/s
BM_QUICKSORT/4/1/iterations:1/repeats:50                      0.342 us        0.341 us            1 L1-dcache-loads=118 items_per_second=11.7302M/s
BM_QUICKSORT/4/1/iterations:1/repeats:50                      0.325 us        0.327 us            1 L1-dcache-loads=100 items_per_second=12.2324M/s
BM_QUICKSORT/4/1/iterations:1/repeats:50                      0.329 us        0.330 us            1 L1-dcache-loads=99 items_per_second=12.1212M/s
BM_QUICKSORT/4/1/iterations:1/repeats:50                      0.326 us        0.324 us            1 L1-dcache-loads=105 items_per_second=12.3457M/s
BM_QUICKSORT/4/1/iterations:1/repeats:50                      0.358 us        0.357 us            1 L1-dcache-loads=112 items_per_second=11.2045M/s
BM_QUICKSORT/4/1/iterations:1/repeats:50                      0.338 us        0.337 us            1 L1-dcache-loads=118 items_per_second=11.8694M/s
BM_QUICKSORT/4/1/iterations:1/repeats:50                      0.315 us        0.314 us            1 L1-dcache-loads=105 items_per_second=12.7389M/s
BM_QUICKSORT/4/1/iterations:1/repeats:50                      0.309 us        0.309 us            1 L1-dcache-loads=99 items_per_second=12.945M/s
BM_QUICKSORT/4/1/iterations:1/repeats:50                      0.328 us        0.326 us            1 L1-dcache-loads=107 items_per_second=12.2699M/s
BM_QUICKSORT/4/1/iterations:1/repeats:50                      0.324 us        0.325 us            1 L1-dcache-loads=100 items_per_second=12.3077M/s
BM_QUICKSORT/4/1/iterations:1/repeats:50                      0.329 us        0.329 us            1 L1-dcache-loads=111 items_per_second=12.1581M/s
BM_QUICKSORT/4/1/iterations:1/repeats:50                      0.318 us        0.318 us            1 L1-dcache-loads=112 items_per_second=12.5786M/s
BM_QUICKSORT/4/1/iterations:1/repeats:50                      0.312 us        0.308 us            1 L1-dcache-loads=118 items_per_second=12.987M/s
BM_QUICKSORT/4/1/iterations:1/repeats:50                      0.324 us        0.319 us            1 L1-dcache-loads=105 items_per_second=12.5392M/s
BM_QUICKSORT/4/1/iterations:1/repeats:50                      0.312 us        0.324 us            1 L1-dcache-loads=112 items_per_second=12.3457M/s
BM_QUICKSORT/4/1/iterations:1/repeats:50                      0.324 us        0.332 us            1 L1-dcache-loads=111 items_per_second=12.0482M/s
BM_QUICKSORT/4/1/iterations:1/repeats:50                      0.319 us        0.319 us            1 L1-dcache-loads=100 items_per_second=12.5392M/s
BM_QUICKSORT/4/1/iterations:1/repeats:50                      0.321 us        0.322 us            1 L1-dcache-loads=105 items_per_second=12.4224M/s
BM_QUICKSORT/4/1/iterations:1/repeats:50                      0.319 us        0.318 us            1 L1-dcache-loads=110 items_per_second=12.5786M/s
BM_QUICKSORT/4/1/iterations:1/repeats:50                      0.328 us        0.327 us            1 L1-dcache-loads=104 items_per_second=12.2324M/s
BM_QUICKSORT/4/1/iterations:1/repeats:50                      0.325 us        0.324 us            1 L1-dcache-loads=105 items_per_second=12.3457M/s
BM_QUICKSORT/4/1/iterations:1/repeats:50                      0.323 us        0.320 us            1 L1-dcache-loads=99 items_per_second=12.5M/s
BM_QUICKSORT/4/1/iterations:1/repeats:50                      0.311 us        0.313 us            1 L1-dcache-loads=110 items_per_second=12.7796M/s
BM_QUICKSORT/4/1/iterations:1/repeats:50                      0.328 us        0.327 us            1 L1-dcache-loads=100 items_per_second=12.2324M/s
BM_QUICKSORT/4/1/iterations:1/repeats:50                      0.345 us        0.334 us            1 L1-dcache-loads=111 items_per_second=11.976M/s
BM_QUICKSORT/4/1/iterations:1/repeats:50                      0.318 us        0.318 us            1 L1-dcache-loads=105 items_per_second=12.5786M/s
BM_QUICKSORT/4/1/iterations:1/repeats:50                      0.322 us        0.320 us            1 L1-dcache-loads=104 items_per_second=12.5M/s
BM_QUICKSORT/4/1/iterations:1/repeats:50                      0.322 us        0.320 us            1 L1-dcache-loads=107 items_per_second=12.5M/s
BM_QUICKSORT/4/1/iterations:1/repeats:50                      0.321 us        0.321 us            1 L1-dcache-loads=100 items_per_second=12.4611M/s
BM_QUICKSORT/4/1/iterations:1/repeats:50                      0.315 us        0.314 us            1 L1-dcache-loads=105 items_per_second=12.7389M/s
BM_QUICKSORT/4/1/iterations:1/repeats:50                      0.335 us        0.335 us            1 L1-dcache-loads=118 items_per_second=11.9403M/s
BM_QUICKSORT/4/1/iterations:1/repeats:50                      0.334 us        0.334 us            1 L1-dcache-loads=107 items_per_second=11.976M/s
BM_QUICKSORT/4/1/iterations:1/repeats:50                      0.321 us        0.320 us            1 L1-dcache-loads=104 items_per_second=12.5M/s
BM_QUICKSORT/4/1/iterations:1/repeats:50                      0.304 us        0.302 us            1 L1-dcache-loads=105 items_per_second=13.245M/s
BM_QUICKSORT/4/1/iterations:1/repeats:50                      0.316 us        0.322 us            1 L1-dcache-loads=99 items_per_second=12.4224M/s
BM_QUICKSORT/4/1/iterations:1/repeats:50                      0.318 us        0.316 us            1 L1-dcache-loads=99 items_per_second=12.6582M/s
BM_QUICKSORT/4/1/iterations:1/repeats:50                      0.321 us        0.320 us            1 L1-dcache-loads=118 items_per_second=12.5M/s
BM_QUICKSORT/4/1/iterations:1/repeats:50                      0.320 us        0.320 us            1 L1-dcache-loads=99 items_per_second=12.5M/s
BM_QUICKSORT/4/1/iterations:1/repeats:50                      0.314 us        0.314 us            1 L1-dcache-loads=107 items_per_second=12.7389M/s
BM_QUICKSORT/4/1/iterations:1/repeats:50                      0.309 us        0.308 us            1 L1-dcache-loads=110 items_per_second=12.987M/s
BM_QUICKSORT/4/1/iterations:1/repeats:50                      0.319 us        0.319 us            1 L1-dcache-loads=111 items_per_second=12.5392M/s
BM_QUICKSORT/4/1/iterations:1/repeats:50_mean                 0.330 us        0.330 us           50 L1-dcache-loads=106.48 items_per_second=12.1888M/s
BM_QUICKSORT/4/1/iterations:1/repeats:50_median               0.324 us        0.324 us           50 L1-dcache-loads=105 items_per_second=12.3457M/s
BM_QUICKSORT/4/1/iterations:1/repeats:50_stddev               0.028 us        0.026 us           50 L1-dcache-loads=5.53003 items_per_second=773.836k/s
BM_QUICKSORT/4/1/iterations:1/repeats:50_cv                    8.42 %          8.03 %            50 L1-dcache-loads=5.19% items_per_second=6.35%
BM_QUICKSORT/8/1/iterations:1/repeats:50                      0.544 us        0.530 us            1 L1-dcache-loads=153 items_per_second=15.0943M/s
BM_QUICKSORT/8/1/iterations:1/repeats:50                      0.378 us        0.387 us            1 L1-dcache-loads=137 items_per_second=20.6718M/s
BM_QUICKSORT/8/1/iterations:1/repeats:50                      0.432 us        0.429 us            1 L1-dcache-loads=159 items_per_second=18.648M/s
BM_QUICKSORT/8/1/iterations:1/repeats:50                      0.371 us        0.368 us            1 L1-dcache-loads=142 items_per_second=21.7391M/s
BM_QUICKSORT/8/1/iterations:1/repeats:50                      0.376 us        0.374 us            1 L1-dcache-loads=135 items_per_second=21.3904M/s
BM_QUICKSORT/8/1/iterations:1/repeats:50                      0.380 us        0.378 us            1 L1-dcache-loads=126 items_per_second=21.164M/s
BM_QUICKSORT/8/1/iterations:1/repeats:50                      0.387 us        0.388 us            1 L1-dcache-loads=128 items_per_second=20.6186M/s
BM_QUICKSORT/8/1/iterations:1/repeats:50                      0.405 us        0.417 us            1 L1-dcache-loads=133 items_per_second=19.1847M/s
BM_QUICKSORT/8/1/iterations:1/repeats:50                      0.399 us        0.402 us            1 L1-dcache-loads=161 items_per_second=19.9005M/s
BM_QUICKSORT/8/1/iterations:1/repeats:50                      0.409 us        0.407 us            1 L1-dcache-loads=130 items_per_second=19.656M/s
BM_QUICKSORT/8/1/iterations:1/repeats:50                      0.376 us        0.376 us            1 L1-dcache-loads=144 items_per_second=21.2766M/s
BM_QUICKSORT/8/1/iterations:1/repeats:50                      0.402 us        0.407 us            1 L1-dcache-loads=142 items_per_second=19.656M/s
BM_QUICKSORT/8/1/iterations:1/repeats:50                      0.392 us        0.391 us            1 L1-dcache-loads=132 items_per_second=20.4604M/s
BM_QUICKSORT/8/1/iterations:1/repeats:50                      0.393 us        0.392 us            1 L1-dcache-loads=136 items_per_second=20.4082M/s
BM_QUICKSORT/8/1/iterations:1/repeats:50                      0.373 us        0.372 us            1 L1-dcache-loads=150 items_per_second=21.5054M/s
BM_QUICKSORT/8/1/iterations:1/repeats:50                      0.387 us        0.387 us            1 L1-dcache-loads=134 items_per_second=20.6718M/s
BM_QUICKSORT/8/1/iterations:1/repeats:50                      0.385 us        0.386 us            1 L1-dcache-loads=126 items_per_second=20.7254M/s
BM_QUICKSORT/8/1/iterations:1/repeats:50                      0.449 us        0.448 us            1 L1-dcache-loads=152 items_per_second=17.8571M/s
BM_QUICKSORT/8/1/iterations:1/repeats:50                      0.400 us        0.398 us            1 L1-dcache-loads=146 items_per_second=20.1005M/s
BM_QUICKSORT/8/1/iterations:1/repeats:50                      0.376 us        0.380 us            1 L1-dcache-loads=132 items_per_second=21.0526M/s
BM_QUICKSORT/8/1/iterations:1/repeats:50                      0.396 us        0.395 us            1 L1-dcache-loads=133 items_per_second=20.2532M/s
BM_QUICKSORT/8/1/iterations:1/repeats:50                      0.387 us        0.383 us            1 L1-dcache-loads=135 items_per_second=20.8877M/s
BM_QUICKSORT/8/1/iterations:1/repeats:50                      0.400 us        0.400 us            1 L1-dcache-loads=137 items_per_second=20M/s
BM_QUICKSORT/8/1/iterations:1/repeats:50                      0.381 us        0.393 us            1 L1-dcache-loads=143 items_per_second=20.3562M/s
BM_QUICKSORT/8/1/iterations:1/repeats:50                      0.402 us        0.400 us            1 L1-dcache-loads=139 items_per_second=20M/s
BM_QUICKSORT/8/1/iterations:1/repeats:50                      0.418 us        0.415 us            1 L1-dcache-loads=140 items_per_second=19.2771M/s
BM_QUICKSORT/8/1/iterations:1/repeats:50                      0.398 us        0.398 us            1 L1-dcache-loads=142 items_per_second=20.1005M/s
BM_QUICKSORT/8/1/iterations:1/repeats:50                      0.374 us        0.374 us            1 L1-dcache-loads=135 items_per_second=21.3904M/s
BM_QUICKSORT/8/1/iterations:1/repeats:50                      0.363 us        0.365 us            1 L1-dcache-loads=133 items_per_second=21.9178M/s
BM_QUICKSORT/8/1/iterations:1/repeats:50                      0.371 us        0.371 us            1 L1-dcache-loads=125 items_per_second=21.5633M/s
BM_QUICKSORT/8/1/iterations:1/repeats:50                      0.387 us        0.385 us            1 L1-dcache-loads=138 items_per_second=20.7792M/s
BM_QUICKSORT/8/1/iterations:1/repeats:50                      0.368 us        0.367 us            1 L1-dcache-loads=142 items_per_second=21.7984M/s
BM_QUICKSORT/8/1/iterations:1/repeats:50                      0.360 us        0.358 us            1 L1-dcache-loads=134 items_per_second=22.3464M/s
BM_QUICKSORT/8/1/iterations:1/repeats:50                      0.409 us        0.401 us            1 L1-dcache-loads=130 items_per_second=19.9501M/s
BM_QUICKSORT/8/1/iterations:1/repeats:50                      0.409 us        0.409 us            1 L1-dcache-loads=151 items_per_second=19.5599M/s
BM_QUICKSORT/8/1/iterations:1/repeats:50                      0.384 us        0.383 us            1 L1-dcache-loads=141 items_per_second=20.8877M/s
BM_QUICKSORT/8/1/iterations:1/repeats:50                      0.402 us        0.400 us            1 L1-dcache-loads=135 items_per_second=20M/s
BM_QUICKSORT/8/1/iterations:1/repeats:50                      0.378 us        0.377 us            1 L1-dcache-loads=147 items_per_second=21.2202M/s
BM_QUICKSORT/8/1/iterations:1/repeats:50                      0.375 us        0.374 us            1 L1-dcache-loads=143 items_per_second=21.3904M/s
BM_QUICKSORT/8/1/iterations:1/repeats:50                      0.379 us        0.378 us            1 L1-dcache-loads=137 items_per_second=21.164M/s
BM_QUICKSORT/8/1/iterations:1/repeats:50                      0.365 us        0.362 us            1 L1-dcache-loads=125 items_per_second=22.0994M/s
BM_QUICKSORT/8/1/iterations:1/repeats:50                      0.385 us        0.384 us            1 L1-dcache-loads=159 items_per_second=20.8333M/s
BM_QUICKSORT/8/1/iterations:1/repeats:50                      0.383 us        0.385 us            1 L1-dcache-loads=130 items_per_second=20.7792M/s
BM_QUICKSORT/8/1/iterations:1/repeats:50                      0.387 us        0.387 us            1 L1-dcache-loads=147 items_per_second=20.6718M/s
BM_QUICKSORT/8/1/iterations:1/repeats:50                      0.378 us        0.384 us            1 L1-dcache-loads=139 items_per_second=20.8333M/s
BM_QUICKSORT/8/1/iterations:1/repeats:50                      0.378 us        0.376 us            1 L1-dcache-loads=134 items_per_second=21.2766M/s
BM_QUICKSORT/8/1/iterations:1/repeats:50                      0.376 us        0.371 us            1 L1-dcache-loads=148 items_per_second=21.5633M/s
BM_QUICKSORT/8/1/iterations:1/repeats:50                      0.399 us        0.400 us            1 L1-dcache-loads=135 items_per_second=20M/s
BM_QUICKSORT/8/1/iterations:1/repeats:50                      0.391 us        0.391 us            1 L1-dcache-loads=136 items_per_second=20.4604M/s
BM_QUICKSORT/8/1/iterations:1/repeats:50                      0.384 us        0.383 us            1 L1-dcache-loads=127 items_per_second=20.8877M/s
BM_QUICKSORT/8/1/iterations:1/repeats:50_mean                 0.392 us        0.391 us           50 L1-dcache-loads=138.76 items_per_second=20.5206M/s
BM_QUICKSORT/8/1/iterations:1/repeats:50_median               0.386 us        0.386 us           50 L1-dcache-loads=137 items_per_second=20.6986M/s
BM_QUICKSORT/8/1/iterations:1/repeats:50_stddev               0.028 us        0.026 us           50 L1-dcache-loads=8.91813 items_per_second=1.17774M/s
BM_QUICKSORT/8/1/iterations:1/repeats:50_cv                    7.10 %          6.74 %            50 L1-dcache-loads=6.43% items_per_second=5.74%
BM_QUICKSORT/16/1/iterations:1/repeats:50                     0.625 us        0.604 us            1 L1-dcache-loads=216 items_per_second=26.4901M/s
BM_QUICKSORT/16/1/iterations:1/repeats:50                     0.490 us        0.488 us            1 L1-dcache-loads=221 items_per_second=32.7869M/s
BM_QUICKSORT/16/1/iterations:1/repeats:50                     0.538 us        0.542 us            1 L1-dcache-loads=233 items_per_second=29.5203M/s
BM_QUICKSORT/16/1/iterations:1/repeats:50                     0.513 us        0.521 us            1 L1-dcache-loads=208 items_per_second=30.7102M/s
BM_QUICKSORT/16/1/iterations:1/repeats:50                     0.523 us        0.522 us            1 L1-dcache-loads=215 items_per_second=30.6513M/s
BM_QUICKSORT/16/1/iterations:1/repeats:50                     0.504 us        0.503 us            1 L1-dcache-loads=227 items_per_second=31.8091M/s
BM_QUICKSORT/16/1/iterations:1/repeats:50                     0.502 us        0.498 us            1 L1-dcache-loads=224 items_per_second=32.1285M/s
BM_QUICKSORT/16/1/iterations:1/repeats:50                     0.520 us        0.520 us            1 L1-dcache-loads=203 items_per_second=30.7692M/s
BM_QUICKSORT/16/1/iterations:1/repeats:50                     0.496 us        0.495 us            1 L1-dcache-loads=213 items_per_second=32.3232M/s
BM_QUICKSORT/16/1/iterations:1/repeats:50                     0.546 us        0.553 us            1 L1-dcache-loads=213 items_per_second=28.9331M/s
BM_QUICKSORT/16/1/iterations:1/repeats:50                     0.531 us        0.530 us            1 L1-dcache-loads=254 items_per_second=30.1887M/s
BM_QUICKSORT/16/1/iterations:1/repeats:50                     0.543 us        0.547 us            1 L1-dcache-loads=231 items_per_second=29.2505M/s
BM_QUICKSORT/16/1/iterations:1/repeats:50                     0.546 us        0.544 us            1 L1-dcache-loads=215 items_per_second=29.4118M/s
BM_QUICKSORT/16/1/iterations:1/repeats:50                     0.504 us        0.502 us            1 L1-dcache-loads=206 items_per_second=31.8725M/s
BM_QUICKSORT/16/1/iterations:1/repeats:50                     0.502 us        0.521 us            1 L1-dcache-loads=218 items_per_second=30.7102M/s
BM_QUICKSORT/16/1/iterations:1/repeats:50                     0.502 us        0.501 us            1 L1-dcache-loads=194 items_per_second=31.9361M/s
BM_QUICKSORT/16/1/iterations:1/repeats:50                     0.500 us        0.509 us            1 L1-dcache-loads=207 items_per_second=31.4342M/s
BM_QUICKSORT/16/1/iterations:1/repeats:50                     0.513 us        0.511 us            1 L1-dcache-loads=204 items_per_second=31.3112M/s
BM_QUICKSORT/16/1/iterations:1/repeats:50                     0.496 us        0.500 us            1 L1-dcache-loads=220 items_per_second=32M/s
BM_QUICKSORT/16/1/iterations:1/repeats:50                     0.520 us        0.521 us            1 L1-dcache-loads=211 items_per_second=30.7102M/s
BM_QUICKSORT/16/1/iterations:1/repeats:50                     0.499 us        0.499 us            1 L1-dcache-loads=258 items_per_second=32.0641M/s
BM_QUICKSORT/16/1/iterations:1/repeats:50                     0.519 us        0.519 us            1 L1-dcache-loads=217 items_per_second=30.8285M/s
BM_QUICKSORT/16/1/iterations:1/repeats:50                     0.546 us        0.547 us            1 L1-dcache-loads=256 items_per_second=29.2505M/s
BM_QUICKSORT/16/1/iterations:1/repeats:50                     0.505 us        0.506 us            1 L1-dcache-loads=232 items_per_second=31.6206M/s
BM_QUICKSORT/16/1/iterations:1/repeats:50                     0.512 us        0.510 us            1 L1-dcache-loads=205 items_per_second=31.3725M/s
BM_QUICKSORT/16/1/iterations:1/repeats:50                     0.532 us        0.531 us            1 L1-dcache-loads=215 items_per_second=30.1318M/s
BM_QUICKSORT/16/1/iterations:1/repeats:50                     0.513 us        0.519 us            1 L1-dcache-loads=230 items_per_second=30.8285M/s
BM_QUICKSORT/16/1/iterations:1/repeats:50                     0.499 us        0.498 us            1 L1-dcache-loads=238 items_per_second=32.1285M/s
BM_QUICKSORT/16/1/iterations:1/repeats:50                     0.508 us        0.506 us            1 L1-dcache-loads=237 items_per_second=31.6206M/s
BM_QUICKSORT/16/1/iterations:1/repeats:50                     0.521 us        0.521 us            1 L1-dcache-loads=229 items_per_second=30.7102M/s
BM_QUICKSORT/16/1/iterations:1/repeats:50                     0.502 us        0.504 us            1 L1-dcache-loads=207 items_per_second=31.746M/s
BM_QUICKSORT/16/1/iterations:1/repeats:50                     0.523 us        0.523 us            1 L1-dcache-loads=233 items_per_second=30.5927M/s
BM_QUICKSORT/16/1/iterations:1/repeats:50                     0.553 us        0.552 us            1 L1-dcache-loads=250 items_per_second=28.9855M/s
BM_QUICKSORT/16/1/iterations:1/repeats:50                     0.546 us        0.535 us            1 L1-dcache-loads=207 items_per_second=29.9065M/s
BM_QUICKSORT/16/1/iterations:1/repeats:50                     0.498 us        0.508 us            1 L1-dcache-loads=211 items_per_second=31.4961M/s
BM_QUICKSORT/16/1/iterations:1/repeats:50                     0.517 us        0.518 us            1 L1-dcache-loads=233 items_per_second=30.888M/s
BM_QUICKSORT/16/1/iterations:1/repeats:50                     0.527 us        0.527 us            1 L1-dcache-loads=199 items_per_second=30.3605M/s
BM_QUICKSORT/16/1/iterations:1/repeats:50                     0.564 us        0.565 us            1 L1-dcache-loads=227 items_per_second=28.3186M/s
BM_QUICKSORT/16/1/iterations:1/repeats:50                     0.486 us        0.485 us            1 L1-dcache-loads=203 items_per_second=32.9897M/s
BM_QUICKSORT/16/1/iterations:1/repeats:50                     0.522 us        0.521 us            1 L1-dcache-loads=233 items_per_second=30.7102M/s
BM_QUICKSORT/16/1/iterations:1/repeats:50                     0.492 us        0.493 us            1 L1-dcache-loads=250 items_per_second=32.4544M/s
BM_QUICKSORT/16/1/iterations:1/repeats:50                     0.511 us        0.510 us            1 L1-dcache-loads=233 items_per_second=31.3725M/s
BM_QUICKSORT/16/1/iterations:1/repeats:50                     0.477 us        0.483 us            1 L1-dcache-loads=224 items_per_second=33.1263M/s
BM_QUICKSORT/16/1/iterations:1/repeats:50                     0.502 us        0.504 us            1 L1-dcache-loads=212 items_per_second=31.746M/s
BM_QUICKSORT/16/1/iterations:1/repeats:50                     0.506 us        0.506 us            1 L1-dcache-loads=207 items_per_second=31.6206M/s
BM_QUICKSORT/16/1/iterations:1/repeats:50                     0.541 us        0.540 us            1 L1-dcache-loads=224 items_per_second=29.6296M/s
BM_QUICKSORT/16/1/iterations:1/repeats:50                     0.484 us        0.484 us            1 L1-dcache-loads=193 items_per_second=33.0579M/s
BM_QUICKSORT/16/1/iterations:1/repeats:50                     0.493 us        0.493 us            1 L1-dcache-loads=200 items_per_second=32.4544M/s
BM_QUICKSORT/16/1/iterations:1/repeats:50                     0.544 us        0.544 us            1 L1-dcache-loads=223 items_per_second=29.4118M/s
BM_QUICKSORT/16/1/iterations:1/repeats:50                     0.554 us        0.562 us            1 L1-dcache-loads=225 items_per_second=28.4698M/s
BM_QUICKSORT/16/1/iterations:1/repeats:50_mean                0.518 us        0.519 us           50 L1-dcache-loads=220.88 items_per_second=30.8968M/s
BM_QUICKSORT/16/1/iterations:1/repeats:50_median              0.513 us        0.518 us           50 L1-dcache-loads=219 items_per_second=30.8583M/s
BM_QUICKSORT/16/1/iterations:1/repeats:50_stddev              0.026 us        0.024 us           50 L1-dcache-loads=15.9663 items_per_second=1.37581M/s
BM_QUICKSORT/16/1/iterations:1/repeats:50_cv                   4.98 %          4.63 %            50 L1-dcache-loads=7.23% items_per_second=4.45%
BM_QUICKSORT/32/1/iterations:1/repeats:50                     0.919 us        0.903 us            1 L1-dcache-loads=430 items_per_second=35.4374M/s
BM_QUICKSORT/32/1/iterations:1/repeats:50                     0.805 us        0.820 us            1 L1-dcache-loads=374 items_per_second=39.0244M/s
BM_QUICKSORT/32/1/iterations:1/repeats:50                     0.803 us        0.821 us            1 L1-dcache-loads=376 items_per_second=38.9769M/s
BM_QUICKSORT/32/1/iterations:1/repeats:50                     0.846 us        0.842 us            1 L1-dcache-loads=460 items_per_second=38.0048M/s
BM_QUICKSORT/32/1/iterations:1/repeats:50                     0.876 us        0.873 us            1 L1-dcache-loads=438 items_per_second=36.6552M/s
BM_QUICKSORT/32/1/iterations:1/repeats:50                     0.754 us        0.750 us            1 L1-dcache-loads=415 items_per_second=42.6667M/s
BM_QUICKSORT/32/1/iterations:1/repeats:50                     0.858 us        0.856 us            1 L1-dcache-loads=401 items_per_second=37.3832M/s
BM_QUICKSORT/32/1/iterations:1/repeats:50                     0.823 us        0.824 us            1 L1-dcache-loads=399 items_per_second=38.835M/s
BM_QUICKSORT/32/1/iterations:1/repeats:50                     0.833 us        0.828 us            1 L1-dcache-loads=432 items_per_second=38.6473M/s
BM_QUICKSORT/32/1/iterations:1/repeats:50                     0.843 us        0.838 us            1 L1-dcache-loads=433 items_per_second=38.1862M/s
BM_QUICKSORT/32/1/iterations:1/repeats:50                     0.821 us        0.815 us            1 L1-dcache-loads=428 items_per_second=39.2638M/s
BM_QUICKSORT/32/1/iterations:1/repeats:50                     0.839 us        0.825 us            1 L1-dcache-loads=383 items_per_second=38.7879M/s
BM_QUICKSORT/32/1/iterations:1/repeats:50                     0.805 us        0.802 us            1 L1-dcache-loads=392 items_per_second=39.9002M/s
BM_QUICKSORT/32/1/iterations:1/repeats:50                     0.780 us        0.778 us            1 L1-dcache-loads=463 items_per_second=41.1311M/s
BM_QUICKSORT/32/1/iterations:1/repeats:50                     0.870 us        0.868 us            1 L1-dcache-loads=385 items_per_second=36.8664M/s
BM_QUICKSORT/32/1/iterations:1/repeats:50                     0.817 us        0.819 us            1 L1-dcache-loads=399 items_per_second=39.072M/s
BM_QUICKSORT/32/1/iterations:1/repeats:50                     0.810 us        0.815 us            1 L1-dcache-loads=405 items_per_second=39.2638M/s
BM_QUICKSORT/32/1/iterations:1/repeats:50                     0.813 us        0.808 us            1 L1-dcache-loads=406 items_per_second=39.604M/s
BM_QUICKSORT/32/1/iterations:1/repeats:50                     0.819 us        0.815 us            1 L1-dcache-loads=401 items_per_second=39.2638M/s
BM_QUICKSORT/32/1/iterations:1/repeats:50                     0.800 us        0.797 us            1 L1-dcache-loads=405 items_per_second=40.1506M/s
BM_QUICKSORT/32/1/iterations:1/repeats:50                     0.803 us        0.799 us            1 L1-dcache-loads=428 items_per_second=40.0501M/s
BM_QUICKSORT/32/1/iterations:1/repeats:50                     0.795 us        0.790 us            1 L1-dcache-loads=450 items_per_second=40.5063M/s
BM_QUICKSORT/32/1/iterations:1/repeats:50                     0.754 us        0.751 us            1 L1-dcache-loads=383 items_per_second=42.6099M/s
BM_QUICKSORT/32/1/iterations:1/repeats:50                     0.735 us        0.731 us            1 L1-dcache-loads=376 items_per_second=43.7756M/s
BM_QUICKSORT/32/1/iterations:1/repeats:50                     0.819 us        0.813 us            1 L1-dcache-loads=422 items_per_second=39.3604M/s
BM_QUICKSORT/32/1/iterations:1/repeats:50                     0.787 us        0.787 us            1 L1-dcache-loads=389 items_per_second=40.6607M/s
BM_QUICKSORT/32/1/iterations:1/repeats:50                     0.786 us        0.793 us            1 L1-dcache-loads=454 items_per_second=40.3531M/s
BM_QUICKSORT/32/1/iterations:1/repeats:50                     0.797 us        0.798 us            1 L1-dcache-loads=438 items_per_second=40.1003M/s
BM_QUICKSORT/32/1/iterations:1/repeats:50                     0.779 us        0.778 us            1 L1-dcache-loads=389 items_per_second=41.1311M/s
BM_QUICKSORT/32/1/iterations:1/repeats:50                     0.771 us        0.769 us            1 L1-dcache-loads=388 items_per_second=41.6125M/s
BM_QUICKSORT/32/1/iterations:1/repeats:50                     0.827 us        0.828 us            1 L1-dcache-loads=410 items_per_second=38.6473M/s
BM_QUICKSORT/32/1/iterations:1/repeats:50                     0.820 us        0.817 us            1 L1-dcache-loads=399 items_per_second=39.1677M/s
BM_QUICKSORT/32/1/iterations:1/repeats:50                     0.707 us        0.707 us            1 L1-dcache-loads=401 items_per_second=45.2617M/s
BM_QUICKSORT/32/1/iterations:1/repeats:50                     0.851 us        0.830 us            1 L1-dcache-loads=430 items_per_second=38.5542M/s
BM_QUICKSORT/32/1/iterations:1/repeats:50                     0.776 us        0.773 us            1 L1-dcache-loads=418 items_per_second=41.3972M/s
BM_QUICKSORT/32/1/iterations:1/repeats:50                     0.785 us        0.782 us            1 L1-dcache-loads=405 items_per_second=40.9207M/s
BM_QUICKSORT/32/1/iterations:1/repeats:50                     0.770 us        0.759 us            1 L1-dcache-loads=437 items_per_second=42.1607M/s
BM_QUICKSORT/32/1/iterations:1/repeats:50                     0.789 us        0.790 us            1 L1-dcache-loads=487 items_per_second=40.5063M/s
BM_QUICKSORT/32/1/iterations:1/repeats:50                     0.792 us        0.793 us            1 L1-dcache-loads=379 items_per_second=40.3531M/s
BM_QUICKSORT/32/1/iterations:1/repeats:50                     0.795 us        0.783 us            1 L1-dcache-loads=392 items_per_second=40.8685M/s
BM_QUICKSORT/32/1/iterations:1/repeats:50                     0.740 us        0.739 us            1 L1-dcache-loads=388 items_per_second=43.3018M/s
BM_QUICKSORT/32/1/iterations:1/repeats:50                     0.764 us        0.764 us            1 L1-dcache-loads=416 items_per_second=41.8848M/s
BM_QUICKSORT/32/1/iterations:1/repeats:50                     0.800 us        0.800 us            1 L1-dcache-loads=515 items_per_second=40M/s
BM_QUICKSORT/32/1/iterations:1/repeats:50                     0.723 us        0.729 us            1 L1-dcache-loads=500 items_per_second=43.8957M/s
BM_QUICKSORT/32/1/iterations:1/repeats:50                     0.764 us        0.765 us            1 L1-dcache-loads=442 items_per_second=41.8301M/s
BM_QUICKSORT/32/1/iterations:1/repeats:50                     0.745 us        0.743 us            1 L1-dcache-loads=434 items_per_second=43.0686M/s
BM_QUICKSORT/32/1/iterations:1/repeats:50                     0.750 us        0.750 us            1 L1-dcache-loads=449 items_per_second=42.6667M/s
BM_QUICKSORT/32/1/iterations:1/repeats:50                     0.791 us        0.791 us            1 L1-dcache-loads=447 items_per_second=40.4551M/s
BM_QUICKSORT/32/1/iterations:1/repeats:50                     0.759 us        0.768 us            1 L1-dcache-loads=419 items_per_second=41.6667M/s
BM_QUICKSORT/32/1/iterations:1/repeats:50                     0.808 us        0.807 us            1 L1-dcache-loads=414 items_per_second=39.653M/s
BM_QUICKSORT/32/1/iterations:1/repeats:50_mean                0.798 us        0.796 us           50 L1-dcache-loads=418.48 items_per_second=40.2708M/s
BM_QUICKSORT/32/1/iterations:1/repeats:50_median              0.798 us        0.797 us           50 L1-dcache-loads=414.5 items_per_second=40.1254M/s
BM_QUICKSORT/32/1/iterations:1/repeats:50_stddev              0.041 us        0.039 us           50 L1-dcache-loads=31.8685 items_per_second=1.96759M/s
BM_QUICKSORT/32/1/iterations:1/repeats:50_cv                   5.10 %          4.89 %            50 L1-dcache-loads=7.62% items_per_second=4.89%
BM_QUICKSORT/64/1/iterations:1/repeats:50                      1.58 us         1.56 us            1 L1-dcache-loads=806 items_per_second=41.052M/s
BM_QUICKSORT/64/1/iterations:1/repeats:50                      1.33 us         1.31 us            1 L1-dcache-loads=989 items_per_second=48.7062M/s
BM_QUICKSORT/64/1/iterations:1/repeats:50                      1.48 us         1.47 us            1 L1-dcache-loads=823 items_per_second=43.5374M/s
BM_QUICKSORT/64/1/iterations:1/repeats:50                      1.43 us         1.43 us            1 L1-dcache-loads=1.014k items_per_second=44.724M/s
BM_QUICKSORT/64/1/iterations:1/repeats:50                      1.33 us         1.32 us            1 L1-dcache-loads=796 items_per_second=48.3384M/s
BM_QUICKSORT/64/1/iterations:1/repeats:50                      1.38 us         1.37 us            1 L1-dcache-loads=829 items_per_second=46.5793M/s
BM_QUICKSORT/64/1/iterations:1/repeats:50                      1.39 us         1.38 us            1 L1-dcache-loads=833 items_per_second=46.2094M/s
BM_QUICKSORT/64/1/iterations:1/repeats:50                      1.44 us         1.43 us            1 L1-dcache-loads=821 items_per_second=44.724M/s
BM_QUICKSORT/64/1/iterations:1/repeats:50                      1.41 us         1.41 us            1 L1-dcache-loads=807 items_per_second=45.5192M/s
BM_QUICKSORT/64/1/iterations:1/repeats:50                      1.41 us         1.41 us            1 L1-dcache-loads=919 items_per_second=45.5192M/s
BM_QUICKSORT/64/1/iterations:1/repeats:50                      1.44 us         1.42 us            1 L1-dcache-loads=1.072k items_per_second=44.9438M/s
BM_QUICKSORT/64/1/iterations:1/repeats:50                      1.42 us         1.41 us            1 L1-dcache-loads=834 items_per_second=45.4223M/s
BM_QUICKSORT/64/1/iterations:1/repeats:50                      1.36 us         1.36 us            1 L1-dcache-loads=980 items_per_second=47.0588M/s
BM_QUICKSORT/64/1/iterations:1/repeats:50                      1.35 us         1.35 us            1 L1-dcache-loads=870 items_per_second=47.4426M/s
BM_QUICKSORT/64/1/iterations:1/repeats:50                      1.37 us         1.37 us            1 L1-dcache-loads=814 items_per_second=46.6133M/s
BM_QUICKSORT/64/1/iterations:1/repeats:50                      1.32 us         1.32 us            1 L1-dcache-loads=783 items_per_second=48.4115M/s
BM_QUICKSORT/64/1/iterations:1/repeats:50                      1.38 us         1.38 us            1 L1-dcache-loads=941 items_per_second=46.3432M/s
BM_QUICKSORT/64/1/iterations:1/repeats:50                      1.36 us         1.34 us            1 L1-dcache-loads=822 items_per_second=47.619M/s
BM_QUICKSORT/64/1/iterations:1/repeats:50                      1.34 us         1.35 us            1 L1-dcache-loads=885 items_per_second=47.4777M/s
BM_QUICKSORT/64/1/iterations:1/repeats:50                      1.31 us         1.30 us            1 L1-dcache-loads=828 items_per_second=49.0421M/s
BM_QUICKSORT/64/1/iterations:1/repeats:50                      1.32 us         1.31 us            1 L1-dcache-loads=932 items_per_second=48.7062M/s
BM_QUICKSORT/64/1/iterations:1/repeats:50                      1.36 us         1.35 us            1 L1-dcache-loads=1.003k items_per_second=47.5836M/s
BM_QUICKSORT/64/1/iterations:1/repeats:50                      1.41 us         1.41 us            1 L1-dcache-loads=955 items_per_second=45.4869M/s
BM_QUICKSORT/64/1/iterations:1/repeats:50                      1.35 us         1.34 us            1 L1-dcache-loads=842 items_per_second=47.5836M/s
BM_QUICKSORT/64/1/iterations:1/repeats:50                      1.29 us         1.30 us            1 L1-dcache-loads=825 items_per_second=49.4208M/s
BM_QUICKSORT/64/1/iterations:1/repeats:50                      1.35 us         1.36 us            1 L1-dcache-loads=808 items_per_second=47.0588M/s
BM_QUICKSORT/64/1/iterations:1/repeats:50                      1.38 us         1.37 us            1 L1-dcache-loads=985 items_per_second=46.6472M/s
BM_QUICKSORT/64/1/iterations:1/repeats:50                      1.38 us         1.37 us            1 L1-dcache-loads=1.041k items_per_second=46.7495M/s
BM_QUICKSORT/64/1/iterations:1/repeats:50                      1.31 us         1.31 us            1 L1-dcache-loads=928 items_per_second=49.0421M/s
BM_QUICKSORT/64/1/iterations:1/repeats:50                      1.30 us         1.30 us            1 L1-dcache-loads=838 items_per_second=49.3066M/s
BM_QUICKSORT/64/1/iterations:1/repeats:50                      1.33 us         1.33 us            1 L1-dcache-loads=872 items_per_second=48.1928M/s
BM_QUICKSORT/64/1/iterations:1/repeats:50                      1.40 us         1.40 us            1 L1-dcache-loads=885 items_per_second=45.7797M/s
BM_QUICKSORT/64/1/iterations:1/repeats:50                      1.34 us         1.34 us            1 L1-dcache-loads=884 items_per_second=47.8684M/s
BM_QUICKSORT/64/1/iterations:1/repeats:50                      1.43 us         1.42 us            1 L1-dcache-loads=857 items_per_second=45.1977M/s
BM_QUICKSORT/64/1/iterations:1/repeats:50                      1.39 us         1.38 us            1 L1-dcache-loads=864 items_per_second=46.2428M/s
BM_QUICKSORT/64/1/iterations:1/repeats:50                      1.43 us         1.43 us            1 L1-dcache-loads=797 items_per_second=44.724M/s
BM_QUICKSORT/64/1/iterations:1/repeats:50                      1.44 us         1.44 us            1 L1-dcache-loads=877 items_per_second=44.4753M/s
BM_QUICKSORT/64/1/iterations:1/repeats:50                      1.35 us         1.35 us            1 L1-dcache-loads=831 items_per_second=47.3373M/s
BM_QUICKSORT/64/1/iterations:1/repeats:50                      1.34 us         1.33 us            1 L1-dcache-loads=830 items_per_second=47.976M/s
BM_QUICKSORT/64/1/iterations:1/repeats:50                      1.38 us         1.37 us            1 L1-dcache-loads=972 items_per_second=46.7495M/s
BM_QUICKSORT/64/1/iterations:1/repeats:50                      1.36 us         1.36 us            1 L1-dcache-loads=817 items_per_second=47.1281M/s
BM_QUICKSORT/64/1/iterations:1/repeats:50                      1.25 us         1.24 us            1 L1-dcache-loads=961 items_per_second=51.4883M/s
BM_QUICKSORT/64/1/iterations:1/repeats:50                      1.35 us         1.35 us            1 L1-dcache-loads=789 items_per_second=47.5483M/s
BM_QUICKSORT/64/1/iterations:1/repeats:50                      1.30 us         1.30 us            1 L1-dcache-loads=810 items_per_second=49.4208M/s
BM_QUICKSORT/64/1/iterations:1/repeats:50                      1.29 us         1.28 us            1 L1-dcache-loads=936 items_per_second=49.961M/s
BM_QUICKSORT/64/1/iterations:1/repeats:50                      1.35 us         1.34 us            1 L1-dcache-loads=856 items_per_second=47.7256M/s
BM_QUICKSORT/64/1/iterations:1/repeats:50                      1.24 us         1.24 us            1 L1-dcache-loads=850 items_per_second=51.8219M/s
BM_QUICKSORT/64/1/iterations:1/repeats:50                      1.34 us         1.34 us            1 L1-dcache-loads=915 items_per_second=47.8684M/s
BM_QUICKSORT/64/1/iterations:1/repeats:50                      1.37 us         1.37 us            1 L1-dcache-loads=791 items_per_second=46.7153M/s
BM_QUICKSORT/64/1/iterations:1/repeats:50                      1.36 us         1.36 us            1 L1-dcache-loads=944 items_per_second=47.1976M/s
BM_QUICKSORT/64/1/iterations:1/repeats:50_mean                 1.37 us         1.36 us           50 L1-dcache-loads=879.22 items_per_second=47.0858M/s
BM_QUICKSORT/64/1/iterations:1/repeats:50_median               1.36 us         1.36 us           50 L1-dcache-loads=856.5 items_per_second=47.1629M/s
BM_QUICKSORT/64/1/iterations:1/repeats:50_stddev              0.059 us        0.057 us           50 L1-dcache-loads=74.2624 items_per_second=1.93179M/s
BM_QUICKSORT/64/1/iterations:1/repeats:50_cv                   4.31 %          4.17 %            50 L1-dcache-loads=8.45% items_per_second=4.10%
BM_QUICKSORT/128/1/iterations:1/repeats:50                     2.72 us         2.69 us            1 L1-dcache-loads=1.942k items_per_second=47.6368M/s
BM_QUICKSORT/128/1/iterations:1/repeats:50                     2.62 us         2.61 us            1 L1-dcache-loads=1.996k items_per_second=49.0986M/s
BM_QUICKSORT/128/1/iterations:1/repeats:50                     2.75 us         2.74 us            1 L1-dcache-loads=1.706k items_per_second=46.6813M/s
BM_QUICKSORT/128/1/iterations:1/repeats:50                     2.69 us         2.68 us            1 L1-dcache-loads=1.997k items_per_second=47.7434M/s
BM_QUICKSORT/128/1/iterations:1/repeats:50                     2.70 us         2.69 us            1 L1-dcache-loads=2.214k items_per_second=47.5836M/s
BM_QUICKSORT/128/1/iterations:1/repeats:50                     2.60 us         2.60 us            1 L1-dcache-loads=1.851k items_per_second=49.174M/s
BM_QUICKSORT/128/1/iterations:1/repeats:50                     2.56 us         2.54 us            1 L1-dcache-loads=1.87k items_per_second=50.3145M/s
BM_QUICKSORT/128/1/iterations:1/repeats:50                     2.80 us         2.79 us            1 L1-dcache-loads=2.025k items_per_second=45.8453M/s
BM_QUICKSORT/128/1/iterations:1/repeats:50                     2.75 us         2.73 us            1 L1-dcache-loads=1.833k items_per_second=46.835M/s
BM_QUICKSORT/128/1/iterations:1/repeats:50                     2.70 us         2.69 us            1 L1-dcache-loads=1.765k items_per_second=47.619M/s
BM_QUICKSORT/128/1/iterations:1/repeats:50                     2.68 us         2.68 us            1 L1-dcache-loads=1.86k items_per_second=47.8147M/s
BM_QUICKSORT/128/1/iterations:1/repeats:50                     2.65 us         2.64 us            1 L1-dcache-loads=1.832k items_per_second=48.5216M/s
BM_QUICKSORT/128/1/iterations:1/repeats:50                     2.67 us         2.67 us            1 L1-dcache-loads=1.734k items_per_second=47.958M/s
BM_QUICKSORT/128/1/iterations:1/repeats:50                     2.82 us         2.82 us            1 L1-dcache-loads=1.91k items_per_second=45.4545M/s
BM_QUICKSORT/128/1/iterations:1/repeats:50                     2.56 us         2.55 us            1 L1-dcache-loads=1.966k items_per_second=50.2749M/s
BM_QUICKSORT/128/1/iterations:1/repeats:50                     2.75 us         2.74 us            1 L1-dcache-loads=1.766k items_per_second=46.7665M/s
BM_QUICKSORT/128/1/iterations:1/repeats:50                     2.67 us         2.68 us            1 L1-dcache-loads=1.762k items_per_second=47.8505M/s
BM_QUICKSORT/128/1/iterations:1/repeats:50                     2.63 us         2.62 us            1 L1-dcache-loads=1.822k items_per_second=48.855M/s
BM_QUICKSORT/128/1/iterations:1/repeats:50                     2.54 us         2.56 us            1 L1-dcache-loads=2.212k items_per_second=50M/s
BM_QUICKSORT/128/1/iterations:1/repeats:50                     2.56 us         2.55 us            1 L1-dcache-loads=2.075k items_per_second=50.1764M/s
BM_QUICKSORT/128/1/iterations:1/repeats:50                     2.77 us         2.77 us            1 L1-dcache-loads=1.803k items_per_second=46.2595M/s
BM_QUICKSORT/128/1/iterations:1/repeats:50                     2.75 us         2.76 us            1 L1-dcache-loads=1.74k items_per_second=46.4441M/s
BM_QUICKSORT/128/1/iterations:1/repeats:50                     2.70 us         2.70 us            1 L1-dcache-loads=1.864k items_per_second=47.3899M/s
BM_QUICKSORT/128/1/iterations:1/repeats:50                     2.71 us         2.70 us            1 L1-dcache-loads=2.016k items_per_second=47.3198M/s
BM_QUICKSORT/128/1/iterations:1/repeats:50                     2.51 us         2.49 us            1 L1-dcache-loads=1.877k items_per_second=51.3026M/s
BM_QUICKSORT/128/1/iterations:1/repeats:50                     2.56 us         2.56 us            1 L1-dcache-loads=1.948k items_per_second=49.961M/s
BM_QUICKSORT/128/1/iterations:1/repeats:50                     2.60 us         2.61 us            1 L1-dcache-loads=1.976k items_per_second=49.0798M/s
BM_QUICKSORT/128/1/iterations:1/repeats:50                     2.71 us         2.69 us            1 L1-dcache-loads=1.805k items_per_second=47.5483M/s
BM_QUICKSORT/128/1/iterations:1/repeats:50                     2.53 us         2.53 us            1 L1-dcache-loads=2.234k items_per_second=50.6529M/s
BM_QUICKSORT/128/1/iterations:1/repeats:50                     2.61 us         2.61 us            1 L1-dcache-loads=1.925k items_per_second=49.0046M/s
BM_QUICKSORT/128/1/iterations:1/repeats:50                     2.59 us         2.59 us            1 L1-dcache-loads=2.098k items_per_second=49.4018M/s
BM_QUICKSORT/128/1/iterations:1/repeats:50                     2.64 us         2.64 us            1 L1-dcache-loads=2.081k items_per_second=48.5769M/s
BM_QUICKSORT/128/1/iterations:1/repeats:50                     2.65 us         2.66 us            1 L1-dcache-loads=1.835k items_per_second=48.048M/s
BM_QUICKSORT/128/1/iterations:1/repeats:50                     2.69 us         2.68 us            1 L1-dcache-loads=2.277k items_per_second=47.8326M/s
BM_QUICKSORT/128/1/iterations:1/repeats:50                     2.58 us         2.57 us            1 L1-dcache-loads=1.969k items_per_second=49.8248M/s
BM_QUICKSORT/128/1/iterations:1/repeats:50                     2.61 us         2.61 us            1 L1-dcache-loads=1.675k items_per_second=49.1174M/s
BM_QUICKSORT/128/1/iterations:1/repeats:50                     2.71 us         2.71 us            1 L1-dcache-loads=1.841k items_per_second=47.2848M/s
BM_QUICKSORT/128/1/iterations:1/repeats:50                     2.62 us         2.62 us            1 L1-dcache-loads=1.768k items_per_second=48.8177M/s
BM_QUICKSORT/128/1/iterations:1/repeats:50                     2.60 us         2.60 us            1 L1-dcache-loads=1.83k items_per_second=49.2308M/s
BM_QUICKSORT/128/1/iterations:1/repeats:50                     2.56 us         2.56 us            1 L1-dcache-loads=1.94k items_per_second=49.9415M/s
BM_QUICKSORT/128/1/iterations:1/repeats:50                     2.55 us         2.54 us            1 L1-dcache-loads=1.848k items_per_second=50.3343M/s
BM_QUICKSORT/128/1/iterations:1/repeats:50                     2.57 us         2.57 us            1 L1-dcache-loads=1.931k items_per_second=49.8637M/s
BM_QUICKSORT/128/1/iterations:1/repeats:50                     2.61 us         2.61 us            1 L1-dcache-loads=1.991k items_per_second=49.0609M/s
BM_QUICKSORT/128/1/iterations:1/repeats:50                     2.53 us         2.54 us            1 L1-dcache-loads=1.906k items_per_second=50.3937M/s
BM_QUICKSORT/128/1/iterations:1/repeats:50                     2.59 us         2.59 us            1 L1-dcache-loads=1.869k items_per_second=49.3637M/s
BM_QUICKSORT/128/1/iterations:1/repeats:50                     2.66 us         2.67 us            1 L1-dcache-loads=1.78k items_per_second=48.03M/s
BM_QUICKSORT/128/1/iterations:1/repeats:50                     2.65 us         2.66 us            1 L1-dcache-loads=1.767k items_per_second=48.1203M/s
BM_QUICKSORT/128/1/iterations:1/repeats:50                     2.54 us         2.53 us            1 L1-dcache-loads=1.97k items_per_second=50.4931M/s
BM_QUICKSORT/128/1/iterations:1/repeats:50                     2.48 us         2.48 us            1 L1-dcache-loads=1.934k items_per_second=51.5921M/s
BM_QUICKSORT/128/1/iterations:1/repeats:50                     2.64 us         2.64 us            1 L1-dcache-loads=1.665k items_per_second=48.4481M/s
BM_QUICKSORT/128/1/iterations:1/repeats:50_mean                2.64 us         2.63 us           50 L1-dcache-loads=1.90602k items_per_second=48.6188M/s
BM_QUICKSORT/128/1/iterations:1/repeats:50_median              2.64 us         2.63 us           50 L1-dcache-loads=1.8735k items_per_second=48.6973M/s
BM_QUICKSORT/128/1/iterations:1/repeats:50_stddev             0.080 us        0.078 us           50 L1-dcache-loads=142.337 items_per_second=1.43443M/s
BM_QUICKSORT/128/1/iterations:1/repeats:50_cv                  3.03 %          2.96 %            50 L1-dcache-loads=7.47% items_per_second=2.95%
BM_QUICKSORT/256/1/iterations:1/repeats:50                     5.74 us         5.71 us            1 L1-dcache-loads=4.296k items_per_second=44.8493M/s
BM_QUICKSORT/256/1/iterations:1/repeats:50                     5.63 us         5.63 us            1 L1-dcache-loads=4.192k items_per_second=45.503M/s
BM_QUICKSORT/256/1/iterations:1/repeats:50                     5.35 us         5.36 us            1 L1-dcache-loads=4.047k items_per_second=47.7701M/s
BM_QUICKSORT/256/1/iterations:1/repeats:50                     5.56 us         5.55 us            1 L1-dcache-loads=4.431k items_per_second=46.0846M/s
BM_QUICKSORT/256/1/iterations:1/repeats:50                     5.66 us         5.65 us            1 L1-dcache-loads=4.144k items_per_second=45.2857M/s
BM_QUICKSORT/256/1/iterations:1/repeats:50                     5.69 us         5.69 us            1 L1-dcache-loads=3.987k items_per_second=44.9833M/s
BM_QUICKSORT/256/1/iterations:1/repeats:50                     5.59 us         5.59 us            1 L1-dcache-loads=4.393k items_per_second=45.7715M/s
BM_QUICKSORT/256/1/iterations:1/repeats:50                     5.67 us         5.67 us            1 L1-dcache-loads=4.133k items_per_second=45.1579M/s
BM_QUICKSORT/256/1/iterations:1/repeats:50                     5.50 us         5.50 us            1 L1-dcache-loads=4.385k items_per_second=46.5285M/s
BM_QUICKSORT/256/1/iterations:1/repeats:50                     5.50 us         5.50 us            1 L1-dcache-loads=4.376k items_per_second=46.5709M/s
BM_QUICKSORT/256/1/iterations:1/repeats:50                     5.32 us         5.34 us            1 L1-dcache-loads=5.129k items_per_second=47.976M/s
BM_QUICKSORT/256/1/iterations:1/repeats:50                     5.56 us         5.56 us            1 L1-dcache-loads=4.172k items_per_second=46.0349M/s
BM_QUICKSORT/256/1/iterations:1/repeats:50                     5.37 us         5.37 us            1 L1-dcache-loads=3.833k items_per_second=47.6989M/s
BM_QUICKSORT/256/1/iterations:1/repeats:50                     5.40 us         5.40 us            1 L1-dcache-loads=4.225k items_per_second=47.3811M/s
BM_QUICKSORT/256/1/iterations:1/repeats:50                     5.34 us         5.35 us            1 L1-dcache-loads=4.084k items_per_second=47.8058M/s
BM_QUICKSORT/256/1/iterations:1/repeats:50                     5.30 us         5.30 us            1 L1-dcache-loads=4.7k items_per_second=48.2928M/s
BM_QUICKSORT/256/1/iterations:1/repeats:50                     5.35 us         5.35 us            1 L1-dcache-loads=4.357k items_per_second=47.8952M/s
BM_QUICKSORT/256/1/iterations:1/repeats:50                     5.43 us         5.43 us            1 L1-dcache-loads=4.159k items_per_second=47.1542M/s
BM_QUICKSORT/256/1/iterations:1/repeats:50                     5.51 us         5.50 us            1 L1-dcache-loads=4.528k items_per_second=46.5285M/s
BM_QUICKSORT/256/1/iterations:1/repeats:50                     5.41 us         5.40 us            1 L1-dcache-loads=4.468k items_per_second=47.3811M/s
BM_QUICKSORT/256/1/iterations:1/repeats:50                     5.53 us         5.52 us            1 L1-dcache-loads=4.047k items_per_second=46.3432M/s
BM_QUICKSORT/256/1/iterations:1/repeats:50                     5.44 us         5.44 us            1 L1-dcache-loads=3.86k items_per_second=47.0761M/s
BM_QUICKSORT/256/1/iterations:1/repeats:50                     5.53 us         5.53 us            1 L1-dcache-loads=4.186k items_per_second=46.2595M/s
BM_QUICKSORT/256/1/iterations:1/repeats:50                     5.33 us         5.33 us            1 L1-dcache-loads=4.507k items_per_second=48.021M/s
BM_QUICKSORT/256/1/iterations:1/repeats:50                     5.30 us         5.30 us            1 L1-dcache-loads=4.277k items_per_second=48.3201M/s
BM_QUICKSORT/256/1/iterations:1/repeats:50                     5.52 us         5.51 us            1 L1-dcache-loads=3.82k items_per_second=46.4273M/s
BM_QUICKSORT/256/1/iterations:1/repeats:50                     5.26 us         5.26 us            1 L1-dcache-loads=4.49k items_per_second=48.6415M/s
BM_QUICKSORT/256/1/iterations:1/repeats:50                     5.41 us         5.41 us            1 L1-dcache-loads=4.113k items_per_second=47.3548M/s
BM_QUICKSORT/256/1/iterations:1/repeats:50                     5.24 us         5.24 us            1 L1-dcache-loads=4.412k items_per_second=48.855M/s
BM_QUICKSORT/256/1/iterations:1/repeats:50                     5.25 us         5.25 us            1 L1-dcache-loads=4.375k items_per_second=48.7805M/s
BM_QUICKSORT/256/1/iterations:1/repeats:50                     5.40 us         5.40 us            1 L1-dcache-loads=4.631k items_per_second=47.3723M/s
BM_QUICKSORT/256/1/iterations:1/repeats:50                     5.62 us         5.61 us            1 L1-dcache-loads=4.026k items_per_second=45.6003M/s
BM_QUICKSORT/256/1/iterations:1/repeats:50                     5.64 us         5.64 us            1 L1-dcache-loads=3.845k items_per_second=45.382M/s
BM_QUICKSORT/256/1/iterations:1/repeats:50                     5.64 us         5.63 us            1 L1-dcache-loads=3.96k items_per_second=45.4545M/s
BM_QUICKSORT/256/1/iterations:1/repeats:50                     5.35 us         5.36 us            1 L1-dcache-loads=4.134k items_per_second=47.7879M/s
BM_QUICKSORT/256/1/iterations:1/repeats:50                     5.41 us         5.41 us            1 L1-dcache-loads=4.191k items_per_second=47.3023M/s
BM_QUICKSORT/256/1/iterations:1/repeats:50                     5.43 us         5.43 us            1 L1-dcache-loads=4.556k items_per_second=47.1021M/s
BM_QUICKSORT/256/1/iterations:1/repeats:50                     5.46 us         5.46 us            1 L1-dcache-loads=4.136k items_per_second=46.8693M/s
BM_QUICKSORT/256/1/iterations:1/repeats:50                     5.42 us         5.42 us            1 L1-dcache-loads=4.203k items_per_second=47.2325M/s
BM_QUICKSORT/256/1/iterations:1/repeats:50                     5.43 us         5.43 us            1 L1-dcache-loads=4.091k items_per_second=47.1455M/s
BM_QUICKSORT/256/1/iterations:1/repeats:50                     5.28 us         5.27 us            1 L1-dcache-loads=4.056k items_per_second=48.5308M/s
BM_QUICKSORT/256/1/iterations:1/repeats:50                     5.35 us         5.36 us            1 L1-dcache-loads=4.27k items_per_second=47.8058M/s
BM_QUICKSORT/256/1/iterations:1/repeats:50                     5.19 us         5.19 us            1 L1-dcache-loads=4.413k items_per_second=49.3256M/s
BM_QUICKSORT/256/1/iterations:1/repeats:50                     5.32 us         5.32 us            1 L1-dcache-loads=4.011k items_per_second=48.0841M/s
BM_QUICKSORT/256/1/iterations:1/repeats:50                     5.33 us         5.33 us            1 L1-dcache-loads=4.075k items_per_second=48.048M/s
BM_QUICKSORT/256/1/iterations:1/repeats:50                     5.44 us         5.44 us            1 L1-dcache-loads=4.764k items_per_second=47.0935M/s
BM_QUICKSORT/256/1/iterations:1/repeats:50                     5.21 us         5.20 us            1 L1-dcache-loads=4.207k items_per_second=49.1929M/s
BM_QUICKSORT/256/1/iterations:1/repeats:50                     5.33 us         5.33 us            1 L1-dcache-loads=4.367k items_per_second=47.994M/s
BM_QUICKSORT/256/1/iterations:1/repeats:50                     5.38 us         5.38 us            1 L1-dcache-loads=4.85k items_per_second=47.5571M/s
BM_QUICKSORT/256/1/iterations:1/repeats:50                     5.32 us         5.32 us            1 L1-dcache-loads=4.516k items_per_second=48.0932M/s
BM_QUICKSORT/256/1/iterations:1/repeats:50_mean                5.43 us         5.43 us           50 L1-dcache-loads=4.26856k items_per_second=47.1541M/s
BM_QUICKSORT/256/1/iterations:1/repeats:50_median              5.41 us         5.41 us           50 L1-dcache-loads=4.205k items_per_second=47.3285M/s
BM_QUICKSORT/256/1/iterations:1/repeats:50_stddev             0.136 us        0.134 us           50 L1-dcache-loads=269.67 items_per_second=1.15078M/s
BM_QUICKSORT/256/1/iterations:1/repeats:50_cv                  2.50 %          2.46 %            50 L1-dcache-loads=6.32% items_per_second=2.44%
BM_QUICKSORT/512/1/iterations:1/repeats:50                     12.2 us         12.2 us            1 L1-dcache-loads=9k items_per_second=41.8917M/s
BM_QUICKSORT/512/1/iterations:1/repeats:50                     11.8 us         11.8 us            1 L1-dcache-loads=9.45k items_per_second=43.3678M/s
BM_QUICKSORT/512/1/iterations:1/repeats:50                     11.8 us         11.8 us            1 L1-dcache-loads=9.239k items_per_second=43.4524M/s
BM_QUICKSORT/512/1/iterations:1/repeats:50                     11.9 us         11.9 us            1 L1-dcache-loads=8.787k items_per_second=42.9494M/s
BM_QUICKSORT/512/1/iterations:1/repeats:50                     11.9 us         11.9 us            1 L1-dcache-loads=9.333k items_per_second=43.0759M/s
BM_QUICKSORT/512/1/iterations:1/repeats:50                     11.7 us         11.7 us            1 L1-dcache-loads=10.147k items_per_second=43.8769M/s
BM_QUICKSORT/512/1/iterations:1/repeats:50                     11.4 us         11.4 us            1 L1-dcache-loads=10.459k items_per_second=45.0268M/s
BM_QUICKSORT/512/1/iterations:1/repeats:50                     12.1 us         12.1 us            1 L1-dcache-loads=9.808k items_per_second=42.4544M/s
BM_QUICKSORT/512/1/iterations:1/repeats:50                     11.7 us         11.7 us            1 L1-dcache-loads=9.801k items_per_second=43.6302M/s
BM_QUICKSORT/512/1/iterations:1/repeats:50                     12.0 us         12.0 us            1 L1-dcache-loads=9.184k items_per_second=42.624M/s
BM_QUICKSORT/512/1/iterations:1/repeats:50                     11.8 us         11.8 us            1 L1-dcache-loads=9.975k items_per_second=43.4561M/s
BM_QUICKSORT/512/1/iterations:1/repeats:50                     11.5 us         11.5 us            1 L1-dcache-loads=10.341k items_per_second=44.5334M/s
BM_QUICKSORT/512/1/iterations:1/repeats:50                     11.8 us         11.8 us            1 L1-dcache-loads=8.735k items_per_second=43.4672M/s
BM_QUICKSORT/512/1/iterations:1/repeats:50                     11.5 us         11.5 us            1 L1-dcache-loads=10.851k items_per_second=44.5566M/s
BM_QUICKSORT/512/1/iterations:1/repeats:50                     11.4 us         11.4 us            1 L1-dcache-loads=9.779k items_per_second=44.9083M/s
BM_QUICKSORT/512/1/iterations:1/repeats:50                     11.5 us         11.5 us            1 L1-dcache-loads=9.711k items_per_second=44.6148M/s
BM_QUICKSORT/512/1/iterations:1/repeats:50                     11.3 us         11.3 us            1 L1-dcache-loads=10.264k items_per_second=45.4062M/s
BM_QUICKSORT/512/1/iterations:1/repeats:50                     11.8 us         11.8 us            1 L1-dcache-loads=8.958k items_per_second=43.2432M/s
BM_QUICKSORT/512/1/iterations:1/repeats:50                     11.6 us         11.6 us            1 L1-dcache-loads=9.231k items_per_second=44.0203M/s
BM_QUICKSORT/512/1/iterations:1/repeats:50                     11.7 us         11.7 us            1 L1-dcache-loads=10.272k items_per_second=43.7532M/s
BM_QUICKSORT/512/1/iterations:1/repeats:50                     11.9 us         11.9 us            1 L1-dcache-loads=9.851k items_per_second=42.9855M/s
BM_QUICKSORT/512/1/iterations:1/repeats:50                     11.9 us         11.8 us            1 L1-dcache-loads=9.082k items_per_second=43.2104M/s
BM_QUICKSORT/512/1/iterations:1/repeats:50                     11.8 us         11.8 us            1 L1-dcache-loads=10.87k items_per_second=43.3862M/s
BM_QUICKSORT/512/1/iterations:1/repeats:50                     11.7 us         11.7 us            1 L1-dcache-loads=9.019k items_per_second=43.7457M/s
BM_QUICKSORT/512/1/iterations:1/repeats:50                     11.8 us         11.8 us            1 L1-dcache-loads=10.233k items_per_second=43.493M/s
BM_QUICKSORT/512/1/iterations:1/repeats:50                     12.1 us         12.1 us            1 L1-dcache-loads=8.534k items_per_second=42.1503M/s
BM_QUICKSORT/512/1/iterations:1/repeats:50                     12.1 us         12.1 us            1 L1-dcache-loads=9.21k items_per_second=42.4896M/s
BM_QUICKSORT/512/1/iterations:1/repeats:50                     11.6 us         11.6 us            1 L1-dcache-loads=10.093k items_per_second=44.0089M/s
BM_QUICKSORT/512/1/iterations:1/repeats:50                     11.8 us         11.8 us            1 L1-dcache-loads=9.666k items_per_second=43.2981M/s
BM_QUICKSORT/512/1/iterations:1/repeats:50                     11.9 us         11.9 us            1 L1-dcache-loads=10.501k items_per_second=42.8739M/s
BM_QUICKSORT/512/1/iterations:1/repeats:50                     11.6 us         11.6 us            1 L1-dcache-loads=9.425k items_per_second=44.2983M/s
BM_QUICKSORT/512/1/iterations:1/repeats:50                     11.3 us         11.3 us            1 L1-dcache-loads=10.155k items_per_second=45.1938M/s
BM_QUICKSORT/512/1/iterations:1/repeats:50                     12.1 us         12.1 us            1 L1-dcache-loads=9.161k items_per_second=42.4017M/s
BM_QUICKSORT/512/1/iterations:1/repeats:50                     11.3 us         11.3 us            1 L1-dcache-loads=9.678k items_per_second=45.37M/s
BM_QUICKSORT/512/1/iterations:1/repeats:50                     11.7 us         11.7 us            1 L1-dcache-loads=9.722k items_per_second=43.7569M/s
BM_QUICKSORT/512/1/iterations:1/repeats:50                     11.5 us         11.5 us            1 L1-dcache-loads=9.101k items_per_second=44.4637M/s
BM_QUICKSORT/512/1/iterations:1/repeats:50                     11.6 us         11.6 us            1 L1-dcache-loads=9.031k items_per_second=44.2294M/s
BM_QUICKSORT/512/1/iterations:1/repeats:50                     11.5 us         11.5 us            1 L1-dcache-loads=9.482k items_per_second=44.4213M/s
BM_QUICKSORT/512/1/iterations:1/repeats:50                     11.4 us         11.4 us            1 L1-dcache-loads=9.386k items_per_second=44.8493M/s
BM_QUICKSORT/512/1/iterations:1/repeats:50                     11.9 us         11.9 us            1 L1-dcache-loads=9.23k items_per_second=43.0108M/s
BM_QUICKSORT/512/1/iterations:1/repeats:50                     12.3 us         12.3 us            1 L1-dcache-loads=9.789k items_per_second=41.5214M/s
BM_QUICKSORT/512/1/iterations:1/repeats:50                     11.3 us         11.3 us            1 L1-dcache-loads=10.806k items_per_second=45.382M/s
BM_QUICKSORT/512/1/iterations:1/repeats:50                     11.4 us         11.4 us            1 L1-dcache-loads=9.375k items_per_second=45.0784M/s
BM_QUICKSORT/512/1/iterations:1/repeats:50                     11.8 us         11.8 us            1 L1-dcache-loads=9.469k items_per_second=43.5448M/s
BM_QUICKSORT/512/1/iterations:1/repeats:50                     11.6 us         11.6 us            1 L1-dcache-loads=9.794k items_per_second=44.157M/s
BM_QUICKSORT/512/1/iterations:1/repeats:50                     11.2 us         11.2 us            1 L1-dcache-loads=9.449k items_per_second=45.792M/s
BM_QUICKSORT/512/1/iterations:1/repeats:50                     11.0 us         11.0 us            1 L1-dcache-loads=9.802k items_per_second=46.4146M/s
BM_QUICKSORT/512/1/iterations:1/repeats:50                     11.6 us         11.6 us            1 L1-dcache-loads=9.774k items_per_second=44.2371M/s
BM_QUICKSORT/512/1/iterations:1/repeats:50                     11.4 us         11.4 us            1 L1-dcache-loads=9.4k items_per_second=44.8376M/s
BM_QUICKSORT/512/1/iterations:1/repeats:50                     11.6 us         11.6 us            1 L1-dcache-loads=9.959k items_per_second=44.2333M/s
BM_QUICKSORT/512/1/iterations:1/repeats:50_mean                11.7 us         11.7 us           50 L1-dcache-loads=9.64744k items_per_second=43.8629M/s
BM_QUICKSORT/512/1/iterations:1/repeats:50_median              11.7 us         11.7 us           50 L1-dcache-loads=9.672k items_per_second=43.7551M/s
BM_QUICKSORT/512/1/iterations:1/repeats:50_stddev             0.280 us        0.279 us           50 L1-dcache-loads=555.578 items_per_second=1.04886M/s
BM_QUICKSORT/512/1/iterations:1/repeats:50_cv                  2.40 %          2.39 %            50 L1-dcache-loads=5.76% items_per_second=2.39%
BM_QUICKSORT/1024/1/iterations:1/repeats:50                    28.0 us         28.0 us            1 L1-dcache-loads=21.444k items_per_second=36.5976M/s
BM_QUICKSORT/1024/1/iterations:1/repeats:50                    27.5 us         27.5 us            1 L1-dcache-loads=21.506k items_per_second=37.258M/s
BM_QUICKSORT/1024/1/iterations:1/repeats:50                    26.3 us         26.3 us            1 L1-dcache-loads=20.491k items_per_second=39.008M/s
BM_QUICKSORT/1024/1/iterations:1/repeats:50                    25.1 us         25.1 us            1 L1-dcache-loads=21.864k items_per_second=40.8391M/s
BM_QUICKSORT/1024/1/iterations:1/repeats:50                    25.4 us         25.4 us            1 L1-dcache-loads=20.612k items_per_second=40.2547M/s
BM_QUICKSORT/1024/1/iterations:1/repeats:50                    25.1 us         25.1 us            1 L1-dcache-loads=21.033k items_per_second=40.818M/s
BM_QUICKSORT/1024/1/iterations:1/repeats:50                    25.4 us         25.4 us            1 L1-dcache-loads=23.68k items_per_second=40.307M/s
BM_QUICKSORT/1024/1/iterations:1/repeats:50                    24.8 us         24.8 us            1 L1-dcache-loads=19.734k items_per_second=41.2937M/s
BM_QUICKSORT/1024/1/iterations:1/repeats:50                    25.4 us         25.4 us            1 L1-dcache-loads=20.316k items_per_second=40.3436M/s
BM_QUICKSORT/1024/1/iterations:1/repeats:50                    25.8 us         25.8 us            1 L1-dcache-loads=19.84k items_per_second=39.7223M/s
BM_QUICKSORT/1024/1/iterations:1/repeats:50                    25.1 us         25.1 us            1 L1-dcache-loads=20.087k items_per_second=40.7595M/s
BM_QUICKSORT/1024/1/iterations:1/repeats:50                    25.5 us         25.5 us            1 L1-dcache-loads=21.127k items_per_second=40.1805M/s
BM_QUICKSORT/1024/1/iterations:1/repeats:50                    26.1 us         26.0 us            1 L1-dcache-loads=19.076k items_per_second=39.3105M/s
BM_QUICKSORT/1024/1/iterations:1/repeats:50                    24.8 us         24.8 us            1 L1-dcache-loads=20.293k items_per_second=41.297M/s
BM_QUICKSORT/1024/1/iterations:1/repeats:50                    25.3 us         25.3 us            1 L1-dcache-loads=20.985k items_per_second=40.4056M/s
BM_QUICKSORT/1024/1/iterations:1/repeats:50                    25.9 us         25.9 us            1 L1-dcache-loads=20.207k items_per_second=39.5688M/s
BM_QUICKSORT/1024/1/iterations:1/repeats:50                    25.4 us         25.3 us            1 L1-dcache-loads=21.371k items_per_second=40.3993M/s
BM_QUICKSORT/1024/1/iterations:1/repeats:50                    25.9 us         25.8 us            1 L1-dcache-loads=19.843k items_per_second=39.6193M/s
BM_QUICKSORT/1024/1/iterations:1/repeats:50                    26.2 us         26.2 us            1 L1-dcache-loads=20.973k items_per_second=39.0527M/s
BM_QUICKSORT/1024/1/iterations:1/repeats:50                    25.5 us         25.5 us            1 L1-dcache-loads=21.582k items_per_second=40.1034M/s
BM_QUICKSORT/1024/1/iterations:1/repeats:50                    25.3 us         25.3 us            1 L1-dcache-loads=20.599k items_per_second=40.4296M/s
BM_QUICKSORT/1024/1/iterations:1/repeats:50                    26.2 us         26.2 us            1 L1-dcache-loads=20.169k items_per_second=39.0974M/s
BM_QUICKSORT/1024/1/iterations:1/repeats:50                    25.5 us         25.5 us            1 L1-dcache-loads=22.31k items_per_second=40.19M/s
BM_QUICKSORT/1024/1/iterations:1/repeats:50                    26.3 us         26.3 us            1 L1-dcache-loads=21.214k items_per_second=38.8984M/s
BM_QUICKSORT/1024/1/iterations:1/repeats:50                    25.9 us         25.9 us            1 L1-dcache-loads=20.513k items_per_second=39.4803M/s
BM_QUICKSORT/1024/1/iterations:1/repeats:50                    25.5 us         25.5 us            1 L1-dcache-loads=19.709k items_per_second=40.1458M/s
BM_QUICKSORT/1024/1/iterations:1/repeats:50                    24.9 us         24.9 us            1 L1-dcache-loads=22.251k items_per_second=41.1295M/s
BM_QUICKSORT/1024/1/iterations:1/repeats:50                    25.4 us         25.4 us            1 L1-dcache-loads=21.863k items_per_second=40.3674M/s
BM_QUICKSORT/1024/1/iterations:1/repeats:50                    25.5 us         25.5 us            1 L1-dcache-loads=21.367k items_per_second=40.231M/s
BM_QUICKSORT/1024/1/iterations:1/repeats:50                    25.2 us         25.2 us            1 L1-dcache-loads=20.819k items_per_second=40.6236M/s
BM_QUICKSORT/1024/1/iterations:1/repeats:50                    25.9 us         25.9 us            1 L1-dcache-loads=20.798k items_per_second=39.5016M/s
BM_QUICKSORT/1024/1/iterations:1/repeats:50                    25.2 us         25.2 us            1 L1-dcache-loads=22.339k items_per_second=40.5818M/s
BM_QUICKSORT/1024/1/iterations:1/repeats:50                    26.1 us         26.1 us            1 L1-dcache-loads=20.646k items_per_second=39.2849M/s
BM_QUICKSORT/1024/1/iterations:1/repeats:50                    25.9 us         25.9 us            1 L1-dcache-loads=20.799k items_per_second=39.5168M/s
BM_QUICKSORT/1024/1/iterations:1/repeats:50                    25.5 us         25.5 us            1 L1-dcache-loads=21.955k items_per_second=40.2263M/s
BM_QUICKSORT/1024/1/iterations:1/repeats:50                    25.5 us         25.5 us            1 L1-dcache-loads=20.809k items_per_second=40.2152M/s
BM_QUICKSORT/1024/1/iterations:1/repeats:50                    25.1 us         25.1 us            1 L1-dcache-loads=21.079k items_per_second=40.7432M/s
BM_QUICKSORT/1024/1/iterations:1/repeats:50                    24.8 us         24.8 us            1 L1-dcache-loads=22.975k items_per_second=41.3253M/s
BM_QUICKSORT/1024/1/iterations:1/repeats:50                    25.0 us         25.0 us            1 L1-dcache-loads=20.676k items_per_second=40.8897M/s
BM_QUICKSORT/1024/1/iterations:1/repeats:50                    24.2 us         24.2 us            1 L1-dcache-loads=22.635k items_per_second=42.2948M/s
BM_QUICKSORT/1024/1/iterations:1/repeats:50                    24.6 us         24.6 us            1 L1-dcache-loads=21.376k items_per_second=41.6734M/s
BM_QUICKSORT/1024/1/iterations:1/repeats:50                    26.5 us         26.5 us            1 L1-dcache-loads=21.386k items_per_second=38.6576M/s
BM_QUICKSORT/1024/1/iterations:1/repeats:50                    25.6 us         25.6 us            1 L1-dcache-loads=19.873k items_per_second=39.9735M/s
BM_QUICKSORT/1024/1/iterations:1/repeats:50                    25.3 us         25.3 us            1 L1-dcache-loads=21.596k items_per_second=40.412M/s
BM_QUICKSORT/1024/1/iterations:1/repeats:50                    25.2 us         25.3 us            1 L1-dcache-loads=20.811k items_per_second=40.5368M/s
BM_QUICKSORT/1024/1/iterations:1/repeats:50                    25.6 us         25.6 us            1 L1-dcache-loads=20.37k items_per_second=39.961M/s
BM_QUICKSORT/1024/1/iterations:1/repeats:50                    24.8 us         24.7 us            1 L1-dcache-loads=21.341k items_per_second=41.3737M/s
BM_QUICKSORT/1024/1/iterations:1/repeats:50                    24.9 us         24.9 us            1 L1-dcache-loads=21.197k items_per_second=41.1559M/s
BM_QUICKSORT/1024/1/iterations:1/repeats:50                    24.8 us         24.8 us            1 L1-dcache-loads=21.103k items_per_second=41.2887M/s
BM_QUICKSORT/1024/1/iterations:1/repeats:50                    25.7 us         25.7 us            1 L1-dcache-loads=22.894k items_per_second=39.8645M/s
BM_QUICKSORT/1024/1/iterations:1/repeats:50_mean               25.5 us         25.5 us           50 L1-dcache-loads=21.0707k items_per_second=40.1442M/s
BM_QUICKSORT/1024/1/iterations:1/repeats:50_median             25.4 us         25.4 us           50 L1-dcache-loads=21.009k items_per_second=40.2429M/s
BM_QUICKSORT/1024/1/iterations:1/repeats:50_stddev            0.671 us        0.668 us           50 L1-dcache-loads=927.842 items_per_second=1.01945M/s
BM_QUICKSORT/1024/1/iterations:1/repeats:50_cv                 2.63 %          2.62 %            50 L1-dcache-loads=4.40% items_per_second=2.54%
BM_QUICKSORT/2048/1/iterations:1/repeats:50                    58.9 us         58.9 us            1 L1-dcache-loads=49.699k items_per_second=34.7619M/s
BM_QUICKSORT/2048/1/iterations:1/repeats:50                    55.2 us         55.2 us            1 L1-dcache-loads=46.177k items_per_second=37.088M/s
BM_QUICKSORT/2048/1/iterations:1/repeats:50                    55.1 us         55.1 us            1 L1-dcache-loads=44.901k items_per_second=37.1971M/s
BM_QUICKSORT/2048/1/iterations:1/repeats:50                    55.5 us         55.5 us            1 L1-dcache-loads=45.319k items_per_second=36.8923M/s
BM_QUICKSORT/2048/1/iterations:1/repeats:50                    55.9 us         55.9 us            1 L1-dcache-loads=49.378k items_per_second=36.6355M/s
BM_QUICKSORT/2048/1/iterations:1/repeats:50                    56.1 us         56.1 us            1 L1-dcache-loads=47.256k items_per_second=36.4828M/s
BM_QUICKSORT/2048/1/iterations:1/repeats:50                    55.2 us         55.2 us            1 L1-dcache-loads=48.185k items_per_second=37.0699M/s
BM_QUICKSORT/2048/1/iterations:1/repeats:50                    56.1 us         56.1 us            1 L1-dcache-loads=44.321k items_per_second=36.5108M/s
BM_QUICKSORT/2048/1/iterations:1/repeats:50                    55.3 us         55.3 us            1 L1-dcache-loads=45.93k items_per_second=37.029M/s
BM_QUICKSORT/2048/1/iterations:1/repeats:50                    55.5 us         55.5 us            1 L1-dcache-loads=46.207k items_per_second=36.8843M/s
BM_QUICKSORT/2048/1/iterations:1/repeats:50                    55.5 us         55.5 us            1 L1-dcache-loads=45.407k items_per_second=36.9109M/s
BM_QUICKSORT/2048/1/iterations:1/repeats:50                    54.4 us         54.5 us            1 L1-dcache-loads=45.372k items_per_second=37.6063M/s
BM_QUICKSORT/2048/1/iterations:1/repeats:50                    53.3 us         53.3 us            1 L1-dcache-loads=45.396k items_per_second=38.4211M/s
BM_QUICKSORT/2048/1/iterations:1/repeats:50                    54.3 us         54.3 us            1 L1-dcache-loads=45.843k items_per_second=37.6928M/s
BM_QUICKSORT/2048/1/iterations:1/repeats:50                    54.7 us         54.7 us            1 L1-dcache-loads=45.007k items_per_second=37.4742M/s
BM_QUICKSORT/2048/1/iterations:1/repeats:50                    54.2 us         54.2 us            1 L1-dcache-loads=46.18k items_per_second=37.763M/s
BM_QUICKSORT/2048/1/iterations:1/repeats:50                    52.7 us         52.7 us            1 L1-dcache-loads=47.285k items_per_second=38.8689M/s
BM_QUICKSORT/2048/1/iterations:1/repeats:50                    54.2 us         54.2 us            1 L1-dcache-loads=45.156k items_per_second=37.7755M/s
BM_QUICKSORT/2048/1/iterations:1/repeats:50                    56.4 us         56.4 us            1 L1-dcache-loads=44.378k items_per_second=36.3076M/s
BM_QUICKSORT/2048/1/iterations:1/repeats:50                    54.8 us         54.8 us            1 L1-dcache-loads=46.557k items_per_second=37.3818M/s
BM_QUICKSORT/2048/1/iterations:1/repeats:50                    53.4 us         53.3 us            1 L1-dcache-loads=54.041k items_per_second=38.3923M/s
BM_QUICKSORT/2048/1/iterations:1/repeats:50                    54.8 us         54.8 us            1 L1-dcache-loads=47.471k items_per_second=37.3798M/s
BM_QUICKSORT/2048/1/iterations:1/repeats:50                    52.9 us         52.9 us            1 L1-dcache-loads=51.757k items_per_second=38.7329M/s
BM_QUICKSORT/2048/1/iterations:1/repeats:50                    53.6 us         53.6 us            1 L1-dcache-loads=47.591k items_per_second=38.2097M/s
BM_QUICKSORT/2048/1/iterations:1/repeats:50                    53.7 us         53.7 us            1 L1-dcache-loads=48.051k items_per_second=38.1726M/s
BM_QUICKSORT/2048/1/iterations:1/repeats:50                    54.4 us         54.4 us            1 L1-dcache-loads=46.159k items_per_second=37.6595M/s
BM_QUICKSORT/2048/1/iterations:1/repeats:50                    55.2 us         55.2 us            1 L1-dcache-loads=45.676k items_per_second=37.0961M/s
BM_QUICKSORT/2048/1/iterations:1/repeats:50                    54.3 us         54.3 us            1 L1-dcache-loads=48.245k items_per_second=37.7296M/s
BM_QUICKSORT/2048/1/iterations:1/repeats:50                    55.7 us         55.8 us            1 L1-dcache-loads=44.298k items_per_second=36.7334M/s
BM_QUICKSORT/2048/1/iterations:1/repeats:50                    54.4 us         54.4 us            1 L1-dcache-loads=46.023k items_per_second=37.6491M/s
BM_QUICKSORT/2048/1/iterations:1/repeats:50                    55.2 us         55.2 us            1 L1-dcache-loads=44.428k items_per_second=37.0907M/s
BM_QUICKSORT/2048/1/iterations:1/repeats:50                    55.1 us         55.1 us            1 L1-dcache-loads=42.947k items_per_second=37.1782M/s
BM_QUICKSORT/2048/1/iterations:1/repeats:50                    53.0 us         53.0 us            1 L1-dcache-loads=49.135k items_per_second=38.6167M/s
BM_QUICKSORT/2048/1/iterations:1/repeats:50                    56.2 us         56.2 us            1 L1-dcache-loads=45.126k items_per_second=36.4296M/s
BM_QUICKSORT/2048/1/iterations:1/repeats:50                    54.7 us         54.7 us            1 L1-dcache-loads=48.368k items_per_second=37.4153M/s
BM_QUICKSORT/2048/1/iterations:1/repeats:50                    54.2 us         54.2 us            1 L1-dcache-loads=51.116k items_per_second=37.7553M/s
BM_QUICKSORT/2048/1/iterations:1/repeats:50                    55.9 us         55.9 us            1 L1-dcache-loads=44.667k items_per_second=36.6362M/s
BM_QUICKSORT/2048/1/iterations:1/repeats:50                    54.2 us         54.3 us            1 L1-dcache-loads=47.018k items_per_second=37.7484M/s
BM_QUICKSORT/2048/1/iterations:1/repeats:50                    55.1 us         55.1 us            1 L1-dcache-loads=44.753k items_per_second=37.1715M/s
BM_QUICKSORT/2048/1/iterations:1/repeats:50                    54.2 us         54.2 us            1 L1-dcache-loads=45.295k items_per_second=37.7665M/s
BM_QUICKSORT/2048/1/iterations:1/repeats:50                    54.8 us         54.8 us            1 L1-dcache-loads=44.978k items_per_second=37.3654M/s
BM_QUICKSORT/2048/1/iterations:1/repeats:50                    55.4 us         55.4 us            1 L1-dcache-loads=46.643k items_per_second=36.9742M/s
BM_QUICKSORT/2048/1/iterations:1/repeats:50                    55.3 us         55.3 us            1 L1-dcache-loads=49.732k items_per_second=37.025M/s
BM_QUICKSORT/2048/1/iterations:1/repeats:50                    57.5 us         57.6 us            1 L1-dcache-loads=44.398k items_per_second=35.5858M/s
BM_QUICKSORT/2048/1/iterations:1/repeats:50                    56.6 us         56.6 us            1 L1-dcache-loads=44.023k items_per_second=36.1991M/s
BM_QUICKSORT/2048/1/iterations:1/repeats:50                    57.4 us         57.4 us            1 L1-dcache-loads=43.517k items_per_second=35.6807M/s
BM_QUICKSORT/2048/1/iterations:1/repeats:50                    55.3 us         55.3 us            1 L1-dcache-loads=45.366k items_per_second=37.0437M/s
BM_QUICKSORT/2048/1/iterations:1/repeats:50                    56.8 us         56.8 us            1 L1-dcache-loads=45.225k items_per_second=36.0671M/s
BM_QUICKSORT/2048/1/iterations:1/repeats:50                    55.4 us         55.4 us            1 L1-dcache-loads=45.186k items_per_second=36.9682M/s
BM_QUICKSORT/2048/1/iterations:1/repeats:50                    56.4 us         56.4 us            1 L1-dcache-loads=45.388k items_per_second=36.3378M/s
BM_QUICKSORT/2048/1/iterations:1/repeats:50_mean               55.1 us         55.1 us           50 L1-dcache-loads=46.4115k items_per_second=37.1913M/s
BM_QUICKSORT/2048/1/iterations:1/repeats:50_median             55.1 us         55.2 us           50 L1-dcache-loads=45.7595k items_per_second=37.1338M/s
BM_QUICKSORT/2048/1/iterations:1/repeats:50_stddev             1.22 us         1.22 us           50 L1-dcache-loads=2.20793k items_per_second=815.043k/s
BM_QUICKSORT/2048/1/iterations:1/repeats:50_cv                 2.21 %          2.21 %            50 L1-dcache-loads=4.76% items_per_second=2.19%
BM_QUICKSORT/4096/1/iterations:1/repeats:50                     119 us          119 us            1 L1-dcache-loads=98.258k items_per_second=34.4054M/s
BM_QUICKSORT/4096/1/iterations:1/repeats:50                     120 us          120 us            1 L1-dcache-loads=97.564k items_per_second=34.1612M/s
BM_QUICKSORT/4096/1/iterations:1/repeats:50                     119 us          119 us            1 L1-dcache-loads=96.089k items_per_second=34.2799M/s
BM_QUICKSORT/4096/1/iterations:1/repeats:50                     120 us          120 us            1 L1-dcache-loads=99.586k items_per_second=34.1319M/s
BM_QUICKSORT/4096/1/iterations:1/repeats:50                     119 us          119 us            1 L1-dcache-loads=102.057k items_per_second=34.4372M/s
BM_QUICKSORT/4096/1/iterations:1/repeats:50                     119 us          119 us            1 L1-dcache-loads=102.383k items_per_second=34.3991M/s
BM_QUICKSORT/4096/1/iterations:1/repeats:50                     116 us          116 us            1 L1-dcache-loads=106.043k items_per_second=35.3429M/s
BM_QUICKSORT/4096/1/iterations:1/repeats:50                     121 us          121 us            1 L1-dcache-loads=94.33k items_per_second=33.8955M/s
BM_QUICKSORT/4096/1/iterations:1/repeats:50                     119 us          119 us            1 L1-dcache-loads=94.865k items_per_second=34.3287M/s
BM_QUICKSORT/4096/1/iterations:1/repeats:50                     122 us          122 us            1 L1-dcache-loads=99.887k items_per_second=33.5972M/s
BM_QUICKSORT/4096/1/iterations:1/repeats:50                     118 us          118 us            1 L1-dcache-loads=98.922k items_per_second=34.774M/s
BM_QUICKSORT/4096/1/iterations:1/repeats:50                     118 us          118 us            1 L1-dcache-loads=96.577k items_per_second=34.7608M/s
BM_QUICKSORT/4096/1/iterations:1/repeats:50                     114 us          114 us            1 L1-dcache-loads=108.487k items_per_second=35.8286M/s
BM_QUICKSORT/4096/1/iterations:1/repeats:50                     118 us          118 us            1 L1-dcache-loads=100.176k items_per_second=34.7522M/s
BM_QUICKSORT/4096/1/iterations:1/repeats:50                     119 us          119 us            1 L1-dcache-loads=104.599k items_per_second=34.4332M/s
BM_QUICKSORT/4096/1/iterations:1/repeats:50                     123 us          123 us            1 L1-dcache-loads=95.658k items_per_second=33.2203M/s
BM_QUICKSORT/4096/1/iterations:1/repeats:50                     118 us          118 us            1 L1-dcache-loads=102.446k items_per_second=34.8332M/s
BM_QUICKSORT/4096/1/iterations:1/repeats:50                     118 us          118 us            1 L1-dcache-loads=96.281k items_per_second=34.6566M/s
BM_QUICKSORT/4096/1/iterations:1/repeats:50                     116 us          116 us            1 L1-dcache-loads=107.479k items_per_second=35.2726M/s
BM_QUICKSORT/4096/1/iterations:1/repeats:50                     122 us          122 us            1 L1-dcache-loads=97.895k items_per_second=33.4567M/s
BM_QUICKSORT/4096/1/iterations:1/repeats:50                     121 us          121 us            1 L1-dcache-loads=105.746k items_per_second=33.9137M/s
BM_QUICKSORT/4096/1/iterations:1/repeats:50                     119 us          119 us            1 L1-dcache-loads=103.568k items_per_second=34.3667M/s
BM_QUICKSORT/4096/1/iterations:1/repeats:50                     118 us          118 us            1 L1-dcache-loads=99.89k items_per_second=34.7519M/s
BM_QUICKSORT/4096/1/iterations:1/repeats:50                     122 us          122 us            1 L1-dcache-loads=94.757k items_per_second=33.4996M/s
BM_QUICKSORT/4096/1/iterations:1/repeats:50                     117 us          117 us            1 L1-dcache-loads=105.48k items_per_second=34.9957M/s
BM_QUICKSORT/4096/1/iterations:1/repeats:50                     122 us          122 us            1 L1-dcache-loads=98.639k items_per_second=33.6212M/s
BM_QUICKSORT/4096/1/iterations:1/repeats:50                     121 us          121 us            1 L1-dcache-loads=99.017k items_per_second=33.7411M/s
BM_QUICKSORT/4096/1/iterations:1/repeats:50                     118 us          118 us            1 L1-dcache-loads=102.476k items_per_second=34.749M/s
BM_QUICKSORT/4096/1/iterations:1/repeats:50                     122 us          122 us            1 L1-dcache-loads=95.931k items_per_second=33.692M/s
BM_QUICKSORT/4096/1/iterations:1/repeats:50                     118 us          118 us            1 L1-dcache-loads=96.567k items_per_second=34.6016M/s
BM_QUICKSORT/4096/1/iterations:1/repeats:50                     119 us          119 us            1 L1-dcache-loads=99.161k items_per_second=34.4932M/s
BM_QUICKSORT/4096/1/iterations:1/repeats:50                     119 us          119 us            1 L1-dcache-loads=98.348k items_per_second=34.5371M/s
BM_QUICKSORT/4096/1/iterations:1/repeats:50                     119 us          119 us            1 L1-dcache-loads=98.531k items_per_second=34.4659M/s
BM_QUICKSORT/4096/1/iterations:1/repeats:50                     120 us          120 us            1 L1-dcache-loads=98.318k items_per_second=34.1889M/s
BM_QUICKSORT/4096/1/iterations:1/repeats:50                     116 us          116 us            1 L1-dcache-loads=102.897k items_per_second=35.2432M/s
BM_QUICKSORT/4096/1/iterations:1/repeats:50                     118 us          118 us            1 L1-dcache-loads=96.836k items_per_second=34.7142M/s
BM_QUICKSORT/4096/1/iterations:1/repeats:50                     116 us          116 us            1 L1-dcache-loads=106.142k items_per_second=35.2596M/s
BM_QUICKSORT/4096/1/iterations:1/repeats:50                     121 us          121 us            1 L1-dcache-loads=106.293k items_per_second=33.7814M/s
BM_QUICKSORT/4096/1/iterations:1/repeats:50                     121 us          121 us            1 L1-dcache-loads=109.692k items_per_second=33.9784M/s
BM_QUICKSORT/4096/1/iterations:1/repeats:50                     119 us          119 us            1 L1-dcache-loads=106.131k items_per_second=34.5138M/s
BM_QUICKSORT/4096/1/iterations:1/repeats:50                     118 us          118 us            1 L1-dcache-loads=99.628k items_per_second=34.8507M/s
BM_QUICKSORT/4096/1/iterations:1/repeats:50                     117 us          117 us            1 L1-dcache-loads=104.566k items_per_second=34.8605M/s
BM_QUICKSORT/4096/1/iterations:1/repeats:50                     123 us          123 us            1 L1-dcache-loads=96.735k items_per_second=33.4305M/s
BM_QUICKSORT/4096/1/iterations:1/repeats:50                     119 us          119 us            1 L1-dcache-loads=98.472k items_per_second=34.5587M/s
BM_QUICKSORT/4096/1/iterations:1/repeats:50                     117 us          117 us            1 L1-dcache-loads=102.889k items_per_second=35.0658M/s
BM_QUICKSORT/4096/1/iterations:1/repeats:50                     116 us          116 us            1 L1-dcache-loads=106.231k items_per_second=35.2708M/s
BM_QUICKSORT/4096/1/iterations:1/repeats:50                     117 us          117 us            1 L1-dcache-loads=104.975k items_per_second=34.9157M/s
BM_QUICKSORT/4096/1/iterations:1/repeats:50                     117 us          117 us            1 L1-dcache-loads=98.15k items_per_second=34.9739M/s
BM_QUICKSORT/4096/1/iterations:1/repeats:50                     120 us          120 us            1 L1-dcache-loads=94.902k items_per_second=34.2155M/s
BM_QUICKSORT/4096/1/iterations:1/repeats:50                     117 us          117 us            1 L1-dcache-loads=96.928k items_per_second=34.8991M/s
BM_QUICKSORT/4096/1/iterations:1/repeats:50_mean                119 us          119 us           50 L1-dcache-loads=100.55k items_per_second=34.4623M/s
BM_QUICKSORT/4096/1/iterations:1/repeats:50_median              119 us          119 us           50 L1-dcache-loads=99.3735k items_per_second=34.5035M/s
BM_QUICKSORT/4096/1/iterations:1/repeats:50_stddev             2.00 us         2.00 us           50 L1-dcache-loads=4.14141k items_per_second=577.935k/s
BM_QUICKSORT/4096/1/iterations:1/repeats:50_cv                 1.68 %          1.68 %            50 L1-dcache-loads=4.12% items_per_second=1.68%
BM_QUICKSORT/8192/1/iterations:1/repeats:50                     259 us          259 us            1 L1-dcache-loads=215.793k items_per_second=31.6483M/s
BM_QUICKSORT/8192/1/iterations:1/repeats:50                     256 us          256 us            1 L1-dcache-loads=212.707k items_per_second=31.9941M/s
BM_QUICKSORT/8192/1/iterations:1/repeats:50                     261 us          261 us            1 L1-dcache-loads=212.544k items_per_second=31.3297M/s
BM_QUICKSORT/8192/1/iterations:1/repeats:50                     256 us          256 us            1 L1-dcache-loads=221.67k items_per_second=31.96M/s
BM_QUICKSORT/8192/1/iterations:1/repeats:50                     249 us          249 us            1 L1-dcache-loads=225.025k items_per_second=32.9384M/s
BM_QUICKSORT/8192/1/iterations:1/repeats:50                     257 us          257 us            1 L1-dcache-loads=210.959k items_per_second=31.8641M/s
BM_QUICKSORT/8192/1/iterations:1/repeats:50                     257 us          257 us            1 L1-dcache-loads=213.945k items_per_second=31.9372M/s
BM_QUICKSORT/8192/1/iterations:1/repeats:50                     250 us          250 us            1 L1-dcache-loads=233.151k items_per_second=32.7049M/s
BM_QUICKSORT/8192/1/iterations:1/repeats:50                     258 us          258 us            1 L1-dcache-loads=213.58k items_per_second=31.7657M/s
BM_QUICKSORT/8192/1/iterations:1/repeats:50                     256 us          256 us            1 L1-dcache-loads=237.528k items_per_second=31.9804M/s
BM_QUICKSORT/8192/1/iterations:1/repeats:50                     262 us          262 us            1 L1-dcache-loads=214.71k items_per_second=31.2886M/s
BM_QUICKSORT/8192/1/iterations:1/repeats:50                     260 us          260 us            1 L1-dcache-loads=212.825k items_per_second=31.4927M/s
BM_QUICKSORT/8192/1/iterations:1/repeats:50                     257 us          257 us            1 L1-dcache-loads=214.97k items_per_second=31.8471M/s
BM_QUICKSORT/8192/1/iterations:1/repeats:50                     254 us          254 us            1 L1-dcache-loads=226.76k items_per_second=32.2602M/s
BM_QUICKSORT/8192/1/iterations:1/repeats:50                     263 us          263 us            1 L1-dcache-loads=220.412k items_per_second=31.1642M/s
BM_QUICKSORT/8192/1/iterations:1/repeats:50                     268 us          268 us            1 L1-dcache-loads=242.994k items_per_second=30.6066M/s
BM_QUICKSORT/8192/1/iterations:1/repeats:50                     255 us          255 us            1 L1-dcache-loads=238.692k items_per_second=32.072M/s
BM_QUICKSORT/8192/1/iterations:1/repeats:50                     259 us          259 us            1 L1-dcache-loads=222.042k items_per_second=31.6449M/s
BM_QUICKSORT/8192/1/iterations:1/repeats:50                     257 us          257 us            1 L1-dcache-loads=242.073k items_per_second=31.8878M/s
BM_QUICKSORT/8192/1/iterations:1/repeats:50                     253 us          253 us            1 L1-dcache-loads=227.474k items_per_second=32.397M/s
BM_QUICKSORT/8192/1/iterations:1/repeats:50                     256 us          256 us            1 L1-dcache-loads=221.148k items_per_second=32.0343M/s
BM_QUICKSORT/8192/1/iterations:1/repeats:50                     254 us          254 us            1 L1-dcache-loads=220.65k items_per_second=32.2568M/s
BM_QUICKSORT/8192/1/iterations:1/repeats:50                     258 us          258 us            1 L1-dcache-loads=220.523k items_per_second=31.7054M/s
BM_QUICKSORT/8192/1/iterations:1/repeats:50                     259 us          259 us            1 L1-dcache-loads=218.919k items_per_second=31.6681M/s
BM_QUICKSORT/8192/1/iterations:1/repeats:50                     275 us          275 us            1 L1-dcache-loads=223.19k items_per_second=29.7674M/s
BM_QUICKSORT/8192/1/iterations:1/repeats:50                     258 us          258 us            1 L1-dcache-loads=218.219k items_per_second=31.7654M/s
BM_QUICKSORT/8192/1/iterations:1/repeats:50                     260 us          260 us            1 L1-dcache-loads=206.217k items_per_second=31.5396M/s
BM_QUICKSORT/8192/1/iterations:1/repeats:50                     261 us          261 us            1 L1-dcache-loads=213.902k items_per_second=31.4051M/s
BM_QUICKSORT/8192/1/iterations:1/repeats:50                     255 us          255 us            1 L1-dcache-loads=219.28k items_per_second=32.1798M/s
BM_QUICKSORT/8192/1/iterations:1/repeats:50                     260 us          260 us            1 L1-dcache-loads=212.706k items_per_second=31.4978M/s
BM_QUICKSORT/8192/1/iterations:1/repeats:50                     267 us          267 us            1 L1-dcache-loads=202.873k items_per_second=30.7345M/s
BM_QUICKSORT/8192/1/iterations:1/repeats:50                     257 us          257 us            1 L1-dcache-loads=218.91k items_per_second=31.898M/s
BM_QUICKSORT/8192/1/iterations:1/repeats:50                     256 us          256 us            1 L1-dcache-loads=220.427k items_per_second=31.9806M/s
BM_QUICKSORT/8192/1/iterations:1/repeats:50                     260 us          260 us            1 L1-dcache-loads=213.305k items_per_second=31.5441M/s
BM_QUICKSORT/8192/1/iterations:1/repeats:50                     260 us          260 us            1 L1-dcache-loads=213.602k items_per_second=31.4877M/s
BM_QUICKSORT/8192/1/iterations:1/repeats:50                     257 us          257 us            1 L1-dcache-loads=216.657k items_per_second=31.8836M/s
BM_QUICKSORT/8192/1/iterations:1/repeats:50                     255 us          255 us            1 L1-dcache-loads=218.205k items_per_second=32.0781M/s
BM_QUICKSORT/8192/1/iterations:1/repeats:50                     250 us          250 us            1 L1-dcache-loads=231.796k items_per_second=32.7621M/s
BM_QUICKSORT/8192/1/iterations:1/repeats:50                     257 us          257 us            1 L1-dcache-loads=215.428k items_per_second=31.8934M/s
BM_QUICKSORT/8192/1/iterations:1/repeats:50                     264 us          264 us            1 L1-dcache-loads=213.806k items_per_second=31.0436M/s
BM_QUICKSORT/8192/1/iterations:1/repeats:50                     249 us          249 us            1 L1-dcache-loads=236.021k items_per_second=32.9178M/s
BM_QUICKSORT/8192/1/iterations:1/repeats:50                     264 us          264 us            1 L1-dcache-loads=205.224k items_per_second=31.0252M/s
BM_QUICKSORT/8192/1/iterations:1/repeats:50                     267 us          267 us            1 L1-dcache-loads=207.448k items_per_second=30.6827M/s
BM_QUICKSORT/8192/1/iterations:1/repeats:50                     278 us          278 us            1 L1-dcache-loads=234.323k items_per_second=29.4575M/s
BM_QUICKSORT/8192/1/iterations:1/repeats:50                     258 us          258 us            1 L1-dcache-loads=234.406k items_per_second=31.7398M/s
BM_QUICKSORT/8192/1/iterations:1/repeats:50                     252 us          252 us            1 L1-dcache-loads=225.17k items_per_second=32.4493M/s
BM_QUICKSORT/8192/1/iterations:1/repeats:50                     254 us          254 us            1 L1-dcache-loads=231.698k items_per_second=32.2478M/s
BM_QUICKSORT/8192/1/iterations:1/repeats:50                     250 us          250 us            1 L1-dcache-loads=231.111k items_per_second=32.7521M/s
BM_QUICKSORT/8192/1/iterations:1/repeats:50                     253 us          253 us            1 L1-dcache-loads=213.826k items_per_second=32.361M/s
BM_QUICKSORT/8192/1/iterations:1/repeats:50                     254 us          254 us            1 L1-dcache-loads=215.995k items_per_second=32.2473M/s
BM_QUICKSORT/8192/1/iterations:1/repeats:50_mean                258 us          258 us           50 L1-dcache-loads=220.697k items_per_second=31.7558M/s
BM_QUICKSORT/8192/1/iterations:1/repeats:50_median              257 us          257 us           50 L1-dcache-loads=218.915k items_per_second=31.8738M/s
BM_QUICKSORT/8192/1/iterations:1/repeats:50_stddev             5.80 us         5.80 us           50 L1-dcache-loads=9.71338k items_per_second=695.29k/s
BM_QUICKSORT/8192/1/iterations:1/repeats:50_cv                 2.25 %          2.25 %            50 L1-dcache-loads=4.40% items_per_second=2.19%
BM_QUICKSORT/16384/1/iterations:1/repeats:50                    558 us          558 us            1 L1-dcache-loads=487.406k items_per_second=29.3859M/s
BM_QUICKSORT/16384/1/iterations:1/repeats:50                    561 us          561 us            1 L1-dcache-loads=462.544k items_per_second=29.2019M/s
BM_QUICKSORT/16384/1/iterations:1/repeats:50                    551 us          551 us            1 L1-dcache-loads=471.842k items_per_second=29.7472M/s
BM_QUICKSORT/16384/1/iterations:1/repeats:50                    562 us          562 us            1 L1-dcache-loads=471.23k items_per_second=29.1476M/s
BM_QUICKSORT/16384/1/iterations:1/repeats:50                    552 us          552 us            1 L1-dcache-loads=455.731k items_per_second=29.6819M/s
BM_QUICKSORT/16384/1/iterations:1/repeats:50                    557 us          557 us            1 L1-dcache-loads=468.948k items_per_second=29.4281M/s
BM_QUICKSORT/16384/1/iterations:1/repeats:50                    545 us          545 us            1 L1-dcache-loads=504.009k items_per_second=30.0751M/s
BM_QUICKSORT/16384/1/iterations:1/repeats:50                    547 us          547 us            1 L1-dcache-loads=469.67k items_per_second=29.9441M/s
BM_QUICKSORT/16384/1/iterations:1/repeats:50                    547 us          547 us            1 L1-dcache-loads=499.682k items_per_second=29.9396M/s
BM_QUICKSORT/16384/1/iterations:1/repeats:50                    551 us          551 us            1 L1-dcache-loads=471.726k items_per_second=29.7365M/s
BM_QUICKSORT/16384/1/iterations:1/repeats:50                    555 us          555 us            1 L1-dcache-loads=482.962k items_per_second=29.5315M/s
BM_QUICKSORT/16384/1/iterations:1/repeats:50                    539 us          539 us            1 L1-dcache-loads=489.568k items_per_second=30.3811M/s
BM_QUICKSORT/16384/1/iterations:1/repeats:50                    577 us          577 us            1 L1-dcache-loads=491.117k items_per_second=28.4003M/s
BM_QUICKSORT/16384/1/iterations:1/repeats:50                    559 us          559 us            1 L1-dcache-loads=467.487k items_per_second=29.3265M/s
BM_QUICKSORT/16384/1/iterations:1/repeats:50                    564 us          564 us            1 L1-dcache-loads=450.718k items_per_second=29.0552M/s
BM_QUICKSORT/16384/1/iterations:1/repeats:50                    547 us          547 us            1 L1-dcache-loads=500.631k items_per_second=29.9655M/s
BM_QUICKSORT/16384/1/iterations:1/repeats:50                    558 us          558 us            1 L1-dcache-loads=468.496k items_per_second=29.3438M/s
BM_QUICKSORT/16384/1/iterations:1/repeats:50                    555 us          555 us            1 L1-dcache-loads=479.56k items_per_second=29.5261M/s
BM_QUICKSORT/16384/1/iterations:1/repeats:50                    551 us          551 us            1 L1-dcache-loads=503.83k items_per_second=29.7138M/s
BM_QUICKSORT/16384/1/iterations:1/repeats:50                    541 us          541 us            1 L1-dcache-loads=481.262k items_per_second=30.3023M/s
BM_QUICKSORT/16384/1/iterations:1/repeats:50                    553 us          548 us            1 L1-dcache-loads=457.985k items_per_second=29.8856M/s
BM_QUICKSORT/16384/1/iterations:1/repeats:50                    544 us          544 us            1 L1-dcache-loads=486.658k items_per_second=30.133M/s
BM_QUICKSORT/16384/1/iterations:1/repeats:50                    541 us          541 us            1 L1-dcache-loads=480.6k items_per_second=30.26M/s
BM_QUICKSORT/16384/1/iterations:1/repeats:50                    559 us          559 us            1 L1-dcache-loads=474.788k items_per_second=29.3122M/s
BM_QUICKSORT/16384/1/iterations:1/repeats:50                    570 us          570 us            1 L1-dcache-loads=454.533k items_per_second=28.7387M/s
BM_QUICKSORT/16384/1/iterations:1/repeats:50                    550 us          550 us            1 L1-dcache-loads=468.547k items_per_second=29.7925M/s
BM_QUICKSORT/16384/1/iterations:1/repeats:50                    547 us          547 us            1 L1-dcache-loads=472.975k items_per_second=29.9452M/s
BM_QUICKSORT/16384/1/iterations:1/repeats:50                    563 us          563 us            1 L1-dcache-loads=446.042k items_per_second=29.0956M/s
BM_QUICKSORT/16384/1/iterations:1/repeats:50                    549 us          549 us            1 L1-dcache-loads=477.061k items_per_second=29.8553M/s
BM_QUICKSORT/16384/1/iterations:1/repeats:50                    541 us          541 us            1 L1-dcache-loads=514.895k items_per_second=30.2987M/s
BM_QUICKSORT/16384/1/iterations:1/repeats:50                    551 us          551 us            1 L1-dcache-loads=497.103k items_per_second=29.7409M/s
BM_QUICKSORT/16384/1/iterations:1/repeats:50                    554 us          554 us            1 L1-dcache-loads=478.665k items_per_second=29.5884M/s
BM_QUICKSORT/16384/1/iterations:1/repeats:50                    550 us          550 us            1 L1-dcache-loads=462.382k items_per_second=29.7813M/s
BM_QUICKSORT/16384/1/iterations:1/repeats:50                    542 us          542 us            1 L1-dcache-loads=475.325k items_per_second=30.2442M/s
BM_QUICKSORT/16384/1/iterations:1/repeats:50                    563 us          563 us            1 L1-dcache-loads=485.513k items_per_second=29.0845M/s
BM_QUICKSORT/16384/1/iterations:1/repeats:50                    553 us          553 us            1 L1-dcache-loads=489.603k items_per_second=29.638M/s
BM_QUICKSORT/16384/1/iterations:1/repeats:50                    557 us          557 us            1 L1-dcache-loads=455.008k items_per_second=29.4056M/s
BM_QUICKSORT/16384/1/iterations:1/repeats:50                    566 us          566 us            1 L1-dcache-loads=473.832k items_per_second=28.9442M/s
BM_QUICKSORT/16384/1/iterations:1/repeats:50                    554 us          554 us            1 L1-dcache-loads=513.287k items_per_second=29.5662M/s
BM_QUICKSORT/16384/1/iterations:1/repeats:50                    553 us          553 us            1 L1-dcache-loads=467.053k items_per_second=29.6472M/s
BM_QUICKSORT/16384/1/iterations:1/repeats:50                    563 us          563 us            1 L1-dcache-loads=456.529k items_per_second=29.1173M/s
BM_QUICKSORT/16384/1/iterations:1/repeats:50                    566 us          566 us            1 L1-dcache-loads=458.892k items_per_second=28.9356M/s
BM_QUICKSORT/16384/1/iterations:1/repeats:50                    557 us          557 us            1 L1-dcache-loads=457.721k items_per_second=29.4164M/s
BM_QUICKSORT/16384/1/iterations:1/repeats:50                    555 us          555 us            1 L1-dcache-loads=487.349k items_per_second=29.5436M/s
BM_QUICKSORT/16384/1/iterations:1/repeats:50                    551 us          551 us            1 L1-dcache-loads=460.179k items_per_second=29.7288M/s
BM_QUICKSORT/16384/1/iterations:1/repeats:50                    554 us          554 us            1 L1-dcache-loads=496.432k items_per_second=29.5629M/s
BM_QUICKSORT/16384/1/iterations:1/repeats:50                    556 us          556 us            1 L1-dcache-loads=475.173k items_per_second=29.4755M/s
BM_QUICKSORT/16384/1/iterations:1/repeats:50                    549 us          549 us            1 L1-dcache-loads=482.118k items_per_second=29.8601M/s
BM_QUICKSORT/16384/1/iterations:1/repeats:50                    550 us          550 us            1 L1-dcache-loads=471.125k items_per_second=29.7623M/s
BM_QUICKSORT/16384/1/iterations:1/repeats:50                    561 us          561 us            1 L1-dcache-loads=450.988k items_per_second=29.2159M/s
BM_QUICKSORT/16384/1/iterations:1/repeats:50_mean               554 us          554 us           50 L1-dcache-loads=476.136k items_per_second=29.5882M/s
BM_QUICKSORT/16384/1/iterations:1/repeats:50_median             553 us          553 us           50 L1-dcache-loads=474.31k items_per_second=29.6132M/s
BM_QUICKSORT/16384/1/iterations:1/repeats:50_stddev            7.96 us         8.00 us           50 L1-dcache-loads=16.6491k items_per_second=425.161k/s
BM_QUICKSORT/16384/1/iterations:1/repeats:50_cv                1.44 %          1.44 %            50 L1-dcache-loads=3.50% items_per_second=1.44%
BM_QUICKSORT/32768/1/iterations:1/repeats:50                   1175 us         1175 us            1 L1-dcache-loads=998.23k items_per_second=27.892M/s
BM_QUICKSORT/32768/1/iterations:1/repeats:50                   1214 us         1214 us            1 L1-dcache-loads=985.445k items_per_second=26.9846M/s
BM_QUICKSORT/32768/1/iterations:1/repeats:50                   1152 us         1152 us            1 L1-dcache-loads=1.06302M items_per_second=28.4532M/s
BM_QUICKSORT/32768/1/iterations:1/repeats:50                   1192 us         1192 us            1 L1-dcache-loads=1.05167M items_per_second=27.4855M/s
BM_QUICKSORT/32768/1/iterations:1/repeats:50                   1210 us         1210 us            1 L1-dcache-loads=966.548k items_per_second=27.0761M/s
BM_QUICKSORT/32768/1/iterations:1/repeats:50                   1182 us         1182 us            1 L1-dcache-loads=973.686k items_per_second=27.7266M/s
BM_QUICKSORT/32768/1/iterations:1/repeats:50                   1181 us         1181 us            1 L1-dcache-loads=1.06537M items_per_second=27.7524M/s
BM_QUICKSORT/32768/1/iterations:1/repeats:50                   1193 us         1193 us            1 L1-dcache-loads=1.05692M items_per_second=27.4723M/s
BM_QUICKSORT/32768/1/iterations:1/repeats:50                   1200 us         1200 us            1 L1-dcache-loads=995.558k items_per_second=27.3115M/s
BM_QUICKSORT/32768/1/iterations:1/repeats:50                   1201 us         1201 us            1 L1-dcache-loads=980.631k items_per_second=27.2889M/s
BM_QUICKSORT/32768/1/iterations:1/repeats:50                   1174 us         1174 us            1 L1-dcache-loads=1.01872M items_per_second=27.9084M/s
BM_QUICKSORT/32768/1/iterations:1/repeats:50                   1185 us         1185 us            1 L1-dcache-loads=991.886k items_per_second=27.6563M/s
BM_QUICKSORT/32768/1/iterations:1/repeats:50                   1175 us         1175 us            1 L1-dcache-loads=983.997k items_per_second=27.8926M/s
BM_QUICKSORT/32768/1/iterations:1/repeats:50                   1178 us         1178 us            1 L1-dcache-loads=1.02627M items_per_second=27.8188M/s
BM_QUICKSORT/32768/1/iterations:1/repeats:50                   1188 us         1188 us            1 L1-dcache-loads=1.03673M items_per_second=27.5731M/s
BM_QUICKSORT/32768/1/iterations:1/repeats:50                   1175 us         1175 us            1 L1-dcache-loads=1.01463M items_per_second=27.8862M/s
BM_QUICKSORT/32768/1/iterations:1/repeats:50                   1182 us         1182 us            1 L1-dcache-loads=978.463k items_per_second=27.7262M/s
BM_QUICKSORT/32768/1/iterations:1/repeats:50                   1154 us         1154 us            1 L1-dcache-loads=1.04285M items_per_second=28.3857M/s
BM_QUICKSORT/32768/1/iterations:1/repeats:50                   1185 us         1185 us            1 L1-dcache-loads=1.00882M items_per_second=27.65M/s
BM_QUICKSORT/32768/1/iterations:1/repeats:50                   1183 us         1183 us            1 L1-dcache-loads=1.03845M items_per_second=27.6918M/s
BM_QUICKSORT/32768/1/iterations:1/repeats:50                   1228 us         1228 us            1 L1-dcache-loads=1.0456M items_per_second=26.6907M/s
BM_QUICKSORT/32768/1/iterations:1/repeats:50                   1210 us         1210 us            1 L1-dcache-loads=976.162k items_per_second=27.086M/s
BM_QUICKSORT/32768/1/iterations:1/repeats:50                   1226 us         1226 us            1 L1-dcache-loads=1.03664M items_per_second=26.7318M/s
BM_QUICKSORT/32768/1/iterations:1/repeats:50                   1224 us         1224 us            1 L1-dcache-loads=983.202k items_per_second=26.7816M/s
BM_QUICKSORT/32768/1/iterations:1/repeats:50                   1163 us         1163 us            1 L1-dcache-loads=1.00308M items_per_second=28.1734M/s
BM_QUICKSORT/32768/1/iterations:1/repeats:50                   1179 us         1179 us            1 L1-dcache-loads=1.06115M items_per_second=27.7873M/s
BM_QUICKSORT/32768/1/iterations:1/repeats:50                   1171 us         1171 us            1 L1-dcache-loads=1.01634M items_per_second=27.9712M/s
BM_QUICKSORT/32768/1/iterations:1/repeats:50                   1166 us         1166 us            1 L1-dcache-loads=1.03003M items_per_second=28.1065M/s
BM_QUICKSORT/32768/1/iterations:1/repeats:50                   1183 us         1183 us            1 L1-dcache-loads=1.02853M items_per_second=27.6971M/s
BM_QUICKSORT/32768/1/iterations:1/repeats:50                   1179 us         1179 us            1 L1-dcache-loads=980.331k items_per_second=27.7999M/s
BM_QUICKSORT/32768/1/iterations:1/repeats:50                   1194 us         1194 us            1 L1-dcache-loads=1.03258M items_per_second=27.4435M/s
BM_QUICKSORT/32768/1/iterations:1/repeats:50                   1191 us         1191 us            1 L1-dcache-loads=1.03783M items_per_second=27.5043M/s
BM_QUICKSORT/32768/1/iterations:1/repeats:50                   1166 us         1166 us            1 L1-dcache-loads=1.02145M items_per_second=28.0946M/s
BM_QUICKSORT/32768/1/iterations:1/repeats:50                   1183 us         1183 us            1 L1-dcache-loads=1.01638M items_per_second=27.6892M/s
BM_QUICKSORT/32768/1/iterations:1/repeats:50                   1169 us         1169 us            1 L1-dcache-loads=1.01063M items_per_second=28.0378M/s
BM_QUICKSORT/32768/1/iterations:1/repeats:50                   1177 us         1177 us            1 L1-dcache-loads=0.999964M items_per_second=27.8292M/s
BM_QUICKSORT/32768/1/iterations:1/repeats:50                   1162 us         1162 us            1 L1-dcache-loads=1.03607M items_per_second=28.2012M/s
BM_QUICKSORT/32768/1/iterations:1/repeats:50                   1189 us         1189 us            1 L1-dcache-loads=971.405k items_per_second=27.5485M/s
BM_QUICKSORT/32768/1/iterations:1/repeats:50                   1196 us         1196 us            1 L1-dcache-loads=986.987k items_per_second=27.3926M/s
BM_QUICKSORT/32768/1/iterations:1/repeats:50                   1189 us         1189 us            1 L1-dcache-loads=1.0167M items_per_second=27.5637M/s
BM_QUICKSORT/32768/1/iterations:1/repeats:50                   1191 us         1191 us            1 L1-dcache-loads=1.03396M items_per_second=27.5214M/s
BM_QUICKSORT/32768/1/iterations:1/repeats:50                   1187 us         1187 us            1 L1-dcache-loads=998.82k items_per_second=27.6033M/s
BM_QUICKSORT/32768/1/iterations:1/repeats:50                   1185 us         1185 us            1 L1-dcache-loads=965.758k items_per_second=27.6521M/s
BM_QUICKSORT/32768/1/iterations:1/repeats:50                   1208 us         1208 us            1 L1-dcache-loads=1.04722M items_per_second=27.1188M/s
BM_QUICKSORT/32768/1/iterations:1/repeats:50                   1192 us         1192 us            1 L1-dcache-loads=971.021k items_per_second=27.4846M/s
BM_QUICKSORT/32768/1/iterations:1/repeats:50                   1187 us         1187 us            1 L1-dcache-loads=974.268k items_per_second=27.6115M/s
BM_QUICKSORT/32768/1/iterations:1/repeats:50                   1194 us         1194 us            1 L1-dcache-loads=980.544k items_per_second=27.4524M/s
BM_QUICKSORT/32768/1/iterations:1/repeats:50                   1214 us         1214 us            1 L1-dcache-loads=958.742k items_per_second=26.9881M/s
BM_QUICKSORT/32768/1/iterations:1/repeats:50                   1200 us         1200 us            1 L1-dcache-loads=977.586k items_per_second=27.2981M/s
BM_QUICKSORT/32768/1/iterations:1/repeats:50                   1176 us         1176 us            1 L1-dcache-loads=1.02802M items_per_second=27.8552M/s
BM_QUICKSORT/32768/1/iterations:1/repeats:50_mean              1187 us         1187 us           50 L1-dcache-loads=1.0101M items_per_second=27.607M/s
BM_QUICKSORT/32768/1/iterations:1/repeats:50_median            1185 us         1185 us           50 L1-dcache-loads=1.01263M items_per_second=27.651M/s
BM_QUICKSORT/32768/1/iterations:1/repeats:50_stddev            17.2 us         17.2 us           50 L1-dcache-loads=29.9585k items_per_second=397.401k/s
BM_QUICKSORT/32768/1/iterations:1/repeats:50_cv                1.45 %          1.45 %            50 L1-dcache-loads=2.97% items_per_second=1.44%
BM_SELECTION_SORT/4/1/iterations:1/repeats:50                 0.583 us        0.562 us            1 L1-dcache-loads=177 items_per_second=7.11744M/s
BM_SELECTION_SORT/4/1/iterations:1/repeats:50                 0.411 us        0.419 us            1 L1-dcache-loads=177 items_per_second=9.54654M/s
BM_SELECTION_SORT/4/1/iterations:1/repeats:50                 0.443 us        0.439 us            1 L1-dcache-loads=177 items_per_second=9.11162M/s
BM_SELECTION_SORT/4/1/iterations:1/repeats:50                 0.420 us        0.417 us            1 L1-dcache-loads=177 items_per_second=9.59233M/s
BM_SELECTION_SORT/4/1/iterations:1/repeats:50                 0.448 us        0.446 us            1 L1-dcache-loads=177 items_per_second=8.96861M/s
BM_SELECTION_SORT/4/1/iterations:1/repeats:50                 0.415 us        0.416 us            1 L1-dcache-loads=177 items_per_second=9.61538M/s
BM_SELECTION_SORT/4/1/iterations:1/repeats:50                 0.398 us        0.395 us            1 L1-dcache-loads=177 items_per_second=10.1266M/s
BM_SELECTION_SORT/4/1/iterations:1/repeats:50                 0.416 us        0.430 us            1 L1-dcache-loads=177 items_per_second=9.30233M/s
BM_SELECTION_SORT/4/1/iterations:1/repeats:50                 0.412 us        0.410 us            1 L1-dcache-loads=177 items_per_second=9.7561M/s
BM_SELECTION_SORT/4/1/iterations:1/repeats:50                 0.417 us        0.413 us            1 L1-dcache-loads=177 items_per_second=9.68523M/s
BM_SELECTION_SORT/4/1/iterations:1/repeats:50                 0.411 us        0.413 us            1 L1-dcache-loads=177 items_per_second=9.68523M/s
BM_SELECTION_SORT/4/1/iterations:1/repeats:50                 0.405 us        0.404 us            1 L1-dcache-loads=177 items_per_second=9.90099M/s
BM_SELECTION_SORT/4/1/iterations:1/repeats:50                 0.370 us        0.369 us            1 L1-dcache-loads=177 items_per_second=10.8401M/s
BM_SELECTION_SORT/4/1/iterations:1/repeats:50                 0.389 us        0.397 us            1 L1-dcache-loads=177 items_per_second=10.0756M/s
BM_SELECTION_SORT/4/1/iterations:1/repeats:50                 0.376 us        0.382 us            1 L1-dcache-loads=177 items_per_second=10.4712M/s
BM_SELECTION_SORT/4/1/iterations:1/repeats:50                 0.388 us        0.388 us            1 L1-dcache-loads=177 items_per_second=10.3093M/s
BM_SELECTION_SORT/4/1/iterations:1/repeats:50                 0.372 us        0.374 us            1 L1-dcache-loads=177 items_per_second=10.6952M/s
BM_SELECTION_SORT/4/1/iterations:1/repeats:50                 0.388 us        0.389 us            1 L1-dcache-loads=177 items_per_second=10.2828M/s
BM_SELECTION_SORT/4/1/iterations:1/repeats:50                 0.406 us        0.405 us            1 L1-dcache-loads=177 items_per_second=9.87654M/s
BM_SELECTION_SORT/4/1/iterations:1/repeats:50                 0.400 us        0.399 us            1 L1-dcache-loads=177 items_per_second=10.0251M/s
BM_SELECTION_SORT/4/1/iterations:1/repeats:50                 0.417 us        0.403 us            1 L1-dcache-loads=177 items_per_second=9.92556M/s
BM_SELECTION_SORT/4/1/iterations:1/repeats:50                 0.399 us        0.391 us            1 L1-dcache-loads=177 items_per_second=10.2302M/s
BM_SELECTION_SORT/4/1/iterations:1/repeats:50                 0.399 us        0.390 us            1 L1-dcache-loads=177 items_per_second=10.2564M/s
BM_SELECTION_SORT/4/1/iterations:1/repeats:50                 0.383 us        0.392 us            1 L1-dcache-loads=177 items_per_second=10.2041M/s
BM_SELECTION_SORT/4/1/iterations:1/repeats:50                 0.398 us        0.397 us            1 L1-dcache-loads=177 items_per_second=10.0756M/s
BM_SELECTION_SORT/4/1/iterations:1/repeats:50                 0.412 us        0.408 us            1 L1-dcache-loads=177 items_per_second=9.80392M/s
BM_SELECTION_SORT/4/1/iterations:1/repeats:50                 0.399 us        0.398 us            1 L1-dcache-loads=177 items_per_second=10.0503M/s
BM_SELECTION_SORT/4/1/iterations:1/repeats:50                 0.394 us        0.390 us            1 L1-dcache-loads=177 items_per_second=10.2564M/s
BM_SELECTION_SORT/4/1/iterations:1/repeats:50                 0.389 us        0.387 us            1 L1-dcache-loads=177 items_per_second=10.3359M/s
BM_SELECTION_SORT/4/1/iterations:1/repeats:50                 0.370 us        0.370 us            1 L1-dcache-loads=177 items_per_second=10.8108M/s
BM_SELECTION_SORT/4/1/iterations:1/repeats:50                 0.414 us        0.414 us            1 L1-dcache-loads=177 items_per_second=9.66184M/s
BM_SELECTION_SORT/4/1/iterations:1/repeats:50                 0.392 us        0.393 us            1 L1-dcache-loads=177 items_per_second=10.1781M/s
BM_SELECTION_SORT/4/1/iterations:1/repeats:50                 0.378 us        0.377 us            1 L1-dcache-loads=177 items_per_second=10.6101M/s
BM_SELECTION_SORT/4/1/iterations:1/repeats:50                 0.422 us        0.425 us            1 L1-dcache-loads=177 items_per_second=9.41176M/s
BM_SELECTION_SORT/4/1/iterations:1/repeats:50                 0.399 us        0.401 us            1 L1-dcache-loads=177 items_per_second=9.97506M/s
BM_SELECTION_SORT/4/1/iterations:1/repeats:50                 0.378 us        0.376 us            1 L1-dcache-loads=177 items_per_second=10.6383M/s
BM_SELECTION_SORT/4/1/iterations:1/repeats:50                 0.374 us        0.374 us            1 L1-dcache-loads=177 items_per_second=10.6952M/s
BM_SELECTION_SORT/4/1/iterations:1/repeats:50                 0.380 us        0.398 us            1 L1-dcache-loads=177 items_per_second=10.0503M/s
BM_SELECTION_SORT/4/1/iterations:1/repeats:50                 0.376 us        0.374 us            1 L1-dcache-loads=177 items_per_second=10.6952M/s
BM_SELECTION_SORT/4/1/iterations:1/repeats:50                 0.375 us        0.373 us            1 L1-dcache-loads=177 items_per_second=10.7239M/s
BM_SELECTION_SORT/4/1/iterations:1/repeats:50                 0.370 us        0.371 us            1 L1-dcache-loads=177 items_per_second=10.7817M/s
BM_SELECTION_SORT/4/1/iterations:1/repeats:50                 0.367 us        0.367 us            1 L1-dcache-loads=177 items_per_second=10.8992M/s
BM_SELECTION_SORT/4/1/iterations:1/repeats:50                 0.384 us        0.385 us            1 L1-dcache-loads=177 items_per_second=10.3896M/s
BM_SELECTION_SORT/4/1/iterations:1/repeats:50                 0.368 us        0.368 us            1 L1-dcache-loads=177 items_per_second=10.8696M/s
BM_SELECTION_SORT/4/1/iterations:1/repeats:50                 0.384 us        0.382 us            1 L1-dcache-loads=177 items_per_second=10.4712M/s
BM_SELECTION_SORT/4/1/iterations:1/repeats:50                 0.375 us        0.373 us            1 L1-dcache-loads=177 items_per_second=10.7239M/s
BM_SELECTION_SORT/4/1/iterations:1/repeats:50                 0.375 us        0.374 us            1 L1-dcache-loads=177 items_per_second=10.6952M/s
BM_SELECTION_SORT/4/1/iterations:1/repeats:50                 0.370 us        0.368 us            1 L1-dcache-loads=177 items_per_second=10.8696M/s
BM_SELECTION_SORT/4/1/iterations:1/repeats:50                 0.382 us        0.382 us            1 L1-dcache-loads=177 items_per_second=10.4712M/s
BM_SELECTION_SORT/4/1/iterations:1/repeats:50                 0.383 us        0.403 us            1 L1-dcache-loads=177 items_per_second=9.92556M/s
BM_SELECTION_SORT/4/1/iterations:1/repeats:50_mean            0.397 us        0.397 us           50 L1-dcache-loads=177 items_per_second=10.1134M/s
BM_SELECTION_SORT/4/1/iterations:1/repeats:50_median          0.391 us        0.393 us           50 L1-dcache-loads=177 items_per_second=10.1911M/s
BM_SELECTION_SORT/4/1/iterations:1/repeats:50_stddev          0.033 us        0.031 us           50 L1-dcache-loads=0 items_per_second=651.091k/s
BM_SELECTION_SORT/4/1/iterations:1/repeats:50_cv               8.33 %          7.70 %            50 L1-dcache-loads=0.00% items_per_second=6.44%
BM_SELECTION_SORT/8/1/iterations:1/repeats:50                 0.621 us        0.611 us            1 L1-dcache-loads=279 items_per_second=13.0933M/s
BM_SELECTION_SORT/8/1/iterations:1/repeats:50                 0.474 us        0.469 us            1 L1-dcache-loads=279 items_per_second=17.0576M/s
BM_SELECTION_SORT/8/1/iterations:1/repeats:50                 0.476 us        0.473 us            1 L1-dcache-loads=279 items_per_second=16.9133M/s
BM_SELECTION_SORT/8/1/iterations:1/repeats:50                 0.494 us        0.500 us            1 L1-dcache-loads=279 items_per_second=16M/s
BM_SELECTION_SORT/8/1/iterations:1/repeats:50                 0.497 us        0.495 us            1 L1-dcache-loads=279 items_per_second=16.1616M/s
BM_SELECTION_SORT/8/1/iterations:1/repeats:50                 0.503 us        0.500 us            1 L1-dcache-loads=279 items_per_second=16M/s
BM_SELECTION_SORT/8/1/iterations:1/repeats:50                 0.466 us        0.466 us            1 L1-dcache-loads=279 items_per_second=17.1674M/s
BM_SELECTION_SORT/8/1/iterations:1/repeats:50                 0.534 us        0.531 us            1 L1-dcache-loads=279 items_per_second=15.0659M/s
BM_SELECTION_SORT/8/1/iterations:1/repeats:50                 0.462 us        0.461 us            1 L1-dcache-loads=279 items_per_second=17.3536M/s
BM_SELECTION_SORT/8/1/iterations:1/repeats:50                 0.453 us        0.467 us            1 L1-dcache-loads=279 items_per_second=17.1306M/s
BM_SELECTION_SORT/8/1/iterations:1/repeats:50                 0.447 us        0.448 us            1 L1-dcache-loads=279 items_per_second=17.8571M/s
BM_SELECTION_SORT/8/1/iterations:1/repeats:50                 0.408 us        0.406 us            1 L1-dcache-loads=279 items_per_second=19.7044M/s
BM_SELECTION_SORT/8/1/iterations:1/repeats:50                 0.436 us        0.445 us            1 L1-dcache-loads=279 items_per_second=17.9775M/s
BM_SELECTION_SORT/8/1/iterations:1/repeats:50                 0.447 us        0.447 us            1 L1-dcache-loads=279 items_per_second=17.8971M/s
BM_SELECTION_SORT/8/1/iterations:1/repeats:50                 0.448 us        0.446 us            1 L1-dcache-loads=279 items_per_second=17.9372M/s
BM_SELECTION_SORT/8/1/iterations:1/repeats:50                 0.442 us        0.439 us            1 L1-dcache-loads=279 items_per_second=18.2232M/s
BM_SELECTION_SORT/8/1/iterations:1/repeats:50                 0.463 us        0.462 us            1 L1-dcache-loads=279 items_per_second=17.316M/s
BM_SELECTION_SORT/8/1/iterations:1/repeats:50                 0.454 us        0.450 us            1 L1-dcache-loads=279 items_per_second=17.7778M/s
BM_SELECTION_SORT/8/1/iterations:1/repeats:50                 0.463 us        0.462 us            1 L1-dcache-loads=279 items_per_second=17.316M/s
BM_SELECTION_SORT/8/1/iterations:1/repeats:50                 0.468 us        0.489 us            1 L1-dcache-loads=279 items_per_second=16.3599M/s
BM_SELECTION_SORT/8/1/iterations:1/repeats:50                 0.455 us        0.454 us            1 L1-dcache-loads=279 items_per_second=17.6211M/s
BM_SELECTION_SORT/8/1/iterations:1/repeats:50                 0.455 us        0.452 us            1 L1-dcache-loads=279 items_per_second=17.6991M/s
BM_SELECTION_SORT/8/1/iterations:1/repeats:50                 0.466 us        0.464 us            1 L1-dcache-loads=279 items_per_second=17.2414M/s
BM_SELECTION_SORT/8/1/iterations:1/repeats:50                 0.462 us        0.461 us            1 L1-dcache-loads=279 items_per_second=17.3536M/s
BM_SELECTION_SORT/8/1/iterations:1/repeats:50                 0.465 us        0.465 us            1 L1-dcache-loads=279 items_per_second=17.2043M/s
BM_SELECTION_SORT/8/1/iterations:1/repeats:50                 0.444 us        0.464 us            1 L1-dcache-loads=279 items_per_second=17.2414M/s
BM_SELECTION_SORT/8/1/iterations:1/repeats:50                 0.472 us        0.482 us            1 L1-dcache-loads=279 items_per_second=16.5975M/s
BM_SELECTION_SORT/8/1/iterations:1/repeats:50                 0.450 us        0.449 us            1 L1-dcache-loads=279 items_per_second=17.8174M/s
BM_SELECTION_SORT/8/1/iterations:1/repeats:50                 0.466 us        0.465 us            1 L1-dcache-loads=279 items_per_second=17.2043M/s
BM_SELECTION_SORT/8/1/iterations:1/repeats:50                 0.410 us        0.410 us            1 L1-dcache-loads=279 items_per_second=19.5122M/s
BM_SELECTION_SORT/8/1/iterations:1/repeats:50                 0.458 us        0.458 us            1 L1-dcache-loads=279 items_per_second=17.4672M/s
BM_SELECTION_SORT/8/1/iterations:1/repeats:50                 0.419 us        0.416 us            1 L1-dcache-loads=279 items_per_second=19.2308M/s
BM_SELECTION_SORT/8/1/iterations:1/repeats:50                 0.444 us        0.442 us            1 L1-dcache-loads=279 items_per_second=18.0995M/s
BM_SELECTION_SORT/8/1/iterations:1/repeats:50                 0.484 us        0.473 us            1 L1-dcache-loads=279 items_per_second=16.9133M/s
BM_SELECTION_SORT/8/1/iterations:1/repeats:50                 0.435 us        0.435 us            1 L1-dcache-loads=279 items_per_second=18.3908M/s
BM_SELECTION_SORT/8/1/iterations:1/repeats:50                 0.446 us        0.445 us            1 L1-dcache-loads=279 items_per_second=17.9775M/s
BM_SELECTION_SORT/8/1/iterations:1/repeats:50                 0.444 us        0.442 us            1 L1-dcache-loads=279 items_per_second=18.0995M/s
BM_SELECTION_SORT/8/1/iterations:1/repeats:50                 0.446 us        0.453 us            1 L1-dcache-loads=279 items_per_second=17.66M/s
BM_SELECTION_SORT/8/1/iterations:1/repeats:50                 0.468 us        0.466 us            1 L1-dcache-loads=279 items_per_second=17.1674M/s
BM_SELECTION_SORT/8/1/iterations:1/repeats:50                 0.454 us        0.453 us            1 L1-dcache-loads=279 items_per_second=17.66M/s
BM_SELECTION_SORT/8/1/iterations:1/repeats:50                 0.412 us        0.412 us            1 L1-dcache-loads=279 items_per_second=19.4175M/s
BM_SELECTION_SORT/8/1/iterations:1/repeats:50                 0.441 us        0.439 us            1 L1-dcache-loads=279 items_per_second=18.2232M/s
BM_SELECTION_SORT/8/1/iterations:1/repeats:50                 0.454 us        0.454 us            1 L1-dcache-loads=279 items_per_second=17.6211M/s
BM_SELECTION_SORT/8/1/iterations:1/repeats:50                 0.448 us        0.448 us            1 L1-dcache-loads=279 items_per_second=17.8571M/s
BM_SELECTION_SORT/8/1/iterations:1/repeats:50                 0.443 us        0.459 us            1 L1-dcache-loads=279 items_per_second=17.4292M/s
BM_SELECTION_SORT/8/1/iterations:1/repeats:50                 0.430 us        0.428 us            1 L1-dcache-loads=279 items_per_second=18.6916M/s
BM_SELECTION_SORT/8/1/iterations:1/repeats:50                 0.481 us        0.481 us            1 L1-dcache-loads=279 items_per_second=16.632M/s
BM_SELECTION_SORT/8/1/iterations:1/repeats:50                 0.432 us        0.431 us            1 L1-dcache-loads=279 items_per_second=18.5615M/s
BM_SELECTION_SORT/8/1/iterations:1/repeats:50                 0.431 us        0.431 us            1 L1-dcache-loads=279 items_per_second=18.5615M/s
BM_SELECTION_SORT/8/1/iterations:1/repeats:50                 0.469 us        0.467 us            1 L1-dcache-loads=279 items_per_second=17.1306M/s
BM_SELECTION_SORT/8/1/iterations:1/repeats:50_mean            0.459 us        0.459 us           50 L1-dcache-loads=279 items_per_second=17.4919M/s
BM_SELECTION_SORT/8/1/iterations:1/repeats:50_median          0.454 us        0.456 us           50 L1-dcache-loads=279 items_per_second=17.5442M/s
BM_SELECTION_SORT/8/1/iterations:1/repeats:50_stddev          0.033 us        0.032 us           50 L1-dcache-loads=0 items_per_second=1.1017M/s
BM_SELECTION_SORT/8/1/iterations:1/repeats:50_cv               7.21 %          7.01 %            50 L1-dcache-loads=0.00% items_per_second=6.30%
BM_SELECTION_SORT/16/1/iterations:1/repeats:50                0.797 us        0.785 us            1 L1-dcache-loads=531 items_per_second=20.3822M/s
BM_SELECTION_SORT/16/1/iterations:1/repeats:50                0.709 us        0.708 us            1 L1-dcache-loads=531 items_per_second=22.5989M/s
BM_SELECTION_SORT/16/1/iterations:1/repeats:50                0.726 us        0.723 us            1 L1-dcache-loads=531 items_per_second=22.13M/s
BM_SELECTION_SORT/16/1/iterations:1/repeats:50                0.749 us        0.771 us            1 L1-dcache-loads=531 items_per_second=20.7523M/s
BM_SELECTION_SORT/16/1/iterations:1/repeats:50                0.719 us        0.724 us            1 L1-dcache-loads=531 items_per_second=22.0994M/s
BM_SELECTION_SORT/16/1/iterations:1/repeats:50                0.741 us        0.744 us            1 L1-dcache-loads=531 items_per_second=21.5054M/s
BM_SELECTION_SORT/16/1/iterations:1/repeats:50                0.719 us        0.718 us            1 L1-dcache-loads=531 items_per_second=22.2841M/s
BM_SELECTION_SORT/16/1/iterations:1/repeats:50                0.678 us        0.677 us            1 L1-dcache-loads=531 items_per_second=23.6337M/s
BM_SELECTION_SORT/16/1/iterations:1/repeats:50                0.683 us        0.695 us            1 L1-dcache-loads=531 items_per_second=23.0216M/s
BM_SELECTION_SORT/16/1/iterations:1/repeats:50                0.704 us        0.703 us            1 L1-dcache-loads=531 items_per_second=22.7596M/s
BM_SELECTION_SORT/16/1/iterations:1/repeats:50                0.707 us        0.695 us            1 L1-dcache-loads=531 items_per_second=23.0216M/s
BM_SELECTION_SORT/16/1/iterations:1/repeats:50                0.707 us        0.706 us            1 L1-dcache-loads=531 items_per_second=22.6629M/s
BM_SELECTION_SORT/16/1/iterations:1/repeats:50                0.712 us        0.718 us            1 L1-dcache-loads=531 items_per_second=22.2841M/s
BM_SELECTION_SORT/16/1/iterations:1/repeats:50                0.682 us        0.682 us            1 L1-dcache-loads=531 items_per_second=23.4604M/s
BM_SELECTION_SORT/16/1/iterations:1/repeats:50                0.727 us        0.741 us            1 L1-dcache-loads=531 items_per_second=21.5924M/s
BM_SELECTION_SORT/16/1/iterations:1/repeats:50                0.701 us        0.699 us            1 L1-dcache-loads=531 items_per_second=22.8898M/s
BM_SELECTION_SORT/16/1/iterations:1/repeats:50                0.674 us        0.674 us            1 L1-dcache-loads=531 items_per_second=23.7389M/s
BM_SELECTION_SORT/16/1/iterations:1/repeats:50                0.725 us        0.723 us            1 L1-dcache-loads=531 items_per_second=22.13M/s
BM_SELECTION_SORT/16/1/iterations:1/repeats:50                0.662 us        0.664 us            1 L1-dcache-loads=531 items_per_second=24.0964M/s
BM_SELECTION_SORT/16/1/iterations:1/repeats:50                0.744 us        0.731 us            1 L1-dcache-loads=531 items_per_second=21.8878M/s
BM_SELECTION_SORT/16/1/iterations:1/repeats:50                0.694 us        0.693 us            1 L1-dcache-loads=531 items_per_second=23.088M/s
BM_SELECTION_SORT/16/1/iterations:1/repeats:50                0.754 us        0.753 us            1 L1-dcache-loads=531 items_per_second=21.2483M/s
BM_SELECTION_SORT/16/1/iterations:1/repeats:50                0.756 us        0.762 us            1 L1-dcache-loads=531 items_per_second=20.9974M/s
BM_SELECTION_SORT/16/1/iterations:1/repeats:50                0.704 us        0.714 us            1 L1-dcache-loads=531 items_per_second=22.409M/s
BM_SELECTION_SORT/16/1/iterations:1/repeats:50                0.701 us        0.699 us            1 L1-dcache-loads=531 items_per_second=22.8898M/s
BM_SELECTION_SORT/16/1/iterations:1/repeats:50                0.745 us        0.732 us            1 L1-dcache-loads=531 items_per_second=21.8579M/s
BM_SELECTION_SORT/16/1/iterations:1/repeats:50                0.719 us        0.719 us            1 L1-dcache-loads=531 items_per_second=22.2531M/s
BM_SELECTION_SORT/16/1/iterations:1/repeats:50                0.686 us        0.685 us            1 L1-dcache-loads=531 items_per_second=23.3577M/s
BM_SELECTION_SORT/16/1/iterations:1/repeats:50                0.678 us        0.686 us            1 L1-dcache-loads=531 items_per_second=23.3236M/s
BM_SELECTION_SORT/16/1/iterations:1/repeats:50                0.699 us        0.699 us            1 L1-dcache-loads=531 items_per_second=22.8898M/s
BM_SELECTION_SORT/16/1/iterations:1/repeats:50                0.731 us        0.741 us            1 L1-dcache-loads=531 items_per_second=21.5924M/s
BM_SELECTION_SORT/16/1/iterations:1/repeats:50                0.740 us        0.739 us            1 L1-dcache-loads=531 items_per_second=21.6509M/s
BM_SELECTION_SORT/16/1/iterations:1/repeats:50                0.748 us        0.748 us            1 L1-dcache-loads=531 items_per_second=21.3904M/s
BM_SELECTION_SORT/16/1/iterations:1/repeats:50                0.751 us        0.746 us            1 L1-dcache-loads=531 items_per_second=21.4477M/s
BM_SELECTION_SORT/16/1/iterations:1/repeats:50                0.706 us        0.710 us            1 L1-dcache-loads=531 items_per_second=22.5352M/s
BM_SELECTION_SORT/16/1/iterations:1/repeats:50                0.672 us        0.671 us            1 L1-dcache-loads=531 items_per_second=23.845M/s
BM_SELECTION_SORT/16/1/iterations:1/repeats:50                0.707 us        0.708 us            1 L1-dcache-loads=531 items_per_second=22.5989M/s
BM_SELECTION_SORT/16/1/iterations:1/repeats:50                0.704 us        0.705 us            1 L1-dcache-loads=531 items_per_second=22.695M/s
BM_SELECTION_SORT/16/1/iterations:1/repeats:50                0.722 us        0.721 us            1 L1-dcache-loads=531 items_per_second=22.1914M/s
BM_SELECTION_SORT/16/1/iterations:1/repeats:50                0.716 us        0.719 us            1 L1-dcache-loads=531 items_per_second=22.2531M/s
BM_SELECTION_SORT/16/1/iterations:1/repeats:50                0.722 us        0.723 us            1 L1-dcache-loads=531 items_per_second=22.13M/s
BM_SELECTION_SORT/16/1/iterations:1/repeats:50                0.701 us        0.702 us            1 L1-dcache-loads=531 items_per_second=22.792M/s
BM_SELECTION_SORT/16/1/iterations:1/repeats:50                0.649 us        0.648 us            1 L1-dcache-loads=531 items_per_second=24.6914M/s
BM_SELECTION_SORT/16/1/iterations:1/repeats:50                0.648 us        0.647 us            1 L1-dcache-loads=531 items_per_second=24.7295M/s
BM_SELECTION_SORT/16/1/iterations:1/repeats:50                0.713 us        0.715 us            1 L1-dcache-loads=531 items_per_second=22.3776M/s
BM_SELECTION_SORT/16/1/iterations:1/repeats:50                0.672 us        0.669 us            1 L1-dcache-loads=531 items_per_second=23.9163M/s
BM_SELECTION_SORT/16/1/iterations:1/repeats:50                0.717 us        0.716 us            1 L1-dcache-loads=531 items_per_second=22.3464M/s
BM_SELECTION_SORT/16/1/iterations:1/repeats:50                0.710 us        0.710 us            1 L1-dcache-loads=531 items_per_second=22.5352M/s
BM_SELECTION_SORT/16/1/iterations:1/repeats:50                0.699 us        0.699 us            1 L1-dcache-loads=531 items_per_second=22.8898M/s
BM_SELECTION_SORT/16/1/iterations:1/repeats:50                0.713 us        0.712 us            1 L1-dcache-loads=531 items_per_second=22.4719M/s
BM_SELECTION_SORT/16/1/iterations:1/repeats:50_mean           0.711 us        0.711 us           50 L1-dcache-loads=531 items_per_second=22.5265M/s
BM_SELECTION_SORT/16/1/iterations:1/repeats:50_median         0.710 us        0.711 us           50 L1-dcache-loads=531 items_per_second=22.5036M/s
BM_SELECTION_SORT/16/1/iterations:1/repeats:50_stddev         0.029 us        0.029 us           50 L1-dcache-loads=0 items_per_second=923.293k/s
BM_SELECTION_SORT/16/1/iterations:1/repeats:50_cv              4.09 %          4.09 %            50 L1-dcache-loads=0.00% items_per_second=4.10%
BM_SELECTION_SORT/32/1/iterations:1/repeats:50                 1.45 us         1.43 us            1 L1-dcache-loads=1.227k items_per_second=22.3152M/s
BM_SELECTION_SORT/32/1/iterations:1/repeats:50                 1.37 us         1.37 us            1 L1-dcache-loads=1.227k items_per_second=23.4432M/s
BM_SELECTION_SORT/32/1/iterations:1/repeats:50                 1.47 us         1.47 us            1 L1-dcache-loads=1.227k items_per_second=21.8281M/s
BM_SELECTION_SORT/32/1/iterations:1/repeats:50                 1.40 us         1.40 us            1 L1-dcache-loads=1.227k items_per_second=22.8898M/s
BM_SELECTION_SORT/32/1/iterations:1/repeats:50                 1.40 us         1.40 us            1 L1-dcache-loads=1.227k items_per_second=22.8898M/s
BM_SELECTION_SORT/32/1/iterations:1/repeats:50                 1.36 us         1.36 us            1 L1-dcache-loads=1.227k items_per_second=23.5641M/s
BM_SELECTION_SORT/32/1/iterations:1/repeats:50                 1.40 us         1.39 us            1 L1-dcache-loads=1.227k items_per_second=22.972M/s
BM_SELECTION_SORT/32/1/iterations:1/repeats:50                 1.45 us         1.45 us            1 L1-dcache-loads=1.227k items_per_second=22.0538M/s
BM_SELECTION_SORT/32/1/iterations:1/repeats:50                 1.37 us         1.37 us            1 L1-dcache-loads=1.227k items_per_second=23.3236M/s
BM_SELECTION_SORT/32/1/iterations:1/repeats:50                 1.33 us         1.33 us            1 L1-dcache-loads=1.227k items_per_second=24.024M/s
BM_SELECTION_SORT/32/1/iterations:1/repeats:50                 1.25 us         1.24 us            1 L1-dcache-loads=1.227k items_per_second=25.7442M/s
BM_SELECTION_SORT/32/1/iterations:1/repeats:50                 1.36 us         1.36 us            1 L1-dcache-loads=1.227k items_per_second=23.5294M/s
BM_SELECTION_SORT/32/1/iterations:1/repeats:50                 1.31 us         1.31 us            1 L1-dcache-loads=1.227k items_per_second=24.4836M/s
BM_SELECTION_SORT/32/1/iterations:1/repeats:50                 1.35 us         1.35 us            1 L1-dcache-loads=1.227k items_per_second=23.7213M/s
BM_SELECTION_SORT/32/1/iterations:1/repeats:50                 1.32 us         1.33 us            1 L1-dcache-loads=1.227k items_per_second=24.0783M/s
BM_SELECTION_SORT/32/1/iterations:1/repeats:50                 1.31 us         1.31 us            1 L1-dcache-loads=1.227k items_per_second=24.3902M/s
BM_SELECTION_SORT/32/1/iterations:1/repeats:50                 1.31 us         1.31 us            1 L1-dcache-loads=1.227k items_per_second=24.3717M/s
BM_SELECTION_SORT/32/1/iterations:1/repeats:50                 1.31 us         1.30 us            1 L1-dcache-loads=1.227k items_per_second=24.5587M/s
BM_SELECTION_SORT/32/1/iterations:1/repeats:50                 1.34 us         1.36 us            1 L1-dcache-loads=1.227k items_per_second=23.4604M/s
BM_SELECTION_SORT/32/1/iterations:1/repeats:50                 1.34 us         1.34 us            1 L1-dcache-loads=1.227k items_per_second=23.8984M/s
BM_SELECTION_SORT/32/1/iterations:1/repeats:50                 1.39 us         1.39 us            1 L1-dcache-loads=1.227k items_per_second=22.9555M/s
BM_SELECTION_SORT/32/1/iterations:1/repeats:50                 1.41 us         1.41 us            1 L1-dcache-loads=1.227k items_per_second=22.7758M/s
BM_SELECTION_SORT/32/1/iterations:1/repeats:50                 1.32 us         1.32 us            1 L1-dcache-loads=1.227k items_per_second=24.2057M/s
BM_SELECTION_SORT/32/1/iterations:1/repeats:50                 1.44 us         1.44 us            1 L1-dcache-loads=1.227k items_per_second=22.2222M/s
BM_SELECTION_SORT/32/1/iterations:1/repeats:50                 1.31 us         1.31 us            1 L1-dcache-loads=1.227k items_per_second=24.4836M/s
BM_SELECTION_SORT/32/1/iterations:1/repeats:50                 1.37 us         1.36 us            1 L1-dcache-loads=1.227k items_per_second=23.4432M/s
BM_SELECTION_SORT/32/1/iterations:1/repeats:50                 1.46 us         1.44 us            1 L1-dcache-loads=1.227k items_per_second=22.1607M/s
BM_SELECTION_SORT/32/1/iterations:1/repeats:50                 1.34 us         1.34 us            1 L1-dcache-loads=1.227k items_per_second=23.8806M/s
BM_SELECTION_SORT/32/1/iterations:1/repeats:50                 1.32 us         1.32 us            1 L1-dcache-loads=1.227k items_per_second=24.2608M/s
BM_SELECTION_SORT/32/1/iterations:1/repeats:50                 1.29 us         1.29 us            1 L1-dcache-loads=1.227k items_per_second=24.7486M/s
BM_SELECTION_SORT/32/1/iterations:1/repeats:50                 1.28 us         1.28 us            1 L1-dcache-loads=1.227k items_per_second=24.9415M/s
BM_SELECTION_SORT/32/1/iterations:1/repeats:50                 1.36 us         1.36 us            1 L1-dcache-loads=1.227k items_per_second=23.5814M/s
BM_SELECTION_SORT/32/1/iterations:1/repeats:50                 1.34 us         1.33 us            1 L1-dcache-loads=1.227k items_per_second=23.97M/s
BM_SELECTION_SORT/32/1/iterations:1/repeats:50                 1.43 us         1.43 us            1 L1-dcache-loads=1.227k items_per_second=22.4247M/s
BM_SELECTION_SORT/32/1/iterations:1/repeats:50                 1.31 us         1.31 us            1 L1-dcache-loads=1.227k items_per_second=24.3531M/s
BM_SELECTION_SORT/32/1/iterations:1/repeats:50                 1.27 us         1.27 us            1 L1-dcache-loads=1.227k items_per_second=25.1177M/s
BM_SELECTION_SORT/32/1/iterations:1/repeats:50                 1.33 us         1.32 us            1 L1-dcache-loads=1.227k items_per_second=24.1509M/s
BM_SELECTION_SORT/32/1/iterations:1/repeats:50                 1.44 us         1.44 us            1 L1-dcache-loads=1.227k items_per_second=22.2531M/s
BM_SELECTION_SORT/32/1/iterations:1/repeats:50                 1.40 us         1.40 us            1 L1-dcache-loads=1.227k items_per_second=22.8735M/s
BM_SELECTION_SORT/32/1/iterations:1/repeats:50                 1.28 us         1.28 us            1 L1-dcache-loads=1.227k items_per_second=24.961M/s
BM_SELECTION_SORT/32/1/iterations:1/repeats:50                 1.32 us         1.32 us            1 L1-dcache-loads=1.227k items_per_second=24.2241M/s
BM_SELECTION_SORT/32/1/iterations:1/repeats:50                 1.43 us         1.43 us            1 L1-dcache-loads=1.227k items_per_second=22.4404M/s
BM_SELECTION_SORT/32/1/iterations:1/repeats:50                 1.34 us         1.34 us            1 L1-dcache-loads=1.227k items_per_second=23.8806M/s
BM_SELECTION_SORT/32/1/iterations:1/repeats:50                 1.33 us         1.34 us            1 L1-dcache-loads=1.227k items_per_second=23.9521M/s
BM_SELECTION_SORT/32/1/iterations:1/repeats:50                 1.41 us         1.41 us            1 L1-dcache-loads=1.227k items_per_second=22.7434M/s
BM_SELECTION_SORT/32/1/iterations:1/repeats:50                 1.37 us         1.37 us            1 L1-dcache-loads=1.227k items_per_second=23.3918M/s
BM_SELECTION_SORT/32/1/iterations:1/repeats:50                 1.37 us         1.37 us            1 L1-dcache-loads=1.227k items_per_second=23.3406M/s
BM_SELECTION_SORT/32/1/iterations:1/repeats:50                 1.30 us         1.30 us            1 L1-dcache-loads=1.227k items_per_second=24.6723M/s
BM_SELECTION_SORT/32/1/iterations:1/repeats:50                 1.36 us         1.36 us            1 L1-dcache-loads=1.227k items_per_second=23.5121M/s
BM_SELECTION_SORT/32/1/iterations:1/repeats:50                 1.42 us         1.42 us            1 L1-dcache-loads=1.227k items_per_second=22.567M/s
BM_SELECTION_SORT/32/1/iterations:1/repeats:50_mean            1.36 us         1.36 us           50 L1-dcache-loads=1.227k items_per_second=23.6006M/s
BM_SELECTION_SORT/32/1/iterations:1/repeats:50_median          1.35 us         1.36 us           50 L1-dcache-loads=1.227k items_per_second=23.5727M/s
BM_SELECTION_SORT/32/1/iterations:1/repeats:50_stddev         0.053 us        0.052 us           50 L1-dcache-loads=0 items_per_second=909.191k/s
BM_SELECTION_SORT/32/1/iterations:1/repeats:50_cv              3.93 %          3.87 %            50 L1-dcache-loads=0.00% items_per_second=3.85%
BM_SELECTION_SORT/64/1/iterations:1/repeats:50                 3.02 us         3.00 us            1 L1-dcache-loads=3.387k items_per_second=21.3191M/s
BM_SELECTION_SORT/64/1/iterations:1/repeats:50                 2.96 us         2.96 us            1 L1-dcache-loads=3.387k items_per_second=21.6143M/s
BM_SELECTION_SORT/64/1/iterations:1/repeats:50                 3.07 us         3.08 us            1 L1-dcache-loads=3.387k items_per_second=20.7523M/s
BM_SELECTION_SORT/64/1/iterations:1/repeats:50                 2.89 us         2.89 us            1 L1-dcache-loads=3.387k items_per_second=22.153M/s
BM_SELECTION_SORT/64/1/iterations:1/repeats:50                 2.88 us         2.88 us            1 L1-dcache-loads=3.387k items_per_second=22.2299M/s
BM_SELECTION_SORT/64/1/iterations:1/repeats:50                 2.96 us         2.95 us            1 L1-dcache-loads=3.387k items_per_second=21.6802M/s
BM_SELECTION_SORT/64/1/iterations:1/repeats:50                 2.72 us         2.73 us            1 L1-dcache-loads=3.387k items_per_second=23.4776M/s
BM_SELECTION_SORT/64/1/iterations:1/repeats:50                 2.84 us         2.84 us            1 L1-dcache-loads=3.387k items_per_second=22.5273M/s
BM_SELECTION_SORT/64/1/iterations:1/repeats:50                 2.81 us         2.81 us            1 L1-dcache-loads=3.387k items_per_second=22.7677M/s
BM_SELECTION_SORT/64/1/iterations:1/repeats:50                 2.99 us         2.98 us            1 L1-dcache-loads=3.387k items_per_second=21.4693M/s
BM_SELECTION_SORT/64/1/iterations:1/repeats:50                 2.83 us         2.83 us            1 L1-dcache-loads=3.387k items_per_second=22.6388M/s
BM_SELECTION_SORT/64/1/iterations:1/repeats:50                 2.83 us         2.84 us            1 L1-dcache-loads=3.387k items_per_second=22.5194M/s
BM_SELECTION_SORT/64/1/iterations:1/repeats:50                 2.83 us         2.83 us            1 L1-dcache-loads=3.387k items_per_second=22.6308M/s
BM_SELECTION_SORT/64/1/iterations:1/repeats:50                 2.91 us         2.91 us            1 L1-dcache-loads=3.387k items_per_second=21.9931M/s
BM_SELECTION_SORT/64/1/iterations:1/repeats:50                 2.99 us         2.99 us            1 L1-dcache-loads=3.387k items_per_second=21.4047M/s
BM_SELECTION_SORT/64/1/iterations:1/repeats:50                 2.89 us         2.89 us            1 L1-dcache-loads=3.387k items_per_second=22.1607M/s
BM_SELECTION_SORT/64/1/iterations:1/repeats:50                 2.91 us         2.90 us            1 L1-dcache-loads=3.387k items_per_second=22.0386M/s
BM_SELECTION_SORT/64/1/iterations:1/repeats:50                 2.96 us         2.95 us            1 L1-dcache-loads=3.387k items_per_second=21.6802M/s
BM_SELECTION_SORT/64/1/iterations:1/repeats:50                 2.93 us         2.93 us            1 L1-dcache-loads=3.387k items_per_second=21.8729M/s
BM_SELECTION_SORT/64/1/iterations:1/repeats:50                 2.94 us         2.94 us            1 L1-dcache-loads=3.387k items_per_second=21.7613M/s
BM_SELECTION_SORT/64/1/iterations:1/repeats:50                 3.06 us         3.06 us            1 L1-dcache-loads=3.387k items_per_second=20.9219M/s
BM_SELECTION_SORT/64/1/iterations:1/repeats:50                 2.91 us         2.91 us            1 L1-dcache-loads=3.387k items_per_second=22.0158M/s
BM_SELECTION_SORT/64/1/iterations:1/repeats:50                 2.88 us         2.88 us            1 L1-dcache-loads=3.387k items_per_second=22.2454M/s
BM_SELECTION_SORT/64/1/iterations:1/repeats:50                 3.09 us         3.09 us            1 L1-dcache-loads=3.387k items_per_second=20.7455M/s
BM_SELECTION_SORT/64/1/iterations:1/repeats:50                 2.83 us         2.83 us            1 L1-dcache-loads=3.387k items_per_second=22.5989M/s
BM_SELECTION_SORT/64/1/iterations:1/repeats:50                 2.91 us         2.91 us            1 L1-dcache-loads=3.387k items_per_second=21.9931M/s
BM_SELECTION_SORT/64/1/iterations:1/repeats:50                 2.99 us         2.98 us            1 L1-dcache-loads=3.387k items_per_second=21.4621M/s
BM_SELECTION_SORT/64/1/iterations:1/repeats:50                 2.75 us         2.75 us            1 L1-dcache-loads=3.387k items_per_second=23.2389M/s
BM_SELECTION_SORT/64/1/iterations:1/repeats:50                 2.91 us         2.91 us            1 L1-dcache-loads=3.387k items_per_second=22.0007M/s
BM_SELECTION_SORT/64/1/iterations:1/repeats:50                 2.96 us         2.96 us            1 L1-dcache-loads=3.387k items_per_second=21.5924M/s
BM_SELECTION_SORT/64/1/iterations:1/repeats:50                 3.01 us         3.01 us            1 L1-dcache-loads=3.387k items_per_second=21.2978M/s
BM_SELECTION_SORT/64/1/iterations:1/repeats:50                 3.04 us         3.03 us            1 L1-dcache-loads=3.387k items_per_second=21.0943M/s
BM_SELECTION_SORT/64/1/iterations:1/repeats:50                 2.93 us         2.92 us            1 L1-dcache-loads=3.387k items_per_second=21.8803M/s
BM_SELECTION_SORT/64/1/iterations:1/repeats:50                 2.99 us         2.99 us            1 L1-dcache-loads=3.387k items_per_second=21.4334M/s
BM_SELECTION_SORT/64/1/iterations:1/repeats:50                 2.95 us         2.95 us            1 L1-dcache-loads=3.387k items_per_second=21.7244M/s
BM_SELECTION_SORT/64/1/iterations:1/repeats:50                 2.98 us         2.97 us            1 L1-dcache-loads=3.387k items_per_second=21.5343M/s
BM_SELECTION_SORT/64/1/iterations:1/repeats:50                 3.03 us         3.04 us            1 L1-dcache-loads=3.387k items_per_second=21.0734M/s
BM_SELECTION_SORT/64/1/iterations:1/repeats:50                 3.00 us         3.00 us            1 L1-dcache-loads=3.387k items_per_second=21.3476M/s
BM_SELECTION_SORT/64/1/iterations:1/repeats:50                 2.94 us         2.94 us            1 L1-dcache-loads=3.387k items_per_second=21.7317M/s
BM_SELECTION_SORT/64/1/iterations:1/repeats:50                 2.96 us         2.95 us            1 L1-dcache-loads=3.387k items_per_second=21.6582M/s
BM_SELECTION_SORT/64/1/iterations:1/repeats:50                 2.89 us         2.89 us            1 L1-dcache-loads=3.387k items_per_second=22.1607M/s
BM_SELECTION_SORT/64/1/iterations:1/repeats:50                 2.91 us         2.91 us            1 L1-dcache-loads=3.387k items_per_second=21.9931M/s
BM_SELECTION_SORT/64/1/iterations:1/repeats:50                 2.95 us         2.94 us            1 L1-dcache-loads=3.387k items_per_second=21.7465M/s
BM_SELECTION_SORT/64/1/iterations:1/repeats:50                 2.98 us         2.98 us            1 L1-dcache-loads=3.387k items_per_second=21.4765M/s
BM_SELECTION_SORT/64/1/iterations:1/repeats:50                 2.86 us         2.85 us            1 L1-dcache-loads=3.387k items_per_second=22.4168M/s
BM_SELECTION_SORT/64/1/iterations:1/repeats:50                 2.94 us         2.94 us            1 L1-dcache-loads=3.387k items_per_second=21.7761M/s
BM_SELECTION_SORT/64/1/iterations:1/repeats:50                 2.84 us         2.85 us            1 L1-dcache-loads=3.387k items_per_second=22.4877M/s
BM_SELECTION_SORT/64/1/iterations:1/repeats:50                 3.02 us         3.02 us            1 L1-dcache-loads=3.387k items_per_second=21.1921M/s
BM_SELECTION_SORT/64/1/iterations:1/repeats:50                 2.98 us         2.98 us            1 L1-dcache-loads=3.387k items_per_second=21.4693M/s
BM_SELECTION_SORT/64/1/iterations:1/repeats:50                 2.92 us         2.92 us            1 L1-dcache-loads=3.387k items_per_second=21.8878M/s
BM_SELECTION_SORT/64/1/iterations:1/repeats:50_mean            2.93 us         2.93 us           50 L1-dcache-loads=3.387k items_per_second=21.8578M/s
BM_SELECTION_SORT/64/1/iterations:1/repeats:50_median          2.94 us         2.94 us           50 L1-dcache-loads=3.387k items_per_second=21.7687M/s
BM_SELECTION_SORT/64/1/iterations:1/repeats:50_stddev         0.078 us        0.077 us           50 L1-dcache-loads=0 items_per_second=582.649k/s
BM_SELECTION_SORT/64/1/iterations:1/repeats:50_cv              2.66 %          2.64 %            50 L1-dcache-loads=0.00% items_per_second=2.67%
BM_SELECTION_SORT/128/1/iterations:1/repeats:50                6.91 us         6.90 us            1 L1-dcache-loads=10.779k items_per_second=18.5534M/s
BM_SELECTION_SORT/128/1/iterations:1/repeats:50                6.56 us         6.56 us            1 L1-dcache-loads=10.779k items_per_second=19.5092M/s
BM_SELECTION_SORT/128/1/iterations:1/repeats:50                7.13 us         7.13 us            1 L1-dcache-loads=10.779k items_per_second=17.9523M/s
BM_SELECTION_SORT/128/1/iterations:1/repeats:50                6.79 us         6.79 us            1 L1-dcache-loads=10.779k items_per_second=18.8457M/s
BM_SELECTION_SORT/128/1/iterations:1/repeats:50                6.83 us         6.82 us            1 L1-dcache-loads=10.779k items_per_second=18.7738M/s
BM_SELECTION_SORT/128/1/iterations:1/repeats:50                6.74 us         6.74 us            1 L1-dcache-loads=10.779k items_per_second=18.9826M/s
BM_SELECTION_SORT/128/1/iterations:1/repeats:50                7.15 us         7.15 us            1 L1-dcache-loads=10.779k items_per_second=17.8946M/s
BM_SELECTION_SORT/128/1/iterations:1/repeats:50                6.71 us         6.71 us            1 L1-dcache-loads=10.779k items_per_second=19.0703M/s
BM_SELECTION_SORT/128/1/iterations:1/repeats:50                6.81 us         6.80 us            1 L1-dcache-loads=10.779k items_per_second=18.8152M/s
BM_SELECTION_SORT/128/1/iterations:1/repeats:50                6.76 us         6.75 us            1 L1-dcache-loads=10.779k items_per_second=18.9489M/s
BM_SELECTION_SORT/128/1/iterations:1/repeats:50                6.54 us         6.54 us            1 L1-dcache-loads=10.779k items_per_second=19.5779M/s
BM_SELECTION_SORT/128/1/iterations:1/repeats:50                6.63 us         6.63 us            1 L1-dcache-loads=10.779k items_per_second=19.3091M/s
BM_SELECTION_SORT/128/1/iterations:1/repeats:50                6.75 us         6.75 us            1 L1-dcache-loads=10.779k items_per_second=18.9517M/s
BM_SELECTION_SORT/128/1/iterations:1/repeats:50                6.70 us         6.70 us            1 L1-dcache-loads=10.779k items_per_second=19.1045M/s
BM_SELECTION_SORT/128/1/iterations:1/repeats:50                6.38 us         6.38 us            1 L1-dcache-loads=10.779k items_per_second=20.0658M/s
BM_SELECTION_SORT/128/1/iterations:1/repeats:50                7.15 us         7.17 us            1 L1-dcache-loads=10.779k items_per_second=17.8472M/s
BM_SELECTION_SORT/128/1/iterations:1/repeats:50                6.98 us         6.98 us            1 L1-dcache-loads=10.779k items_per_second=18.346M/s
BM_SELECTION_SORT/128/1/iterations:1/repeats:50                7.00 us         7.00 us            1 L1-dcache-loads=10.779k items_per_second=18.2936M/s
BM_SELECTION_SORT/128/1/iterations:1/repeats:50                6.61 us         6.61 us            1 L1-dcache-loads=10.779k items_per_second=19.3646M/s
BM_SELECTION_SORT/128/1/iterations:1/repeats:50                6.99 us         6.99 us            1 L1-dcache-loads=10.779k items_per_second=18.3145M/s
BM_SELECTION_SORT/128/1/iterations:1/repeats:50                6.98 us         6.98 us            1 L1-dcache-loads=10.779k items_per_second=18.3302M/s
BM_SELECTION_SORT/128/1/iterations:1/repeats:50                6.41 us         6.41 us            1 L1-dcache-loads=10.779k items_per_second=19.9719M/s
BM_SELECTION_SORT/128/1/iterations:1/repeats:50                7.00 us         7.01 us            1 L1-dcache-loads=10.779k items_per_second=18.2727M/s
BM_SELECTION_SORT/128/1/iterations:1/repeats:50                6.61 us         6.61 us            1 L1-dcache-loads=10.779k items_per_second=19.3529M/s
BM_SELECTION_SORT/128/1/iterations:1/repeats:50                7.00 us         7.00 us            1 L1-dcache-loads=10.779k items_per_second=18.2962M/s
BM_SELECTION_SORT/128/1/iterations:1/repeats:50                6.68 us         6.68 us            1 L1-dcache-loads=10.779k items_per_second=19.1588M/s
BM_SELECTION_SORT/128/1/iterations:1/repeats:50                6.81 us         6.81 us            1 L1-dcache-loads=10.779k items_per_second=18.7931M/s
BM_SELECTION_SORT/128/1/iterations:1/repeats:50                6.94 us         6.93 us            1 L1-dcache-loads=10.779k items_per_second=18.4598M/s
BM_SELECTION_SORT/128/1/iterations:1/repeats:50                6.83 us         6.84 us            1 L1-dcache-loads=10.779k items_per_second=18.708M/s
BM_SELECTION_SORT/128/1/iterations:1/repeats:50                6.95 us         6.95 us            1 L1-dcache-loads=10.779k items_per_second=18.4146M/s
BM_SELECTION_SORT/128/1/iterations:1/repeats:50                6.87 us         6.88 us            1 L1-dcache-loads=10.779k items_per_second=18.6155M/s
BM_SELECTION_SORT/128/1/iterations:1/repeats:50                6.74 us         6.74 us            1 L1-dcache-loads=10.779k items_per_second=18.9911M/s
BM_SELECTION_SORT/128/1/iterations:1/repeats:50                6.69 us         6.69 us            1 L1-dcache-loads=10.779k items_per_second=19.133M/s
BM_SELECTION_SORT/128/1/iterations:1/repeats:50                6.75 us         6.75 us            1 L1-dcache-loads=10.779k items_per_second=18.9714M/s
BM_SELECTION_SORT/128/1/iterations:1/repeats:50                6.76 us         6.76 us            1 L1-dcache-loads=10.779k items_per_second=18.9265M/s
BM_SELECTION_SORT/128/1/iterations:1/repeats:50                7.11 us         7.13 us            1 L1-dcache-loads=10.779k items_per_second=17.9548M/s
BM_SELECTION_SORT/128/1/iterations:1/repeats:50                7.22 us         7.22 us            1 L1-dcache-loads=10.779k items_per_second=17.7334M/s
BM_SELECTION_SORT/128/1/iterations:1/repeats:50                6.66 us         6.66 us            1 L1-dcache-loads=10.779k items_per_second=19.2279M/s
BM_SELECTION_SORT/128/1/iterations:1/repeats:50                6.68 us         6.68 us            1 L1-dcache-loads=10.779k items_per_second=19.1645M/s
BM_SELECTION_SORT/128/1/iterations:1/repeats:50                6.88 us         6.88 us            1 L1-dcache-loads=10.779k items_per_second=18.6101M/s
BM_SELECTION_SORT/128/1/iterations:1/repeats:50                6.72 us         6.71 us            1 L1-dcache-loads=10.779k items_per_second=19.0646M/s
BM_SELECTION_SORT/128/1/iterations:1/repeats:50                6.55 us         6.55 us            1 L1-dcache-loads=10.779k items_per_second=19.536M/s
BM_SELECTION_SORT/128/1/iterations:1/repeats:50                7.02 us         7.02 us            1 L1-dcache-loads=10.779k items_per_second=18.2414M/s
BM_SELECTION_SORT/128/1/iterations:1/repeats:50                6.79 us         6.80 us            1 L1-dcache-loads=10.779k items_per_second=18.8235M/s
BM_SELECTION_SORT/128/1/iterations:1/repeats:50                6.66 us         6.66 us            1 L1-dcache-loads=10.779k items_per_second=19.2163M/s
BM_SELECTION_SORT/128/1/iterations:1/repeats:50                6.58 us         6.58 us            1 L1-dcache-loads=10.779k items_per_second=19.4618M/s
BM_SELECTION_SORT/128/1/iterations:1/repeats:50                6.71 us         6.71 us            1 L1-dcache-loads=10.779k items_per_second=19.0732M/s
BM_SELECTION_SORT/128/1/iterations:1/repeats:50                6.95 us         6.95 us            1 L1-dcache-loads=10.779k items_per_second=18.4279M/s
BM_SELECTION_SORT/128/1/iterations:1/repeats:50                6.73 us         6.72 us            1 L1-dcache-loads=10.779k items_per_second=19.0391M/s
BM_SELECTION_SORT/128/1/iterations:1/repeats:50                6.87 us         6.87 us            1 L1-dcache-loads=10.779k items_per_second=18.6263M/s
BM_SELECTION_SORT/128/1/iterations:1/repeats:50_mean           6.81 us         6.81 us           50 L1-dcache-loads=10.779k items_per_second=18.8224M/s
BM_SELECTION_SORT/128/1/iterations:1/repeats:50_median         6.78 us         6.78 us           50 L1-dcache-loads=10.779k items_per_second=18.8861M/s
BM_SELECTION_SORT/128/1/iterations:1/repeats:50_stddev        0.191 us        0.192 us           50 L1-dcache-loads=0 items_per_second=531k/s
BM_SELECTION_SORT/128/1/iterations:1/repeats:50_cv             2.81 %          2.83 %            50 L1-dcache-loads=0.00% items_per_second=2.82%
BM_SELECTION_SORT/256/1/iterations:1/repeats:50                18.9 us         18.9 us            1 L1-dcache-loads=37.851k items_per_second=13.5428M/s
BM_SELECTION_SORT/256/1/iterations:1/repeats:50                19.2 us         19.2 us            1 L1-dcache-loads=37.851k items_per_second=13.3451M/s
BM_SELECTION_SORT/256/1/iterations:1/repeats:50                18.9 us         18.9 us            1 L1-dcache-loads=37.851k items_per_second=13.578M/s
BM_SELECTION_SORT/256/1/iterations:1/repeats:50                19.2 us         19.2 us            1 L1-dcache-loads=37.851k items_per_second=13.3619M/s
BM_SELECTION_SORT/256/1/iterations:1/repeats:50                19.2 us         19.2 us            1 L1-dcache-loads=37.851k items_per_second=13.3202M/s
BM_SELECTION_SORT/256/1/iterations:1/repeats:50                19.4 us         19.4 us            1 L1-dcache-loads=37.851k items_per_second=13.2266M/s
BM_SELECTION_SORT/256/1/iterations:1/repeats:50                18.8 us         18.8 us            1 L1-dcache-loads=37.851k items_per_second=13.6497M/s
BM_SELECTION_SORT/256/1/iterations:1/repeats:50                19.5 us         19.5 us            1 L1-dcache-loads=37.851k items_per_second=13.1074M/s
BM_SELECTION_SORT/256/1/iterations:1/repeats:50                18.6 us         18.6 us            1 L1-dcache-loads=37.851k items_per_second=13.7649M/s
BM_SELECTION_SORT/256/1/iterations:1/repeats:50                19.5 us         19.5 us            1 L1-dcache-loads=37.851k items_per_second=13.1148M/s
BM_SELECTION_SORT/256/1/iterations:1/repeats:50                19.2 us         19.2 us            1 L1-dcache-loads=37.851k items_per_second=13.3507M/s
BM_SELECTION_SORT/256/1/iterations:1/repeats:50                17.2 us         17.2 us            1 L1-dcache-loads=37.851k items_per_second=14.844M/s
BM_SELECTION_SORT/256/1/iterations:1/repeats:50                17.0 us         17.0 us            1 L1-dcache-loads=37.851k items_per_second=15.0155M/s
BM_SELECTION_SORT/256/1/iterations:1/repeats:50                17.4 us         17.4 us            1 L1-dcache-loads=37.851k items_per_second=14.7313M/s
BM_SELECTION_SORT/256/1/iterations:1/repeats:50                17.5 us         17.5 us            1 L1-dcache-loads=37.851k items_per_second=14.5994M/s
BM_SELECTION_SORT/256/1/iterations:1/repeats:50                17.0 us         17.0 us            1 L1-dcache-loads=37.851k items_per_second=15.0296M/s
BM_SELECTION_SORT/256/1/iterations:1/repeats:50                17.2 us         17.3 us            1 L1-dcache-loads=37.851k items_per_second=14.8311M/s
BM_SELECTION_SORT/256/1/iterations:1/repeats:50                17.3 us         17.3 us            1 L1-dcache-loads=37.851k items_per_second=14.7627M/s
BM_SELECTION_SORT/256/1/iterations:1/repeats:50                17.4 us         17.4 us            1 L1-dcache-loads=37.851k items_per_second=14.7262M/s
BM_SELECTION_SORT/256/1/iterations:1/repeats:50                17.4 us         17.4 us            1 L1-dcache-loads=37.851k items_per_second=14.7025M/s
BM_SELECTION_SORT/256/1/iterations:1/repeats:50                17.7 us         17.7 us            1 L1-dcache-loads=37.851k items_per_second=14.4331M/s
BM_SELECTION_SORT/256/1/iterations:1/repeats:50                17.3 us         17.3 us            1 L1-dcache-loads=37.851k items_per_second=14.8294M/s
BM_SELECTION_SORT/256/1/iterations:1/repeats:50                17.1 us         17.1 us            1 L1-dcache-loads=37.851k items_per_second=14.9297M/s
BM_SELECTION_SORT/256/1/iterations:1/repeats:50                17.2 us         17.2 us            1 L1-dcache-loads=37.851k items_per_second=14.869M/s
BM_SELECTION_SORT/256/1/iterations:1/repeats:50                17.6 us         17.6 us            1 L1-dcache-loads=37.851k items_per_second=14.5314M/s
BM_SELECTION_SORT/256/1/iterations:1/repeats:50                17.9 us         17.9 us            1 L1-dcache-loads=37.851k items_per_second=14.2865M/s
BM_SELECTION_SORT/256/1/iterations:1/repeats:50                17.7 us         17.7 us            1 L1-dcache-loads=37.851k items_per_second=14.4453M/s
BM_SELECTION_SORT/256/1/iterations:1/repeats:50                17.6 us         17.6 us            1 L1-dcache-loads=37.851k items_per_second=14.5306M/s
BM_SELECTION_SORT/256/1/iterations:1/repeats:50                17.6 us         17.6 us            1 L1-dcache-loads=37.851k items_per_second=14.5364M/s
BM_SELECTION_SORT/256/1/iterations:1/repeats:50                17.6 us         17.6 us            1 L1-dcache-loads=37.851k items_per_second=14.5529M/s
BM_SELECTION_SORT/256/1/iterations:1/repeats:50                17.1 us         17.1 us            1 L1-dcache-loads=37.851k items_per_second=14.9883M/s
BM_SELECTION_SORT/256/1/iterations:1/repeats:50                17.1 us         17.1 us            1 L1-dcache-loads=37.851k items_per_second=14.9918M/s
BM_SELECTION_SORT/256/1/iterations:1/repeats:50                17.4 us         17.4 us            1 L1-dcache-loads=37.851k items_per_second=14.7211M/s
BM_SELECTION_SORT/256/1/iterations:1/repeats:50                17.3 us         17.3 us            1 L1-dcache-loads=37.851k items_per_second=14.7627M/s
BM_SELECTION_SORT/256/1/iterations:1/repeats:50                17.6 us         17.6 us            1 L1-dcache-loads=37.851k items_per_second=14.5298M/s
BM_SELECTION_SORT/256/1/iterations:1/repeats:50                17.5 us         17.5 us            1 L1-dcache-loads=37.851k items_per_second=14.6177M/s
BM_SELECTION_SORT/256/1/iterations:1/repeats:50                17.4 us         17.4 us            1 L1-dcache-loads=37.851k items_per_second=14.6924M/s
BM_SELECTION_SORT/256/1/iterations:1/repeats:50                17.5 us         17.5 us            1 L1-dcache-loads=37.851k items_per_second=14.6537M/s
BM_SELECTION_SORT/256/1/iterations:1/repeats:50                17.9 us         17.9 us            1 L1-dcache-loads=37.851k items_per_second=14.3065M/s
BM_SELECTION_SORT/256/1/iterations:1/repeats:50                17.0 us         17.0 us            1 L1-dcache-loads=37.851k items_per_second=15.0279M/s
BM_SELECTION_SORT/256/1/iterations:1/repeats:50                17.5 us         17.5 us            1 L1-dcache-loads=37.851k items_per_second=14.6596M/s
BM_SELECTION_SORT/256/1/iterations:1/repeats:50                16.9 us         16.9 us            1 L1-dcache-loads=37.851k items_per_second=15.1758M/s
BM_SELECTION_SORT/256/1/iterations:1/repeats:50                17.0 us         17.0 us            1 L1-dcache-loads=37.851k items_per_second=15.081M/s
BM_SELECTION_SORT/256/1/iterations:1/repeats:50                17.2 us         17.2 us            1 L1-dcache-loads=37.851k items_per_second=14.8725M/s
BM_SELECTION_SORT/256/1/iterations:1/repeats:50                17.9 us         17.9 us            1 L1-dcache-loads=37.851k items_per_second=14.3017M/s
BM_SELECTION_SORT/256/1/iterations:1/repeats:50                17.9 us         17.9 us            1 L1-dcache-loads=37.851k items_per_second=14.3073M/s
BM_SELECTION_SORT/256/1/iterations:1/repeats:50                17.4 us         17.4 us            1 L1-dcache-loads=37.851k items_per_second=14.7008M/s
BM_SELECTION_SORT/256/1/iterations:1/repeats:50                17.7 us         17.7 us            1 L1-dcache-loads=37.851k items_per_second=14.4494M/s
BM_SELECTION_SORT/256/1/iterations:1/repeats:50                17.9 us         17.9 us            1 L1-dcache-loads=37.851k items_per_second=14.273M/s
BM_SELECTION_SORT/256/1/iterations:1/repeats:50                17.7 us         17.7 us            1 L1-dcache-loads=37.851k items_per_second=14.4772M/s
BM_SELECTION_SORT/256/1/iterations:1/repeats:50_mean           17.8 us         17.8 us           50 L1-dcache-loads=37.851k items_per_second=14.4028M/s
BM_SELECTION_SORT/256/1/iterations:1/repeats:50_median         17.6 us         17.6 us           50 L1-dcache-loads=37.851k items_per_second=14.5761M/s
BM_SELECTION_SORT/256/1/iterations:1/repeats:50_stddev        0.760 us        0.759 us           50 L1-dcache-loads=0 items_per_second=588.767k/s
BM_SELECTION_SORT/256/1/iterations:1/repeats:50_cv             4.27 %          4.27 %            50 L1-dcache-loads=0.00% items_per_second=4.09%
BM_SELECTION_SORT/512/1/iterations:1/repeats:50                48.5 us         48.5 us            1 L1-dcache-loads=141.147k items_per_second=10.5661M/s
BM_SELECTION_SORT/512/1/iterations:1/repeats:50                49.5 us         49.5 us            1 L1-dcache-loads=141.147k items_per_second=10.3357M/s
BM_SELECTION_SORT/512/1/iterations:1/repeats:50                49.7 us         49.8 us            1 L1-dcache-loads=141.147k items_per_second=10.2902M/s
BM_SELECTION_SORT/512/1/iterations:1/repeats:50                49.7 us         49.7 us            1 L1-dcache-loads=141.147k items_per_second=10.2954M/s
BM_SELECTION_SORT/512/1/iterations:1/repeats:50                48.9 us         48.9 us            1 L1-dcache-loads=141.147k items_per_second=10.4806M/s
BM_SELECTION_SORT/512/1/iterations:1/repeats:50                50.3 us         50.3 us            1 L1-dcache-loads=141.147k items_per_second=10.1739M/s
BM_SELECTION_SORT/512/1/iterations:1/repeats:50                49.3 us         49.3 us            1 L1-dcache-loads=141.147k items_per_second=10.3791M/s
BM_SELECTION_SORT/512/1/iterations:1/repeats:50                49.7 us         49.7 us            1 L1-dcache-loads=141.147k items_per_second=10.312M/s
BM_SELECTION_SORT/512/1/iterations:1/repeats:50                49.8 us         49.8 us            1 L1-dcache-loads=141.147k items_per_second=10.2729M/s
BM_SELECTION_SORT/512/1/iterations:1/repeats:50                48.7 us         48.7 us            1 L1-dcache-loads=141.147k items_per_second=10.5166M/s
BM_SELECTION_SORT/512/1/iterations:1/repeats:50                49.9 us         49.9 us            1 L1-dcache-loads=141.147k items_per_second=10.2667M/s
BM_SELECTION_SORT/512/1/iterations:1/repeats:50                50.0 us         50.0 us            1 L1-dcache-loads=141.147k items_per_second=10.2427M/s
BM_SELECTION_SORT/512/1/iterations:1/repeats:50                49.9 us         49.9 us            1 L1-dcache-loads=141.147k items_per_second=10.2692M/s
BM_SELECTION_SORT/512/1/iterations:1/repeats:50                48.7 us         48.7 us            1 L1-dcache-loads=141.147k items_per_second=10.5058M/s
BM_SELECTION_SORT/512/1/iterations:1/repeats:50                49.0 us         49.0 us            1 L1-dcache-loads=141.147k items_per_second=10.4488M/s
BM_SELECTION_SORT/512/1/iterations:1/repeats:50                50.4 us         50.4 us            1 L1-dcache-loads=141.148k items_per_second=10.164M/s
BM_SELECTION_SORT/512/1/iterations:1/repeats:50                49.7 us         49.7 us            1 L1-dcache-loads=141.147k items_per_second=10.3084M/s
BM_SELECTION_SORT/512/1/iterations:1/repeats:50                49.0 us         49.0 us            1 L1-dcache-loads=141.147k items_per_second=10.4556M/s
BM_SELECTION_SORT/512/1/iterations:1/repeats:50                49.4 us         49.4 us            1 L1-dcache-loads=141.147k items_per_second=10.3696M/s
BM_SELECTION_SORT/512/1/iterations:1/repeats:50                49.7 us         49.7 us            1 L1-dcache-loads=141.147k items_per_second=10.2966M/s
BM_SELECTION_SORT/512/1/iterations:1/repeats:50                49.1 us         49.1 us            1 L1-dcache-loads=141.147k items_per_second=10.422M/s
BM_SELECTION_SORT/512/1/iterations:1/repeats:50                48.8 us         48.8 us            1 L1-dcache-loads=141.147k items_per_second=10.4869M/s
BM_SELECTION_SORT/512/1/iterations:1/repeats:50                50.0 us         50.0 us            1 L1-dcache-loads=141.147k items_per_second=10.2304M/s
BM_SELECTION_SORT/512/1/iterations:1/repeats:50                49.4 us         49.4 us            1 L1-dcache-loads=141.147k items_per_second=10.3642M/s
BM_SELECTION_SORT/512/1/iterations:1/repeats:50                49.2 us         49.2 us            1 L1-dcache-loads=141.147k items_per_second=10.4107M/s
BM_SELECTION_SORT/512/1/iterations:1/repeats:50                49.5 us         49.5 us            1 L1-dcache-loads=141.147k items_per_second=10.3443M/s
BM_SELECTION_SORT/512/1/iterations:1/repeats:50                49.2 us         49.3 us            1 L1-dcache-loads=141.147k items_per_second=10.3949M/s
BM_SELECTION_SORT/512/1/iterations:1/repeats:50                48.4 us         48.4 us            1 L1-dcache-loads=141.147k items_per_second=10.5711M/s
BM_SELECTION_SORT/512/1/iterations:1/repeats:50                49.7 us         49.7 us            1 L1-dcache-loads=141.147k items_per_second=10.3014M/s
BM_SELECTION_SORT/512/1/iterations:1/repeats:50                48.9 us         48.9 us            1 L1-dcache-loads=141.147k items_per_second=10.4614M/s
BM_SELECTION_SORT/512/1/iterations:1/repeats:50                49.0 us         49.0 us            1 L1-dcache-loads=141.147k items_per_second=10.449M/s
BM_SELECTION_SORT/512/1/iterations:1/repeats:50                49.5 us         49.5 us            1 L1-dcache-loads=141.147k items_per_second=10.3401M/s
BM_SELECTION_SORT/512/1/iterations:1/repeats:50                49.5 us         49.5 us            1 L1-dcache-loads=141.147k items_per_second=10.3401M/s
BM_SELECTION_SORT/512/1/iterations:1/repeats:50                49.1 us         49.1 us            1 L1-dcache-loads=141.147k items_per_second=10.4296M/s
BM_SELECTION_SORT/512/1/iterations:1/repeats:50                49.8 us         49.8 us            1 L1-dcache-loads=141.147k items_per_second=10.289M/s
BM_SELECTION_SORT/512/1/iterations:1/repeats:50                50.7 us         50.7 us            1 L1-dcache-loads=141.148k items_per_second=10.0938M/s
BM_SELECTION_SORT/512/1/iterations:1/repeats:50                49.7 us         49.7 us            1 L1-dcache-loads=141.147k items_per_second=10.2981M/s
BM_SELECTION_SORT/512/1/iterations:1/repeats:50                48.9 us         48.9 us            1 L1-dcache-loads=141.147k items_per_second=10.4671M/s
BM_SELECTION_SORT/512/1/iterations:1/repeats:50                48.8 us         48.8 us            1 L1-dcache-loads=141.147k items_per_second=10.4959M/s
BM_SELECTION_SORT/512/1/iterations:1/repeats:50                50.2 us         50.2 us            1 L1-dcache-loads=141.147k items_per_second=10.2086M/s
BM_SELECTION_SORT/512/1/iterations:1/repeats:50                49.7 us         49.7 us            1 L1-dcache-loads=141.147k items_per_second=10.3066M/s
BM_SELECTION_SORT/512/1/iterations:1/repeats:50                49.3 us         49.3 us            1 L1-dcache-loads=141.147k items_per_second=10.3812M/s
BM_SELECTION_SORT/512/1/iterations:1/repeats:50                48.7 us         48.7 us            1 L1-dcache-loads=141.147k items_per_second=10.5049M/s
BM_SELECTION_SORT/512/1/iterations:1/repeats:50                49.6 us         49.6 us            1 L1-dcache-loads=141.147k items_per_second=10.3238M/s
BM_SELECTION_SORT/512/1/iterations:1/repeats:50                49.6 us         49.6 us            1 L1-dcache-loads=141.147k items_per_second=10.3242M/s
BM_SELECTION_SORT/512/1/iterations:1/repeats:50                50.3 us         50.3 us            1 L1-dcache-loads=141.147k items_per_second=10.1807M/s
BM_SELECTION_SORT/512/1/iterations:1/repeats:50                50.3 us         50.3 us            1 L1-dcache-loads=141.147k items_per_second=10.1753M/s
BM_SELECTION_SORT/512/1/iterations:1/repeats:50                49.0 us         49.0 us            1 L1-dcache-loads=141.147k items_per_second=10.4409M/s
BM_SELECTION_SORT/512/1/iterations:1/repeats:50                49.6 us         49.6 us            1 L1-dcache-loads=141.147k items_per_second=10.3272M/s
BM_SELECTION_SORT/512/1/iterations:1/repeats:50                49.8 us         49.8 us            1 L1-dcache-loads=141.147k items_per_second=10.2811M/s
BM_SELECTION_SORT/512/1/iterations:1/repeats:50_mean           49.5 us         49.5 us           50 L1-dcache-loads=141.147k items_per_second=10.3519M/s
BM_SELECTION_SORT/512/1/iterations:1/repeats:50_median         49.5 us         49.5 us           50 L1-dcache-loads=141.147k items_per_second=10.3379M/s
BM_SELECTION_SORT/512/1/iterations:1/repeats:50_stddev        0.529 us        0.529 us           50 L1-dcache-loads=0.197945 items_per_second=110.58k/s
BM_SELECTION_SORT/512/1/iterations:1/repeats:50_cv             1.07 %          1.07 %            50 L1-dcache-loads=0.00% items_per_second=1.07%
BM_SELECTION_SORT/1024/1/iterations:1/repeats:50                163 us          163 us            1 L1-dcache-loads=544.348k items_per_second=6.27539M/s
BM_SELECTION_SORT/1024/1/iterations:1/repeats:50                154 us          154 us            1 L1-dcache-loads=544.347k items_per_second=6.63745M/s
BM_SELECTION_SORT/1024/1/iterations:1/repeats:50                153 us          153 us            1 L1-dcache-loads=544.347k items_per_second=6.70767M/s
BM_SELECTION_SORT/1024/1/iterations:1/repeats:50                155 us          155 us            1 L1-dcache-loads=544.347k items_per_second=6.60713M/s
BM_SELECTION_SORT/1024/1/iterations:1/repeats:50                153 us          153 us            1 L1-dcache-loads=544.347k items_per_second=6.69373M/s
BM_SELECTION_SORT/1024/1/iterations:1/repeats:50                153 us          153 us            1 L1-dcache-loads=544.347k items_per_second=6.67793M/s
BM_SELECTION_SORT/1024/1/iterations:1/repeats:50                154 us          154 us            1 L1-dcache-loads=544.348k items_per_second=6.6353M/s
BM_SELECTION_SORT/1024/1/iterations:1/repeats:50                153 us          153 us            1 L1-dcache-loads=544.347k items_per_second=6.71269M/s
BM_SELECTION_SORT/1024/1/iterations:1/repeats:50                152 us          152 us            1 L1-dcache-loads=544.347k items_per_second=6.72145M/s
BM_SELECTION_SORT/1024/1/iterations:1/repeats:50                154 us          154 us            1 L1-dcache-loads=544.347k items_per_second=6.6372M/s
BM_SELECTION_SORT/1024/1/iterations:1/repeats:50                154 us          154 us            1 L1-dcache-loads=544.347k items_per_second=6.64098M/s
BM_SELECTION_SORT/1024/1/iterations:1/repeats:50                152 us          152 us            1 L1-dcache-loads=544.347k items_per_second=6.72282M/s
BM_SELECTION_SORT/1024/1/iterations:1/repeats:50                155 us          155 us            1 L1-dcache-loads=544.348k items_per_second=6.59301M/s
BM_SELECTION_SORT/1024/1/iterations:1/repeats:50                153 us          153 us            1 L1-dcache-loads=544.347k items_per_second=6.71079M/s
BM_SELECTION_SORT/1024/1/iterations:1/repeats:50                154 us          154 us            1 L1-dcache-loads=544.347k items_per_second=6.639M/s
BM_SELECTION_SORT/1024/1/iterations:1/repeats:50                154 us          154 us            1 L1-dcache-loads=544.347k items_per_second=6.66263M/s
BM_SELECTION_SORT/1024/1/iterations:1/repeats:50                153 us          153 us            1 L1-dcache-loads=544.347k items_per_second=6.70148M/s
BM_SELECTION_SORT/1024/1/iterations:1/repeats:50                153 us          153 us            1 L1-dcache-loads=544.347k items_per_second=6.67327M/s
BM_SELECTION_SORT/1024/1/iterations:1/repeats:50                152 us          152 us            1 L1-dcache-loads=544.347k items_per_second=6.71652M/s
BM_SELECTION_SORT/1024/1/iterations:1/repeats:50                154 us          154 us            1 L1-dcache-loads=544.348k items_per_second=6.65307M/s
BM_SELECTION_SORT/1024/1/iterations:1/repeats:50                153 us          153 us            1 L1-dcache-loads=544.347k items_per_second=6.67227M/s
BM_SELECTION_SORT/1024/1/iterations:1/repeats:50                153 us          153 us            1 L1-dcache-loads=544.347k items_per_second=6.70684M/s
BM_SELECTION_SORT/1024/1/iterations:1/repeats:50                154 us          154 us            1 L1-dcache-loads=544.347k items_per_second=6.65756M/s
BM_SELECTION_SORT/1024/1/iterations:1/repeats:50                152 us          152 us            1 L1-dcache-loads=544.347k items_per_second=6.72887M/s
BM_SELECTION_SORT/1024/1/iterations:1/repeats:50                153 us          153 us            1 L1-dcache-loads=544.347k items_per_second=6.68316M/s
BM_SELECTION_SORT/1024/1/iterations:1/repeats:50                154 us          154 us            1 L1-dcache-loads=544.348k items_per_second=6.65635M/s
BM_SELECTION_SORT/1024/1/iterations:1/repeats:50                153 us          153 us            1 L1-dcache-loads=544.347k items_per_second=6.70785M/s
BM_SELECTION_SORT/1024/1/iterations:1/repeats:50                153 us          153 us            1 L1-dcache-loads=544.347k items_per_second=6.67175M/s
BM_SELECTION_SORT/1024/1/iterations:1/repeats:50                152 us          152 us            1 L1-dcache-loads=544.347k items_per_second=6.7159M/s
BM_SELECTION_SORT/1024/1/iterations:1/repeats:50                153 us          153 us            1 L1-dcache-loads=544.347k items_per_second=6.69194M/s
BM_SELECTION_SORT/1024/1/iterations:1/repeats:50                153 us          153 us            1 L1-dcache-loads=544.347k items_per_second=6.7111M/s
BM_SELECTION_SORT/1024/1/iterations:1/repeats:50                154 us          154 us            1 L1-dcache-loads=544.347k items_per_second=6.66762M/s
BM_SELECTION_SORT/1024/1/iterations:1/repeats:50                153 us          153 us            1 L1-dcache-loads=544.348k items_per_second=6.69312M/s
BM_SELECTION_SORT/1024/1/iterations:1/repeats:50                155 us          155 us            1 L1-dcache-loads=544.347k items_per_second=6.62273M/s
BM_SELECTION_SORT/1024/1/iterations:1/repeats:50                155 us          155 us            1 L1-dcache-loads=544.347k items_per_second=6.62436M/s
BM_SELECTION_SORT/1024/1/iterations:1/repeats:50                153 us          153 us            1 L1-dcache-loads=544.347k items_per_second=6.67666M/s
BM_SELECTION_SORT/1024/1/iterations:1/repeats:50                152 us          152 us            1 L1-dcache-loads=544.347k items_per_second=6.71779M/s
BM_SELECTION_SORT/1024/1/iterations:1/repeats:50                154 us          154 us            1 L1-dcache-loads=544.347k items_per_second=6.63565M/s
BM_SELECTION_SORT/1024/1/iterations:1/repeats:50                155 us          155 us            1 L1-dcache-loads=544.348k items_per_second=6.59169M/s
BM_SELECTION_SORT/1024/1/iterations:1/repeats:50                153 us          153 us            1 L1-dcache-loads=544.347k items_per_second=6.69132M/s
BM_SELECTION_SORT/1024/1/iterations:1/repeats:50                153 us          153 us            1 L1-dcache-loads=544.347k items_per_second=6.69728M/s
BM_SELECTION_SORT/1024/1/iterations:1/repeats:50                154 us          154 us            1 L1-dcache-loads=544.347k items_per_second=6.65895M/s
BM_SELECTION_SORT/1024/1/iterations:1/repeats:50                153 us          153 us            1 L1-dcache-loads=544.347k items_per_second=6.68176M/s
BM_SELECTION_SORT/1024/1/iterations:1/repeats:50                153 us          153 us            1 L1-dcache-loads=544.347k items_per_second=6.68984M/s
BM_SELECTION_SORT/1024/1/iterations:1/repeats:50                152 us          152 us            1 L1-dcache-loads=544.347k items_per_second=6.71872M/s
BM_SELECTION_SORT/1024/1/iterations:1/repeats:50                153 us          153 us            1 L1-dcache-loads=544.348k items_per_second=6.70363M/s
BM_SELECTION_SORT/1024/1/iterations:1/repeats:50                152 us          152 us            1 L1-dcache-loads=544.347k items_per_second=6.74558M/s
BM_SELECTION_SORT/1024/1/iterations:1/repeats:50                152 us          152 us            1 L1-dcache-loads=544.347k items_per_second=6.72278M/s
BM_SELECTION_SORT/1024/1/iterations:1/repeats:50                152 us          152 us            1 L1-dcache-loads=544.347k items_per_second=6.75359M/s
BM_SELECTION_SORT/1024/1/iterations:1/repeats:50                153 us          153 us            1 L1-dcache-loads=544.347k items_per_second=6.7024M/s
BM_SELECTION_SORT/1024/1/iterations:1/repeats:50_mean           153 us          153 us           50 L1-dcache-loads=544.347k items_per_second=6.67237M/s
BM_SELECTION_SORT/1024/1/iterations:1/repeats:50_median         153 us          153 us           50 L1-dcache-loads=544.347k items_per_second=6.6865M/s
BM_SELECTION_SORT/1024/1/iterations:1/repeats:50_stddev        1.65 us         1.65 us           50 L1-dcache-loads=0.370327 items_per_second=68.8648k/s
BM_SELECTION_SORT/1024/1/iterations:1/repeats:50_cv            1.08 %          1.08 %            50 L1-dcache-loads=0.00% items_per_second=1.03%
BM_SELECTION_SORT/2048/1/iterations:1/repeats:50                525 us          525 us            1 L1-dcache-loads=2.13718M items_per_second=3.90073M/s
BM_SELECTION_SORT/2048/1/iterations:1/repeats:50                516 us          516 us            1 L1-dcache-loads=2.13718M items_per_second=3.97068M/s
BM_SELECTION_SORT/2048/1/iterations:1/repeats:50                516 us          516 us            1 L1-dcache-loads=2.13718M items_per_second=3.96724M/s
BM_SELECTION_SORT/2048/1/iterations:1/repeats:50                518 us          518 us            1 L1-dcache-loads=2.13718M items_per_second=3.95105M/s
BM_SELECTION_SORT/2048/1/iterations:1/repeats:50                516 us          516 us            1 L1-dcache-loads=2.13718M items_per_second=3.96938M/s
BM_SELECTION_SORT/2048/1/iterations:1/repeats:50                517 us          517 us            1 L1-dcache-loads=2.13718M items_per_second=3.96284M/s
BM_SELECTION_SORT/2048/1/iterations:1/repeats:50                512 us          512 us            1 L1-dcache-loads=2.13718M items_per_second=3.99634M/s
BM_SELECTION_SORT/2048/1/iterations:1/repeats:50                513 us          513 us            1 L1-dcache-loads=2.13718M items_per_second=3.99335M/s
BM_SELECTION_SORT/2048/1/iterations:1/repeats:50                514 us          514 us            1 L1-dcache-loads=2.13718M items_per_second=3.98594M/s
BM_SELECTION_SORT/2048/1/iterations:1/repeats:50                515 us          515 us            1 L1-dcache-loads=2.13718M items_per_second=3.97665M/s
BM_SELECTION_SORT/2048/1/iterations:1/repeats:50                515 us          515 us            1 L1-dcache-loads=2.13718M items_per_second=3.97797M/s
BM_SELECTION_SORT/2048/1/iterations:1/repeats:50                518 us          518 us            1 L1-dcache-loads=2.13718M items_per_second=3.95367M/s
BM_SELECTION_SORT/2048/1/iterations:1/repeats:50                514 us          514 us            1 L1-dcache-loads=2.13718M items_per_second=3.98584M/s
BM_SELECTION_SORT/2048/1/iterations:1/repeats:50                517 us          517 us            1 L1-dcache-loads=2.13718M items_per_second=3.96406M/s
BM_SELECTION_SORT/2048/1/iterations:1/repeats:50                514 us          514 us            1 L1-dcache-loads=2.13718M items_per_second=3.98268M/s
BM_SELECTION_SORT/2048/1/iterations:1/repeats:50                517 us          517 us            1 L1-dcache-loads=2.13718M items_per_second=3.96102M/s
BM_SELECTION_SORT/2048/1/iterations:1/repeats:50                516 us          516 us            1 L1-dcache-loads=2.13718M items_per_second=3.96788M/s
BM_SELECTION_SORT/2048/1/iterations:1/repeats:50                515 us          515 us            1 L1-dcache-loads=2.13718M items_per_second=3.9731M/s
BM_SELECTION_SORT/2048/1/iterations:1/repeats:50                516 us          516 us            1 L1-dcache-loads=2.13718M items_per_second=3.97072M/s
BM_SELECTION_SORT/2048/1/iterations:1/repeats:50                516 us          516 us            1 L1-dcache-loads=2.13718M items_per_second=3.97115M/s
BM_SELECTION_SORT/2048/1/iterations:1/repeats:50                516 us          516 us            1 L1-dcache-loads=2.13718M items_per_second=3.96666M/s
BM_SELECTION_SORT/2048/1/iterations:1/repeats:50                518 us          518 us            1 L1-dcache-loads=2.13718M items_per_second=3.95466M/s
BM_SELECTION_SORT/2048/1/iterations:1/repeats:50                514 us          514 us            1 L1-dcache-loads=2.13718M items_per_second=3.98235M/s
BM_SELECTION_SORT/2048/1/iterations:1/repeats:50                514 us          514 us            1 L1-dcache-loads=2.13718M items_per_second=3.98365M/s
BM_SELECTION_SORT/2048/1/iterations:1/repeats:50                514 us          514 us            1 L1-dcache-loads=2.13718M items_per_second=3.9808M/s
BM_SELECTION_SORT/2048/1/iterations:1/repeats:50                517 us          517 us            1 L1-dcache-loads=2.13718M items_per_second=3.96204M/s
BM_SELECTION_SORT/2048/1/iterations:1/repeats:50                518 us          518 us            1 L1-dcache-loads=2.13718M items_per_second=3.94997M/s
BM_SELECTION_SORT/2048/1/iterations:1/repeats:50                525 us          520 us            1 L1-dcache-loads=2.13718M items_per_second=3.93947M/s
BM_SELECTION_SORT/2048/1/iterations:1/repeats:50                515 us          515 us            1 L1-dcache-loads=2.13718M items_per_second=3.97404M/s
BM_SELECTION_SORT/2048/1/iterations:1/repeats:50                514 us          514 us            1 L1-dcache-loads=2.13718M items_per_second=3.98176M/s
BM_SELECTION_SORT/2048/1/iterations:1/repeats:50                516 us          516 us            1 L1-dcache-loads=2.13718M items_per_second=3.97045M/s
BM_SELECTION_SORT/2048/1/iterations:1/repeats:50                513 us          513 us            1 L1-dcache-loads=2.13718M items_per_second=3.99034M/s
BM_SELECTION_SORT/2048/1/iterations:1/repeats:50                516 us          516 us            1 L1-dcache-loads=2.13718M items_per_second=3.96735M/s
BM_SELECTION_SORT/2048/1/iterations:1/repeats:50                512 us          512 us            1 L1-dcache-loads=2.13718M items_per_second=3.99938M/s
BM_SELECTION_SORT/2048/1/iterations:1/repeats:50                516 us          516 us            1 L1-dcache-loads=2.13718M items_per_second=3.96589M/s
BM_SELECTION_SORT/2048/1/iterations:1/repeats:50                515 us          515 us            1 L1-dcache-loads=2.13718M items_per_second=3.98046M/s
BM_SELECTION_SORT/2048/1/iterations:1/repeats:50                514 us          514 us            1 L1-dcache-loads=2.13718M items_per_second=3.98257M/s
BM_SELECTION_SORT/2048/1/iterations:1/repeats:50                515 us          515 us            1 L1-dcache-loads=2.13718M items_per_second=3.97538M/s
BM_SELECTION_SORT/2048/1/iterations:1/repeats:50                516 us          516 us            1 L1-dcache-loads=2.13718M items_per_second=3.96769M/s
BM_SELECTION_SORT/2048/1/iterations:1/repeats:50                514 us          514 us            1 L1-dcache-loads=2.13718M items_per_second=3.982M/s
BM_SELECTION_SORT/2048/1/iterations:1/repeats:50                516 us          516 us            1 L1-dcache-loads=2.13718M items_per_second=3.97149M/s
BM_SELECTION_SORT/2048/1/iterations:1/repeats:50                516 us          516 us            1 L1-dcache-loads=2.13718M items_per_second=3.97125M/s
BM_SELECTION_SORT/2048/1/iterations:1/repeats:50                517 us          517 us            1 L1-dcache-loads=2.13718M items_per_second=3.96078M/s
BM_SELECTION_SORT/2048/1/iterations:1/repeats:50                515 us          515 us            1 L1-dcache-loads=2.13718M items_per_second=3.97458M/s
BM_SELECTION_SORT/2048/1/iterations:1/repeats:50                518 us          518 us            1 L1-dcache-loads=2.13718M items_per_second=3.95717M/s
BM_SELECTION_SORT/2048/1/iterations:1/repeats:50                516 us          516 us            1 L1-dcache-loads=2.13718M items_per_second=3.96519M/s
BM_SELECTION_SORT/2048/1/iterations:1/repeats:50                519 us          519 us            1 L1-dcache-loads=2.13718M items_per_second=3.94904M/s
BM_SELECTION_SORT/2048/1/iterations:1/repeats:50                514 us          514 us            1 L1-dcache-loads=2.13718M items_per_second=3.98344M/s
BM_SELECTION_SORT/2048/1/iterations:1/repeats:50                512 us          512 us            1 L1-dcache-loads=2.13718M items_per_second=3.99816M/s
BM_SELECTION_SORT/2048/1/iterations:1/repeats:50                513 us          513 us            1 L1-dcache-loads=2.13718M items_per_second=3.99454M/s
BM_SELECTION_SORT/2048/1/iterations:1/repeats:50_mean           516 us          516 us           50 L1-dcache-loads=2.13718M items_per_second=3.9713M/s
BM_SELECTION_SORT/2048/1/iterations:1/repeats:50_median         516 us          516 us           50 L1-dcache-loads=2.13718M items_per_second=3.9712M/s
BM_SELECTION_SORT/2048/1/iterations:1/repeats:50_stddev        2.50 us         2.20 us           50 L1-dcache-loads=0.504089 items_per_second=16.8159k/s
BM_SELECTION_SORT/2048/1/iterations:1/repeats:50_cv            0.48 %          0.43 %            50 L1-dcache-loads=0.00% items_per_second=0.42%
BM_SELECTION_SORT/4096/1/iterations:1/repeats:50               1853 us         1853 us            1 L1-dcache-loads=8.46857M items_per_second=2.21045M/s
BM_SELECTION_SORT/4096/1/iterations:1/repeats:50               1841 us         1841 us            1 L1-dcache-loads=8.46857M items_per_second=2.22457M/s
BM_SELECTION_SORT/4096/1/iterations:1/repeats:50               1842 us         1842 us            1 L1-dcache-loads=8.46857M items_per_second=2.22403M/s
BM_SELECTION_SORT/4096/1/iterations:1/repeats:50               1845 us         1845 us            1 L1-dcache-loads=8.46857M items_per_second=2.21963M/s
BM_SELECTION_SORT/4096/1/iterations:1/repeats:50               1851 us         1851 us            1 L1-dcache-loads=8.46857M items_per_second=2.21273M/s
BM_SELECTION_SORT/4096/1/iterations:1/repeats:50               1847 us         1847 us            1 L1-dcache-loads=8.46857M items_per_second=2.21729M/s
BM_SELECTION_SORT/4096/1/iterations:1/repeats:50               1850 us         1850 us            1 L1-dcache-loads=8.46857M items_per_second=2.21372M/s
BM_SELECTION_SORT/4096/1/iterations:1/repeats:50               1843 us         1843 us            1 L1-dcache-loads=8.46857M items_per_second=2.2222M/s
BM_SELECTION_SORT/4096/1/iterations:1/repeats:50               1843 us         1843 us            1 L1-dcache-loads=8.46857M items_per_second=2.22266M/s
BM_SELECTION_SORT/4096/1/iterations:1/repeats:50               1841 us         1841 us            1 L1-dcache-loads=8.46857M items_per_second=2.22474M/s
BM_SELECTION_SORT/4096/1/iterations:1/repeats:50               1843 us         1843 us            1 L1-dcache-loads=8.46857M items_per_second=2.2225M/s
BM_SELECTION_SORT/4096/1/iterations:1/repeats:50               1835 us         1835 us            1 L1-dcache-loads=8.46857M items_per_second=2.23184M/s
BM_SELECTION_SORT/4096/1/iterations:1/repeats:50               1841 us         1841 us            1 L1-dcache-loads=8.46857M items_per_second=2.22491M/s
BM_SELECTION_SORT/4096/1/iterations:1/repeats:50               1839 us         1839 us            1 L1-dcache-loads=8.46857M items_per_second=2.22781M/s
BM_SELECTION_SORT/4096/1/iterations:1/repeats:50               1840 us         1840 us            1 L1-dcache-loads=8.46857M items_per_second=2.22562M/s
BM_SELECTION_SORT/4096/1/iterations:1/repeats:50               1844 us         1844 us            1 L1-dcache-loads=8.46857M items_per_second=2.22147M/s
BM_SELECTION_SORT/4096/1/iterations:1/repeats:50               1840 us         1840 us            1 L1-dcache-loads=8.46857M items_per_second=2.22567M/s
BM_SELECTION_SORT/4096/1/iterations:1/repeats:50               1840 us         1840 us            1 L1-dcache-loads=8.46857M items_per_second=2.22615M/s
BM_SELECTION_SORT/4096/1/iterations:1/repeats:50               1845 us         1845 us            1 L1-dcache-loads=8.46857M items_per_second=2.22027M/s
BM_SELECTION_SORT/4096/1/iterations:1/repeats:50               1837 us         1837 us            1 L1-dcache-loads=8.46857M items_per_second=2.22917M/s
BM_SELECTION_SORT/4096/1/iterations:1/repeats:50               1842 us         1842 us            1 L1-dcache-loads=8.46857M items_per_second=2.22396M/s
BM_SELECTION_SORT/4096/1/iterations:1/repeats:50               1841 us         1841 us            1 L1-dcache-loads=8.46857M items_per_second=2.22449M/s
BM_SELECTION_SORT/4096/1/iterations:1/repeats:50               1846 us         1846 us            1 L1-dcache-loads=8.46857M items_per_second=2.21858M/s
BM_SELECTION_SORT/4096/1/iterations:1/repeats:50               1841 us         1841 us            1 L1-dcache-loads=8.46857M items_per_second=2.22436M/s
BM_SELECTION_SORT/4096/1/iterations:1/repeats:50               1839 us         1839 us            1 L1-dcache-loads=8.46857M items_per_second=2.2267M/s
BM_SELECTION_SORT/4096/1/iterations:1/repeats:50               1841 us         1841 us            1 L1-dcache-loads=8.46857M items_per_second=2.22527M/s
BM_SELECTION_SORT/4096/1/iterations:1/repeats:50               1842 us         1842 us            1 L1-dcache-loads=8.46857M items_per_second=2.2233M/s
BM_SELECTION_SORT/4096/1/iterations:1/repeats:50               1841 us         1841 us            1 L1-dcache-loads=8.46857M items_per_second=2.22467M/s
BM_SELECTION_SORT/4096/1/iterations:1/repeats:50               1848 us         1848 us            1 L1-dcache-loads=8.46857M items_per_second=2.21619M/s
BM_SELECTION_SORT/4096/1/iterations:1/repeats:50               1840 us         1840 us            1 L1-dcache-loads=8.46857M items_per_second=2.2266M/s
BM_SELECTION_SORT/4096/1/iterations:1/repeats:50               1845 us         1845 us            1 L1-dcache-loads=8.46857M items_per_second=2.22015M/s
BM_SELECTION_SORT/4096/1/iterations:1/repeats:50               1838 us         1838 us            1 L1-dcache-loads=8.46857M items_per_second=2.22899M/s
BM_SELECTION_SORT/4096/1/iterations:1/repeats:50               1838 us         1838 us            1 L1-dcache-loads=8.46857M items_per_second=2.22878M/s
BM_SELECTION_SORT/4096/1/iterations:1/repeats:50               1841 us         1841 us            1 L1-dcache-loads=8.46857M items_per_second=2.22469M/s
BM_SELECTION_SORT/4096/1/iterations:1/repeats:50               1842 us         1842 us            1 L1-dcache-loads=8.46857M items_per_second=2.22425M/s
BM_SELECTION_SORT/4096/1/iterations:1/repeats:50               1842 us         1842 us            1 L1-dcache-loads=8.46857M items_per_second=2.2232M/s
BM_SELECTION_SORT/4096/1/iterations:1/repeats:50               1844 us         1844 us            1 L1-dcache-loads=8.46857M items_per_second=2.22177M/s
BM_SELECTION_SORT/4096/1/iterations:1/repeats:50               1844 us         1844 us            1 L1-dcache-loads=8.46857M items_per_second=2.22074M/s
BM_SELECTION_SORT/4096/1/iterations:1/repeats:50               1837 us         1837 us            1 L1-dcache-loads=8.46857M items_per_second=2.22918M/s
BM_SELECTION_SORT/4096/1/iterations:1/repeats:50               1837 us         1837 us            1 L1-dcache-loads=8.46857M items_per_second=2.22951M/s
BM_SELECTION_SORT/4096/1/iterations:1/repeats:50               1841 us         1841 us            1 L1-dcache-loads=8.46857M items_per_second=2.22547M/s
BM_SELECTION_SORT/4096/1/iterations:1/repeats:50               1844 us         1844 us            1 L1-dcache-loads=8.46857M items_per_second=2.22106M/s
BM_SELECTION_SORT/4096/1/iterations:1/repeats:50               1842 us         1842 us            1 L1-dcache-loads=8.46857M items_per_second=2.2235M/s
BM_SELECTION_SORT/4096/1/iterations:1/repeats:50               1840 us         1840 us            1 L1-dcache-loads=8.46857M items_per_second=2.22599M/s
BM_SELECTION_SORT/4096/1/iterations:1/repeats:50               1845 us         1845 us            1 L1-dcache-loads=8.46857M items_per_second=2.2203M/s
BM_SELECTION_SORT/4096/1/iterations:1/repeats:50               1838 us         1838 us            1 L1-dcache-loads=8.46857M items_per_second=2.22824M/s
BM_SELECTION_SORT/4096/1/iterations:1/repeats:50               1842 us         1842 us            1 L1-dcache-loads=8.46857M items_per_second=2.22382M/s
BM_SELECTION_SORT/4096/1/iterations:1/repeats:50               1841 us         1841 us            1 L1-dcache-loads=8.46857M items_per_second=2.22521M/s
BM_SELECTION_SORT/4096/1/iterations:1/repeats:50               1845 us         1845 us            1 L1-dcache-loads=8.46857M items_per_second=2.2202M/s
BM_SELECTION_SORT/4096/1/iterations:1/repeats:50               1842 us         1842 us            1 L1-dcache-loads=8.46857M items_per_second=2.22353M/s
BM_SELECTION_SORT/4096/1/iterations:1/repeats:50_mean          1842 us         1842 us           50 L1-dcache-loads=8.46857M items_per_second=2.2234M/s
BM_SELECTION_SORT/4096/1/iterations:1/repeats:50_median        1842 us         1842 us           50 L1-dcache-loads=8.46857M items_per_second=2.22414M/s
BM_SELECTION_SORT/4096/1/iterations:1/repeats:50_stddev        3.58 us         3.58 us           50 L1-dcache-loads=0.378807 items_per_second=4.31305k/s
BM_SELECTION_SORT/4096/1/iterations:1/repeats:50_cv            0.19 %          0.19 %            50 L1-dcache-loads=0.00% items_per_second=0.19%
BM_SELECTION_SORT/8192/1/iterations:1/repeats:50               6928 us         6928 us            1 L1-dcache-loads=33.7143M items_per_second=1.18243M/s
BM_SELECTION_SORT/8192/1/iterations:1/repeats:50               6899 us         6899 us            1 L1-dcache-loads=33.7143M items_per_second=1.18744M/s
BM_SELECTION_SORT/8192/1/iterations:1/repeats:50               6925 us         6925 us            1 L1-dcache-loads=33.7143M items_per_second=1.18299M/s
BM_SELECTION_SORT/8192/1/iterations:1/repeats:50               6934 us         6930 us            1 L1-dcache-loads=33.7143M items_per_second=1.18205M/s
BM_SELECTION_SORT/8192/1/iterations:1/repeats:50               6919 us         6919 us            1 L1-dcache-loads=33.7143M items_per_second=1.18394M/s
BM_SELECTION_SORT/8192/1/iterations:1/repeats:50               6903 us         6903 us            1 L1-dcache-loads=33.7143M items_per_second=1.18665M/s
BM_SELECTION_SORT/8192/1/iterations:1/repeats:50               6909 us         6909 us            1 L1-dcache-loads=33.7143M items_per_second=1.1857M/s
BM_SELECTION_SORT/8192/1/iterations:1/repeats:50               6897 us         6897 us            1 L1-dcache-loads=33.7143M items_per_second=1.18779M/s
BM_SELECTION_SORT/8192/1/iterations:1/repeats:50               6906 us         6906 us            1 L1-dcache-loads=33.7143M items_per_second=1.18618M/s
BM_SELECTION_SORT/8192/1/iterations:1/repeats:50               6897 us         6897 us            1 L1-dcache-loads=33.7143M items_per_second=1.18772M/s
BM_SELECTION_SORT/8192/1/iterations:1/repeats:50               6909 us         6909 us            1 L1-dcache-loads=33.7143M items_per_second=1.18567M/s
BM_SELECTION_SORT/8192/1/iterations:1/repeats:50               6911 us         6911 us            1 L1-dcache-loads=33.7143M items_per_second=1.18531M/s
BM_SELECTION_SORT/8192/1/iterations:1/repeats:50               6920 us         6920 us            1 L1-dcache-loads=33.7143M items_per_second=1.18389M/s
BM_SELECTION_SORT/8192/1/iterations:1/repeats:50               6910 us         6910 us            1 L1-dcache-loads=33.7143M items_per_second=1.18547M/s
BM_SELECTION_SORT/8192/1/iterations:1/repeats:50               6907 us         6907 us            1 L1-dcache-loads=33.7143M items_per_second=1.186M/s
BM_SELECTION_SORT/8192/1/iterations:1/repeats:50               6916 us         6916 us            1 L1-dcache-loads=33.7143M items_per_second=1.18444M/s
BM_SELECTION_SORT/8192/1/iterations:1/repeats:50               6907 us         6907 us            1 L1-dcache-loads=33.7143M items_per_second=1.18605M/s
BM_SELECTION_SORT/8192/1/iterations:1/repeats:50               6909 us         6909 us            1 L1-dcache-loads=33.7143M items_per_second=1.18572M/s
BM_SELECTION_SORT/8192/1/iterations:1/repeats:50               6906 us         6906 us            1 L1-dcache-loads=33.7143M items_per_second=1.18621M/s
BM_SELECTION_SORT/8192/1/iterations:1/repeats:50               6900 us         6900 us            1 L1-dcache-loads=33.7143M items_per_second=1.18726M/s
BM_SELECTION_SORT/8192/1/iterations:1/repeats:50               6899 us         6899 us            1 L1-dcache-loads=33.7143M items_per_second=1.18746M/s
BM_SELECTION_SORT/8192/1/iterations:1/repeats:50               7963 us         6947 us            1 L1-dcache-loads=33.7143M items_per_second=1.17929M/s
BM_SELECTION_SORT/8192/1/iterations:1/repeats:50               7505 us         6932 us            1 L1-dcache-loads=33.7143M items_per_second=1.1818M/s
BM_SELECTION_SORT/8192/1/iterations:1/repeats:50               6907 us         6907 us            1 L1-dcache-loads=33.7143M items_per_second=1.18606M/s
BM_SELECTION_SORT/8192/1/iterations:1/repeats:50               6915 us         6915 us            1 L1-dcache-loads=33.7143M items_per_second=1.18461M/s
BM_SELECTION_SORT/8192/1/iterations:1/repeats:50               6916 us         6916 us            1 L1-dcache-loads=33.7143M items_per_second=1.18449M/s
BM_SELECTION_SORT/8192/1/iterations:1/repeats:50               6911 us         6911 us            1 L1-dcache-loads=33.7143M items_per_second=1.18529M/s
BM_SELECTION_SORT/8192/1/iterations:1/repeats:50               6901 us         6901 us            1 L1-dcache-loads=33.7143M items_per_second=1.187M/s
BM_SELECTION_SORT/8192/1/iterations:1/repeats:50               6901 us         6901 us            1 L1-dcache-loads=33.7143M items_per_second=1.187M/s
BM_SELECTION_SORT/8192/1/iterations:1/repeats:50               6910 us         6910 us            1 L1-dcache-loads=33.7143M items_per_second=1.18548M/s
BM_SELECTION_SORT/8192/1/iterations:1/repeats:50               7041 us         6907 us            1 L1-dcache-loads=33.7143M items_per_second=1.18608M/s
BM_SELECTION_SORT/8192/1/iterations:1/repeats:50               6914 us         6914 us            1 L1-dcache-loads=33.7143M items_per_second=1.1849M/s
BM_SELECTION_SORT/8192/1/iterations:1/repeats:50               6908 us         6908 us            1 L1-dcache-loads=33.7143M items_per_second=1.18583M/s
BM_SELECTION_SORT/8192/1/iterations:1/repeats:50               6894 us         6894 us            1 L1-dcache-loads=33.7143M items_per_second=1.18824M/s
BM_SELECTION_SORT/8192/1/iterations:1/repeats:50               6920 us         6920 us            1 L1-dcache-loads=33.7143M items_per_second=1.18379M/s
BM_SELECTION_SORT/8192/1/iterations:1/repeats:50               6917 us         6917 us            1 L1-dcache-loads=33.7143M items_per_second=1.18438M/s
BM_SELECTION_SORT/8192/1/iterations:1/repeats:50               6912 us         6912 us            1 L1-dcache-loads=33.7143M items_per_second=1.18521M/s
BM_SELECTION_SORT/8192/1/iterations:1/repeats:50               6910 us         6910 us            1 L1-dcache-loads=33.7143M items_per_second=1.18547M/s
BM_SELECTION_SORT/8192/1/iterations:1/repeats:50               6902 us         6902 us            1 L1-dcache-loads=33.7143M items_per_second=1.18682M/s
BM_SELECTION_SORT/8192/1/iterations:1/repeats:50               6904 us         6904 us            1 L1-dcache-loads=33.7143M items_per_second=1.18656M/s
BM_SELECTION_SORT/8192/1/iterations:1/repeats:50               6903 us         6903 us            1 L1-dcache-loads=33.7143M items_per_second=1.18673M/s
BM_SELECTION_SORT/8192/1/iterations:1/repeats:50               6908 us         6908 us            1 L1-dcache-loads=33.7143M items_per_second=1.18586M/s
BM_SELECTION_SORT/8192/1/iterations:1/repeats:50               6909 us         6909 us            1 L1-dcache-loads=33.7143M items_per_second=1.18567M/s
BM_SELECTION_SORT/8192/1/iterations:1/repeats:50               6912 us         6912 us            1 L1-dcache-loads=33.7143M items_per_second=1.18521M/s
BM_SELECTION_SORT/8192/1/iterations:1/repeats:50               6904 us         6904 us            1 L1-dcache-loads=33.7143M items_per_second=1.18659M/s
BM_SELECTION_SORT/8192/1/iterations:1/repeats:50               6914 us         6914 us            1 L1-dcache-loads=33.7143M items_per_second=1.18489M/s
BM_SELECTION_SORT/8192/1/iterations:1/repeats:50               6898 us         6898 us            1 L1-dcache-loads=33.7143M items_per_second=1.18754M/s
BM_SELECTION_SORT/8192/1/iterations:1/repeats:50               6904 us         6904 us            1 L1-dcache-loads=33.7143M items_per_second=1.18655M/s
BM_SELECTION_SORT/8192/1/iterations:1/repeats:50               6902 us         6902 us            1 L1-dcache-loads=33.7143M items_per_second=1.18685M/s
BM_SELECTION_SORT/8192/1/iterations:1/repeats:50               6917 us         6917 us            1 L1-dcache-loads=33.7143M items_per_second=1.18438M/s
BM_SELECTION_SORT/8192/1/iterations:1/repeats:50_mean          6945 us         6910 us           50 L1-dcache-loads=33.7143M items_per_second=1.1855M/s
BM_SELECTION_SORT/8192/1/iterations:1/repeats:50_median        6909 us         6909 us           50 L1-dcache-loads=33.7143M items_per_second=1.18571M/s
BM_SELECTION_SORT/8192/1/iterations:1/repeats:50_stddev         170 us         10.0 us           50 L1-dcache-loads=0 items_per_second=1.71264k/s
BM_SELECTION_SORT/8192/1/iterations:1/repeats:50_cv            2.45 %          0.14 %            50 L1-dcache-loads=0.00% items_per_second=0.14%
BM_SELECTION_SORT/16384/1/iterations:1/repeats:50             26998 us        26998 us            1 L1-dcache-loads=134.537M items_per_second=606.863k/s
BM_SELECTION_SORT/16384/1/iterations:1/repeats:50             26938 us        26938 us            1 L1-dcache-loads=134.537M items_per_second=608.206k/s
BM_SELECTION_SORT/16384/1/iterations:1/repeats:50             27031 us        27018 us            1 L1-dcache-loads=134.537M items_per_second=606.421k/s
BM_SELECTION_SORT/16384/1/iterations:1/repeats:50             26955 us        26952 us            1 L1-dcache-loads=134.537M items_per_second=607.893k/s
BM_SELECTION_SORT/16384/1/iterations:1/repeats:50             26939 us        26939 us            1 L1-dcache-loads=134.537M items_per_second=608.185k/s
BM_SELECTION_SORT/16384/1/iterations:1/repeats:50             26929 us        26929 us            1 L1-dcache-loads=134.537M items_per_second=608.412k/s
BM_SELECTION_SORT/16384/1/iterations:1/repeats:50             26924 us        26920 us            1 L1-dcache-loads=134.537M items_per_second=608.61k/s
BM_SELECTION_SORT/16384/1/iterations:1/repeats:50             26928 us        26927 us            1 L1-dcache-loads=134.537M items_per_second=608.449k/s
BM_SELECTION_SORT/16384/1/iterations:1/repeats:50             26934 us        26934 us            1 L1-dcache-loads=134.537M items_per_second=608.309k/s
BM_SELECTION_SORT/16384/1/iterations:1/repeats:50             26970 us        26964 us            1 L1-dcache-loads=134.537M items_per_second=607.636k/s
BM_SELECTION_SORT/16384/1/iterations:1/repeats:50             26930 us        26930 us            1 L1-dcache-loads=134.537M items_per_second=608.386k/s
BM_SELECTION_SORT/16384/1/iterations:1/repeats:50             26966 us        26963 us            1 L1-dcache-loads=134.537M items_per_second=607.644k/s
BM_SELECTION_SORT/16384/1/iterations:1/repeats:50             26934 us        26934 us            1 L1-dcache-loads=134.537M items_per_second=608.311k/s
BM_SELECTION_SORT/16384/1/iterations:1/repeats:50             26946 us        26946 us            1 L1-dcache-loads=134.537M items_per_second=608.028k/s
BM_SELECTION_SORT/16384/1/iterations:1/repeats:50             26948 us        26947 us            1 L1-dcache-loads=134.537M items_per_second=608k/s
BM_SELECTION_SORT/16384/1/iterations:1/repeats:50             26924 us        26924 us            1 L1-dcache-loads=134.537M items_per_second=608.524k/s
BM_SELECTION_SORT/16384/1/iterations:1/repeats:50             26927 us        26923 us            1 L1-dcache-loads=134.537M items_per_second=608.552k/s
BM_SELECTION_SORT/16384/1/iterations:1/repeats:50             26946 us        26946 us            1 L1-dcache-loads=134.537M items_per_second=608.034k/s
BM_SELECTION_SORT/16384/1/iterations:1/repeats:50             26970 us        26970 us            1 L1-dcache-loads=134.537M items_per_second=607.489k/s
BM_SELECTION_SORT/16384/1/iterations:1/repeats:50             26986 us        26985 us            1 L1-dcache-loads=134.537M items_per_second=607.142k/s
BM_SELECTION_SORT/16384/1/iterations:1/repeats:50             26974 us        26974 us            1 L1-dcache-loads=134.537M items_per_second=607.405k/s
BM_SELECTION_SORT/16384/1/iterations:1/repeats:50             26976 us        26965 us            1 L1-dcache-loads=134.537M items_per_second=607.601k/s
BM_SELECTION_SORT/16384/1/iterations:1/repeats:50             26925 us        26925 us            1 L1-dcache-loads=134.537M items_per_second=608.505k/s
BM_SELECTION_SORT/16384/1/iterations:1/repeats:50             26947 us        26947 us            1 L1-dcache-loads=134.537M items_per_second=608.019k/s
BM_SELECTION_SORT/16384/1/iterations:1/repeats:50             26902 us        26902 us            1 L1-dcache-loads=134.537M items_per_second=609.032k/s
BM_SELECTION_SORT/16384/1/iterations:1/repeats:50             26934 us        26933 us            1 L1-dcache-loads=134.537M items_per_second=608.314k/s
BM_SELECTION_SORT/16384/1/iterations:1/repeats:50             26922 us        26922 us            1 L1-dcache-loads=134.537M items_per_second=608.577k/s
BM_SELECTION_SORT/16384/1/iterations:1/repeats:50             26919 us        26919 us            1 L1-dcache-loads=134.537M items_per_second=608.634k/s
BM_SELECTION_SORT/16384/1/iterations:1/repeats:50             26960 us        26955 us            1 L1-dcache-loads=134.537M items_per_second=607.824k/s
BM_SELECTION_SORT/16384/1/iterations:1/repeats:50             26951 us        26950 us            1 L1-dcache-loads=134.537M items_per_second=607.933k/s
BM_SELECTION_SORT/16384/1/iterations:1/repeats:50             26910 us        26906 us            1 L1-dcache-loads=134.537M items_per_second=608.941k/s
BM_SELECTION_SORT/16384/1/iterations:1/repeats:50             26954 us        26954 us            1 L1-dcache-loads=134.537M items_per_second=607.861k/s
BM_SELECTION_SORT/16384/1/iterations:1/repeats:50             26945 us        26945 us            1 L1-dcache-loads=134.537M items_per_second=608.064k/s
BM_SELECTION_SORT/16384/1/iterations:1/repeats:50             27071 us        26938 us            1 L1-dcache-loads=134.537M items_per_second=608.209k/s
BM_SELECTION_SORT/16384/1/iterations:1/repeats:50             26917 us        26917 us            1 L1-dcache-loads=134.537M items_per_second=608.684k/s
BM_SELECTION_SORT/16384/1/iterations:1/repeats:50             26930 us        26930 us            1 L1-dcache-loads=134.537M items_per_second=608.403k/s
BM_SELECTION_SORT/16384/1/iterations:1/repeats:50             26923 us        26923 us            1 L1-dcache-loads=134.537M items_per_second=608.554k/s
BM_SELECTION_SORT/16384/1/iterations:1/repeats:50             26929 us        26929 us            1 L1-dcache-loads=134.537M items_per_second=608.413k/s
BM_SELECTION_SORT/16384/1/iterations:1/repeats:50             26937 us        26937 us            1 L1-dcache-loads=134.537M items_per_second=608.245k/s
BM_SELECTION_SORT/16384/1/iterations:1/repeats:50             26938 us        26938 us            1 L1-dcache-loads=134.537M items_per_second=608.207k/s
BM_SELECTION_SORT/16384/1/iterations:1/repeats:50             26934 us        26934 us            1 L1-dcache-loads=134.537M items_per_second=608.298k/s
BM_SELECTION_SORT/16384/1/iterations:1/repeats:50             26942 us        26941 us            1 L1-dcache-loads=134.537M items_per_second=608.133k/s
BM_SELECTION_SORT/16384/1/iterations:1/repeats:50             26931 us        26927 us            1 L1-dcache-loads=134.537M items_per_second=608.452k/s
BM_SELECTION_SORT/16384/1/iterations:1/repeats:50             26965 us        26965 us            1 L1-dcache-loads=134.537M items_per_second=607.61k/s
BM_SELECTION_SORT/16384/1/iterations:1/repeats:50             26931 us        26929 us            1 L1-dcache-loads=134.537M items_per_second=608.417k/s
BM_SELECTION_SORT/16384/1/iterations:1/repeats:50             26925 us        26924 us            1 L1-dcache-loads=134.537M items_per_second=608.519k/s
BM_SELECTION_SORT/16384/1/iterations:1/repeats:50             26922 us        26921 us            1 L1-dcache-loads=134.537M items_per_second=608.587k/s
BM_SELECTION_SORT/16384/1/iterations:1/repeats:50             26951 us        26948 us            1 L1-dcache-loads=134.537M items_per_second=607.994k/s
BM_SELECTION_SORT/16384/1/iterations:1/repeats:50             26953 us        26952 us            1 L1-dcache-loads=134.537M items_per_second=607.888k/s
BM_SELECTION_SORT/16384/1/iterations:1/repeats:50             26981 us        26977 us            1 L1-dcache-loads=134.537M items_per_second=607.332k/s
BM_SELECTION_SORT/16384/1/iterations:1/repeats:50_mean        26946 us        26942 us           50 L1-dcache-loads=134.537M items_per_second=608.115k/s
BM_SELECTION_SORT/16384/1/iterations:1/repeats:50_median      26938 us        26938 us           50 L1-dcache-loads=134.537M items_per_second=608.208k/s
BM_SELECTION_SORT/16384/1/iterations:1/repeats:50_stddev       29.9 us         22.6 us           50 L1-dcache-loads=4.04061 items_per_second=509.342/s
BM_SELECTION_SORT/16384/1/iterations:1/repeats:50_cv           0.11 %          0.08 %            50 L1-dcache-loads=0.00% items_per_second=0.08%
BM_SELECTION_SORT/32768/1/iterations:1/repeats:50            106877 us       106874 us            1 L1-dcache-loads=537.51M items_per_second=306.605k/s
BM_SELECTION_SORT/32768/1/iterations:1/repeats:50            106751 us       106747 us            1 L1-dcache-loads=537.51M items_per_second=306.968k/s
BM_SELECTION_SORT/32768/1/iterations:1/repeats:50            106738 us       106737 us            1 L1-dcache-loads=537.51M items_per_second=306.997k/s
BM_SELECTION_SORT/32768/1/iterations:1/repeats:50            106745 us       106743 us            1 L1-dcache-loads=537.51M items_per_second=306.981k/s
BM_SELECTION_SORT/32768/1/iterations:1/repeats:50            107217 us       107067 us            1 L1-dcache-loads=537.51M items_per_second=306.05k/s
BM_SELECTION_SORT/32768/1/iterations:1/repeats:50            106873 us       106741 us            1 L1-dcache-loads=537.51M items_per_second=306.985k/s
BM_SELECTION_SORT/32768/1/iterations:1/repeats:50            106716 us       106715 us            1 L1-dcache-loads=537.51M items_per_second=307.06k/s
BM_SELECTION_SORT/32768/1/iterations:1/repeats:50            106746 us       106745 us            1 L1-dcache-loads=537.51M items_per_second=306.974k/s
BM_SELECTION_SORT/32768/1/iterations:1/repeats:50            106733 us       106730 us            1 L1-dcache-loads=537.51M items_per_second=307.018k/s
BM_SELECTION_SORT/32768/1/iterations:1/repeats:50            106781 us       106781 us            1 L1-dcache-loads=537.51M items_per_second=306.872k/s
BM_SELECTION_SORT/32768/1/iterations:1/repeats:50            106755 us       106755 us            1 L1-dcache-loads=537.51M items_per_second=306.946k/s
BM_SELECTION_SORT/32768/1/iterations:1/repeats:50            106876 us       106867 us            1 L1-dcache-loads=537.51M items_per_second=306.623k/s
BM_SELECTION_SORT/32768/1/iterations:1/repeats:50            106763 us       106756 us            1 L1-dcache-loads=537.51M items_per_second=306.942k/s
BM_SELECTION_SORT/32768/1/iterations:1/repeats:50            106774 us       106756 us            1 L1-dcache-loads=537.51M items_per_second=306.942k/s
BM_SELECTION_SORT/32768/1/iterations:1/repeats:50            106985 us       106822 us            1 L1-dcache-loads=537.51M items_per_second=306.754k/s
BM_SELECTION_SORT/32768/1/iterations:1/repeats:50            106742 us       106741 us            1 L1-dcache-loads=537.51M items_per_second=306.986k/s
BM_SELECTION_SORT/32768/1/iterations:1/repeats:50            106743 us       106741 us            1 L1-dcache-loads=537.51M items_per_second=306.987k/s
BM_SELECTION_SORT/32768/1/iterations:1/repeats:50            106662 us       106657 us            1 L1-dcache-loads=537.51M items_per_second=307.229k/s
BM_SELECTION_SORT/32768/1/iterations:1/repeats:50            106556 us       106552 us            1 L1-dcache-loads=537.51M items_per_second=307.531k/s
BM_SELECTION_SORT/32768/1/iterations:1/repeats:50            106540 us       106536 us            1 L1-dcache-loads=537.51M items_per_second=307.577k/s
BM_SELECTION_SORT/32768/1/iterations:1/repeats:50            106556 us       106555 us            1 L1-dcache-loads=537.51M items_per_second=307.522k/s
BM_SELECTION_SORT/32768/1/iterations:1/repeats:50            106565 us       106564 us            1 L1-dcache-loads=537.51M items_per_second=307.496k/s
BM_SELECTION_SORT/32768/1/iterations:1/repeats:50            106484 us       106482 us            1 L1-dcache-loads=537.51M items_per_second=307.734k/s
BM_SELECTION_SORT/32768/1/iterations:1/repeats:50            108275 us       106683 us            1 L1-dcache-loads=537.51M items_per_second=307.152k/s
BM_SELECTION_SORT/32768/1/iterations:1/repeats:50            106799 us       106667 us            1 L1-dcache-loads=537.51M items_per_second=307.2k/s
BM_SELECTION_SORT/32768/1/iterations:1/repeats:50            106783 us       106774 us            1 L1-dcache-loads=537.51M items_per_second=306.892k/s
BM_SELECTION_SORT/32768/1/iterations:1/repeats:50            106717 us       106708 us            1 L1-dcache-loads=537.51M items_per_second=307.082k/s
BM_SELECTION_SORT/32768/1/iterations:1/repeats:50            106567 us       106564 us            1 L1-dcache-loads=537.51M items_per_second=307.496k/s
BM_SELECTION_SORT/32768/1/iterations:1/repeats:50            106624 us       106623 us            1 L1-dcache-loads=537.51M items_per_second=307.326k/s
BM_SELECTION_SORT/32768/1/iterations:1/repeats:50            106624 us       106621 us            1 L1-dcache-loads=537.51M items_per_second=307.331k/s
BM_SELECTION_SORT/32768/1/iterations:1/repeats:50            106619 us       106614 us            1 L1-dcache-loads=537.51M items_per_second=307.35k/s
BM_SELECTION_SORT/32768/1/iterations:1/repeats:50            106546 us       106538 us            1 L1-dcache-loads=537.51M items_per_second=307.571k/s
BM_SELECTION_SORT/32768/1/iterations:1/repeats:50            106626 us       106611 us            1 L1-dcache-loads=537.51M items_per_second=307.36k/s
BM_SELECTION_SORT/32768/1/iterations:1/repeats:50            106525 us       106524 us            1 L1-dcache-loads=537.51M items_per_second=307.61k/s
BM_SELECTION_SORT/32768/1/iterations:1/repeats:50            106655 us       106521 us            1 L1-dcache-loads=537.51M items_per_second=307.619k/s
BM_SELECTION_SORT/32768/1/iterations:1/repeats:50            106588 us       106585 us            1 L1-dcache-loads=537.51M items_per_second=307.435k/s
BM_SELECTION_SORT/32768/1/iterations:1/repeats:50            106565 us       106563 us            1 L1-dcache-loads=537.51M items_per_second=307.498k/s
BM_SELECTION_SORT/32768/1/iterations:1/repeats:50            106561 us       106552 us            1 L1-dcache-loads=537.51M items_per_second=307.531k/s
BM_SELECTION_SORT/32768/1/iterations:1/repeats:50            106608 us       106603 us            1 L1-dcache-loads=537.51M items_per_second=307.383k/s
BM_SELECTION_SORT/32768/1/iterations:1/repeats:50            106549 us       106544 us            1 L1-dcache-loads=537.51M items_per_second=307.554k/s
BM_SELECTION_SORT/32768/1/iterations:1/repeats:50            106562 us       106559 us            1 L1-dcache-loads=537.51M items_per_second=307.511k/s
BM_SELECTION_SORT/32768/1/iterations:1/repeats:50            106762 us       106614 us            1 L1-dcache-loads=537.51M items_per_second=307.353k/s
BM_SELECTION_SORT/32768/1/iterations:1/repeats:50            106650 us       106649 us            1 L1-dcache-loads=537.51M items_per_second=307.251k/s
BM_SELECTION_SORT/32768/1/iterations:1/repeats:50            106744 us       106613 us            1 L1-dcache-loads=537.51M items_per_second=307.354k/s
BM_SELECTION_SORT/32768/1/iterations:1/repeats:50            106585 us       106584 us            1 L1-dcache-loads=537.51M items_per_second=307.438k/s
BM_SELECTION_SORT/32768/1/iterations:1/repeats:50            106619 us       106616 us            1 L1-dcache-loads=537.51M items_per_second=307.345k/s
BM_SELECTION_SORT/32768/1/iterations:1/repeats:50            106536 us       106535 us            1 L1-dcache-loads=537.51M items_per_second=307.58k/s
BM_SELECTION_SORT/32768/1/iterations:1/repeats:50            106631 us       106629 us            1 L1-dcache-loads=537.51M items_per_second=307.309k/s
BM_SELECTION_SORT/32768/1/iterations:1/repeats:50            106576 us       106575 us            1 L1-dcache-loads=537.51M items_per_second=307.463k/s
BM_SELECTION_SORT/32768/1/iterations:1/repeats:50            106574 us       106563 us            1 L1-dcache-loads=537.51M items_per_second=307.498k/s
BM_SELECTION_SORT/32768/1/iterations:1/repeats:50_mean       106713 us       106658 us           50 L1-dcache-loads=537.51M items_per_second=307.225k/s
BM_SELECTION_SORT/32768/1/iterations:1/repeats:50_median     106652 us       106622 us           50 L1-dcache-loads=537.51M items_per_second=307.328k/s
BM_SELECTION_SORT/32768/1/iterations:1/repeats:50_stddev        263 us          114 us           50 L1-dcache-loads=0 items_per_second=329.054/s
BM_SELECTION_SORT/32768/1/iterations:1/repeats:50_cv           0.25 %          0.11 %            50 L1-dcache-loads=0.00% items_per_second=0.11%
BM_BUBBLE_SORT/4/1/iterations:1/repeats:50                     2.71 us         2.34 us            1 L1-dcache-loads=169 items_per_second=1.70867M/s
BM_BUBBLE_SORT/4/1/iterations:1/repeats:50                    0.454 us        0.445 us            1 L1-dcache-loads=170 items_per_second=8.98876M/s
BM_BUBBLE_SORT/4/1/iterations:1/repeats:50                    0.425 us        0.417 us            1 L1-dcache-loads=169 items_per_second=9.59233M/s
BM_BUBBLE_SORT/4/1/iterations:1/repeats:50                    0.415 us        0.420 us            1 L1-dcache-loads=170 items_per_second=9.52381M/s
BM_BUBBLE_SORT/4/1/iterations:1/repeats:50                    0.435 us        0.434 us            1 L1-dcache-loads=170 items_per_second=9.21659M/s
BM_BUBBLE_SORT/4/1/iterations:1/repeats:50                    0.438 us        0.434 us            1 L1-dcache-loads=170 items_per_second=9.21659M/s
BM_BUBBLE_SORT/4/1/iterations:1/repeats:50                    0.425 us        0.425 us            1 L1-dcache-loads=170 items_per_second=9.41176M/s
BM_BUBBLE_SORT/4/1/iterations:1/repeats:50                    0.419 us        0.416 us            1 L1-dcache-loads=170 items_per_second=9.61538M/s
BM_BUBBLE_SORT/4/1/iterations:1/repeats:50                    0.415 us        0.413 us            1 L1-dcache-loads=169 items_per_second=9.68523M/s
BM_BUBBLE_SORT/4/1/iterations:1/repeats:50                    0.424 us        0.431 us            1 L1-dcache-loads=170 items_per_second=9.28074M/s
BM_BUBBLE_SORT/4/1/iterations:1/repeats:50                    0.415 us        0.411 us            1 L1-dcache-loads=169 items_per_second=9.73236M/s
BM_BUBBLE_SORT/4/1/iterations:1/repeats:50                    0.475 us        0.490 us            1 L1-dcache-loads=170 items_per_second=8.16327M/s
BM_BUBBLE_SORT/4/1/iterations:1/repeats:50                    0.385 us        0.380 us            1 L1-dcache-loads=170 items_per_second=10.5263M/s
BM_BUBBLE_SORT/4/1/iterations:1/repeats:50                    0.357 us        0.354 us            1 L1-dcache-loads=169 items_per_second=11.2994M/s
BM_BUBBLE_SORT/4/1/iterations:1/repeats:50                    0.352 us        0.350 us            1 L1-dcache-loads=169 items_per_second=11.4286M/s
BM_BUBBLE_SORT/4/1/iterations:1/repeats:50                    0.384 us        0.384 us            1 L1-dcache-loads=170 items_per_second=10.4167M/s
BM_BUBBLE_SORT/4/1/iterations:1/repeats:50                    0.377 us        0.377 us            1 L1-dcache-loads=170 items_per_second=10.6101M/s
BM_BUBBLE_SORT/4/1/iterations:1/repeats:50                    0.382 us        0.380 us            1 L1-dcache-loads=170 items_per_second=10.5263M/s
BM_BUBBLE_SORT/4/1/iterations:1/repeats:50                    0.356 us        0.353 us            1 L1-dcache-loads=169 items_per_second=11.3314M/s
BM_BUBBLE_SORT/4/1/iterations:1/repeats:50                    0.372 us        0.371 us            1 L1-dcache-loads=170 items_per_second=10.7817M/s
BM_BUBBLE_SORT/4/1/iterations:1/repeats:50                    0.358 us        0.358 us            1 L1-dcache-loads=170 items_per_second=11.1732M/s
BM_BUBBLE_SORT/4/1/iterations:1/repeats:50                    0.377 us        0.382 us            1 L1-dcache-loads=170 items_per_second=10.4712M/s
BM_BUBBLE_SORT/4/1/iterations:1/repeats:50                    0.363 us        0.364 us            1 L1-dcache-loads=170 items_per_second=10.989M/s
BM_BUBBLE_SORT/4/1/iterations:1/repeats:50                    0.357 us        0.357 us            1 L1-dcache-loads=170 items_per_second=11.2045M/s
BM_BUBBLE_SORT/4/1/iterations:1/repeats:50                    0.350 us        0.348 us            1 L1-dcache-loads=167 items_per_second=11.4943M/s
BM_BUBBLE_SORT/4/1/iterations:1/repeats:50                    0.347 us        0.346 us            1 L1-dcache-loads=170 items_per_second=11.5607M/s
BM_BUBBLE_SORT/4/1/iterations:1/repeats:50                    0.372 us        0.379 us            1 L1-dcache-loads=170 items_per_second=10.5541M/s
BM_BUBBLE_SORT/4/1/iterations:1/repeats:50                    0.368 us        0.367 us            1 L1-dcache-loads=169 items_per_second=10.8992M/s
BM_BUBBLE_SORT/4/1/iterations:1/repeats:50                    0.387 us        0.387 us            1 L1-dcache-loads=169 items_per_second=10.3359M/s
BM_BUBBLE_SORT/4/1/iterations:1/repeats:50                    0.358 us        0.358 us            1 L1-dcache-loads=169 items_per_second=11.1732M/s
BM_BUBBLE_SORT/4/1/iterations:1/repeats:50                    0.356 us        0.354 us            1 L1-dcache-loads=167 items_per_second=11.2994M/s
BM_BUBBLE_SORT/4/1/iterations:1/repeats:50                    0.413 us        0.404 us            1 L1-dcache-loads=170 items_per_second=9.90099M/s
BM_BUBBLE_SORT/4/1/iterations:1/repeats:50                    0.346 us        0.352 us            1 L1-dcache-loads=169 items_per_second=11.3636M/s
BM_BUBBLE_SORT/4/1/iterations:1/repeats:50                    0.416 us        0.405 us            1 L1-dcache-loads=170 items_per_second=9.87654M/s
BM_BUBBLE_SORT/4/1/iterations:1/repeats:50                    0.411 us        0.404 us            1 L1-dcache-loads=170 items_per_second=9.90099M/s
BM_BUBBLE_SORT/4/1/iterations:1/repeats:50                    0.353 us        0.353 us            1 L1-dcache-loads=169 items_per_second=11.3314M/s
BM_BUBBLE_SORT/4/1/iterations:1/repeats:50                    0.382 us        0.378 us            1 L1-dcache-loads=170 items_per_second=10.582M/s
BM_BUBBLE_SORT/4/1/iterations:1/repeats:50                    0.350 us        0.352 us            1 L1-dcache-loads=170 items_per_second=11.3636M/s
BM_BUBBLE_SORT/4/1/iterations:1/repeats:50                    0.352 us        0.352 us            1 L1-dcache-loads=170 items_per_second=11.3636M/s
BM_BUBBLE_SORT/4/1/iterations:1/repeats:50                    0.377 us        0.377 us            1 L1-dcache-loads=170 items_per_second=10.6101M/s
BM_BUBBLE_SORT/4/1/iterations:1/repeats:50                    0.372 us        0.373 us            1 L1-dcache-loads=170 items_per_second=10.7239M/s
BM_BUBBLE_SORT/4/1/iterations:1/repeats:50                    0.352 us        0.351 us            1 L1-dcache-loads=170 items_per_second=11.396M/s
BM_BUBBLE_SORT/4/1/iterations:1/repeats:50                    0.354 us        0.353 us            1 L1-dcache-loads=170 items_per_second=11.3314M/s
BM_BUBBLE_SORT/4/1/iterations:1/repeats:50                    0.369 us        0.371 us            1 L1-dcache-loads=167 items_per_second=10.7817M/s
BM_BUBBLE_SORT/4/1/iterations:1/repeats:50                    0.369 us        0.368 us            1 L1-dcache-loads=170 items_per_second=10.8696M/s
BM_BUBBLE_SORT/4/1/iterations:1/repeats:50                    0.367 us        0.372 us            1 L1-dcache-loads=170 items_per_second=10.7527M/s
BM_BUBBLE_SORT/4/1/iterations:1/repeats:50                    0.360 us        0.358 us            1 L1-dcache-loads=170 items_per_second=11.1732M/s
BM_BUBBLE_SORT/4/1/iterations:1/repeats:50                    0.370 us        0.370 us            1 L1-dcache-loads=170 items_per_second=10.8108M/s
BM_BUBBLE_SORT/4/1/iterations:1/repeats:50                    0.360 us        0.371 us            1 L1-dcache-loads=169 items_per_second=10.7817M/s
BM_BUBBLE_SORT/4/1/iterations:1/repeats:50                    0.389 us        0.388 us            1 L1-dcache-loads=170 items_per_second=10.3093M/s
BM_BUBBLE_SORT/4/1/iterations:1/repeats:50_mean               0.429 us        0.422 us           50 L1-dcache-loads=169.56 items_per_second=10.3487M/s
BM_BUBBLE_SORT/4/1/iterations:1/repeats:50_median             0.372 us        0.375 us           50 L1-dcache-loads=170 items_per_second=10.667M/s
BM_BUBBLE_SORT/4/1/iterations:1/repeats:50_stddev             0.331 us        0.279 us           50 L1-dcache-loads=0.786623 items_per_second=1.47831M/s
BM_BUBBLE_SORT/4/1/iterations:1/repeats:50_cv                 77.08 %         66.12 %            50 L1-dcache-loads=0.46% items_per_second=14.29%
BM_BUBBLE_SORT/8/1/iterations:1/repeats:50                    0.718 us        0.690 us            1 L1-dcache-loads=267 items_per_second=11.5942M/s
BM_BUBBLE_SORT/8/1/iterations:1/repeats:50                    0.558 us        0.564 us            1 L1-dcache-loads=268 items_per_second=14.1844M/s
BM_BUBBLE_SORT/8/1/iterations:1/repeats:50                    0.511 us        0.512 us            1 L1-dcache-loads=268 items_per_second=15.625M/s
BM_BUBBLE_SORT/8/1/iterations:1/repeats:50                    0.476 us        0.473 us            1 L1-dcache-loads=262 items_per_second=16.9133M/s
BM_BUBBLE_SORT/8/1/iterations:1/repeats:50                    0.474 us        0.473 us            1 L1-dcache-loads=265 items_per_second=16.9133M/s
BM_BUBBLE_SORT/8/1/iterations:1/repeats:50                    0.482 us        0.482 us            1 L1-dcache-loads=265 items_per_second=16.5975M/s
BM_BUBBLE_SORT/8/1/iterations:1/repeats:50                    0.496 us        0.495 us            1 L1-dcache-loads=265 items_per_second=16.1616M/s
BM_BUBBLE_SORT/8/1/iterations:1/repeats:50                    0.563 us        0.563 us            1 L1-dcache-loads=267 items_per_second=14.2096M/s
BM_BUBBLE_SORT/8/1/iterations:1/repeats:50                    0.513 us        0.514 us            1 L1-dcache-loads=267 items_per_second=15.5642M/s
BM_BUBBLE_SORT/8/1/iterations:1/repeats:50                    0.520 us        0.519 us            1 L1-dcache-loads=268 items_per_second=15.4143M/s
BM_BUBBLE_SORT/8/1/iterations:1/repeats:50                    0.511 us        0.510 us            1 L1-dcache-loads=265 items_per_second=15.6863M/s
BM_BUBBLE_SORT/8/1/iterations:1/repeats:50                    0.554 us        0.567 us            1 L1-dcache-loads=268 items_per_second=14.1093M/s
BM_BUBBLE_SORT/8/1/iterations:1/repeats:50                    0.498 us        0.492 us            1 L1-dcache-loads=267 items_per_second=16.2602M/s
BM_BUBBLE_SORT/8/1/iterations:1/repeats:50                    0.545 us        0.549 us            1 L1-dcache-loads=268 items_per_second=14.5719M/s
BM_BUBBLE_SORT/8/1/iterations:1/repeats:50                    0.486 us        0.493 us            1 L1-dcache-loads=268 items_per_second=16.2272M/s
BM_BUBBLE_SORT/8/1/iterations:1/repeats:50                    0.484 us        0.487 us            1 L1-dcache-loads=265 items_per_second=16.4271M/s
BM_BUBBLE_SORT/8/1/iterations:1/repeats:50                    0.527 us        0.524 us            1 L1-dcache-loads=268 items_per_second=15.2672M/s
BM_BUBBLE_SORT/8/1/iterations:1/repeats:50                    0.525 us        0.520 us            1 L1-dcache-loads=262 items_per_second=15.3846M/s
BM_BUBBLE_SORT/8/1/iterations:1/repeats:50                    0.525 us        0.525 us            1 L1-dcache-loads=262 items_per_second=15.2381M/s
BM_BUBBLE_SORT/8/1/iterations:1/repeats:50                    0.566 us        0.554 us            1 L1-dcache-loads=268 items_per_second=14.4404M/s
BM_BUBBLE_SORT/8/1/iterations:1/repeats:50                    0.483 us        0.482 us            1 L1-dcache-loads=258 items_per_second=16.5975M/s
BM_BUBBLE_SORT/8/1/iterations:1/repeats:50                    0.527 us        0.524 us            1 L1-dcache-loads=268 items_per_second=15.2672M/s
BM_BUBBLE_SORT/8/1/iterations:1/repeats:50                    0.488 us        0.487 us            1 L1-dcache-loads=268 items_per_second=16.4271M/s
BM_BUBBLE_SORT/8/1/iterations:1/repeats:50                    0.482 us        0.492 us            1 L1-dcache-loads=262 items_per_second=16.2602M/s
BM_BUBBLE_SORT/8/1/iterations:1/repeats:50                    0.463 us        0.461 us            1 L1-dcache-loads=262 items_per_second=17.3536M/s
BM_BUBBLE_SORT/8/1/iterations:1/repeats:50                    0.534 us        0.535 us            1 L1-dcache-loads=268 items_per_second=14.9533M/s
BM_BUBBLE_SORT/8/1/iterations:1/repeats:50                    0.477 us        0.477 us            1 L1-dcache-loads=262 items_per_second=16.7715M/s
BM_BUBBLE_SORT/8/1/iterations:1/repeats:50                    0.500 us        0.500 us            1 L1-dcache-loads=268 items_per_second=16M/s
BM_BUBBLE_SORT/8/1/iterations:1/repeats:50                    0.525 us        0.524 us            1 L1-dcache-loads=267 items_per_second=15.2672M/s
BM_BUBBLE_SORT/8/1/iterations:1/repeats:50                    0.512 us        0.512 us            1 L1-dcache-loads=268 items_per_second=15.625M/s
BM_BUBBLE_SORT/8/1/iterations:1/repeats:50                    0.486 us        0.485 us            1 L1-dcache-loads=265 items_per_second=16.4948M/s
BM_BUBBLE_SORT/8/1/iterations:1/repeats:50                    0.505 us        0.504 us            1 L1-dcache-loads=267 items_per_second=15.873M/s
BM_BUBBLE_SORT/8/1/iterations:1/repeats:50                    0.528 us        0.528 us            1 L1-dcache-loads=268 items_per_second=15.1515M/s
BM_BUBBLE_SORT/8/1/iterations:1/repeats:50                    0.461 us        0.455 us            1 L1-dcache-loads=262 items_per_second=17.5824M/s
BM_BUBBLE_SORT/8/1/iterations:1/repeats:50                    0.479 us        0.479 us            1 L1-dcache-loads=268 items_per_second=16.7015M/s
BM_BUBBLE_SORT/8/1/iterations:1/repeats:50                    0.494 us        0.500 us            1 L1-dcache-loads=268 items_per_second=16M/s
BM_BUBBLE_SORT/8/1/iterations:1/repeats:50                    0.488 us        0.495 us            1 L1-dcache-loads=268 items_per_second=16.1616M/s
BM_BUBBLE_SORT/8/1/iterations:1/repeats:50                    0.507 us        0.508 us            1 L1-dcache-loads=265 items_per_second=15.748M/s
BM_BUBBLE_SORT/8/1/iterations:1/repeats:50                    0.461 us        0.460 us            1 L1-dcache-loads=267 items_per_second=17.3913M/s
BM_BUBBLE_SORT/8/1/iterations:1/repeats:50                    0.490 us        0.489 us            1 L1-dcache-loads=267 items_per_second=16.3599M/s
BM_BUBBLE_SORT/8/1/iterations:1/repeats:50                    0.492 us        0.490 us            1 L1-dcache-loads=268 items_per_second=16.3265M/s
BM_BUBBLE_SORT/8/1/iterations:1/repeats:50                    0.562 us        0.563 us            1 L1-dcache-loads=268 items_per_second=14.2096M/s
BM_BUBBLE_SORT/8/1/iterations:1/repeats:50                    0.547 us        0.546 us            1 L1-dcache-loads=268 items_per_second=14.652M/s
BM_BUBBLE_SORT/8/1/iterations:1/repeats:50                    0.485 us        0.486 us            1 L1-dcache-loads=262 items_per_second=16.4609M/s
BM_BUBBLE_SORT/8/1/iterations:1/repeats:50                    0.487 us        0.486 us            1 L1-dcache-loads=262 items_per_second=16.4609M/s
BM_BUBBLE_SORT/8/1/iterations:1/repeats:50                    0.533 us        0.531 us            1 L1-dcache-loads=267 items_per_second=15.0659M/s
BM_BUBBLE_SORT/8/1/iterations:1/repeats:50                    0.517 us        0.516 us            1 L1-dcache-loads=268 items_per_second=15.5039M/s
BM_BUBBLE_SORT/8/1/iterations:1/repeats:50                    0.510 us        0.509 us            1 L1-dcache-loads=265 items_per_second=15.7171M/s
BM_BUBBLE_SORT/8/1/iterations:1/repeats:50                    0.496 us        0.497 us            1 L1-dcache-loads=268 items_per_second=16.0966M/s
BM_BUBBLE_SORT/8/1/iterations:1/repeats:50                    0.495 us        0.505 us            1 L1-dcache-loads=265 items_per_second=15.8416M/s
BM_BUBBLE_SORT/8/1/iterations:1/repeats:50_mean               0.511 us        0.511 us           50 L1-dcache-loads=266 items_per_second=15.7422M/s
BM_BUBBLE_SORT/8/1/iterations:1/repeats:50_median             0.502 us        0.504 us           50 L1-dcache-loads=267 items_per_second=15.8573M/s
BM_BUBBLE_SORT/8/1/iterations:1/repeats:50_stddev             0.041 us        0.038 us           50 L1-dcache-loads=2.53144 items_per_second=1.04513M/s
BM_BUBBLE_SORT/8/1/iterations:1/repeats:50_cv                  7.97 %          7.46 %            50 L1-dcache-loads=0.95% items_per_second=6.64%
BM_BUBBLE_SORT/16/1/iterations:1/repeats:50                    1.02 us        0.981 us            1 L1-dcache-loads=512 items_per_second=16.3099M/s
BM_BUBBLE_SORT/16/1/iterations:1/repeats:50                    1.03 us         1.03 us            1 L1-dcache-loads=506 items_per_second=15.534M/s
BM_BUBBLE_SORT/16/1/iterations:1/repeats:50                    1.01 us         1.01 us            1 L1-dcache-loads=511 items_per_second=15.8573M/s
BM_BUBBLE_SORT/16/1/iterations:1/repeats:50                   0.923 us        0.923 us            1 L1-dcache-loads=502 items_per_second=17.3348M/s
BM_BUBBLE_SORT/16/1/iterations:1/repeats:50                   0.924 us        0.922 us            1 L1-dcache-loads=511 items_per_second=17.3536M/s
BM_BUBBLE_SORT/16/1/iterations:1/repeats:50                   0.931 us        0.938 us            1 L1-dcache-loads=512 items_per_second=17.0576M/s
BM_BUBBLE_SORT/16/1/iterations:1/repeats:50                   0.842 us        0.841 us            1 L1-dcache-loads=467 items_per_second=19.025M/s
BM_BUBBLE_SORT/16/1/iterations:1/repeats:50                    1.11 us         1.11 us            1 L1-dcache-loads=509 items_per_second=14.4274M/s
BM_BUBBLE_SORT/16/1/iterations:1/repeats:50                   0.997 us        0.997 us            1 L1-dcache-loads=509 items_per_second=16.0481M/s
BM_BUBBLE_SORT/16/1/iterations:1/repeats:50                   0.979 us        0.974 us            1 L1-dcache-loads=512 items_per_second=16.4271M/s
BM_BUBBLE_SORT/16/1/iterations:1/repeats:50                   0.983 us        0.981 us            1 L1-dcache-loads=506 items_per_second=16.3099M/s
BM_BUBBLE_SORT/16/1/iterations:1/repeats:50                   0.960 us        0.959 us            1 L1-dcache-loads=502 items_per_second=16.684M/s
BM_BUBBLE_SORT/16/1/iterations:1/repeats:50                   0.970 us        0.969 us            1 L1-dcache-loads=506 items_per_second=16.5119M/s
BM_BUBBLE_SORT/16/1/iterations:1/repeats:50                   0.992 us        0.992 us            1 L1-dcache-loads=509 items_per_second=16.129M/s
BM_BUBBLE_SORT/16/1/iterations:1/repeats:50                   0.863 us        0.856 us            1 L1-dcache-loads=509 items_per_second=18.6916M/s
BM_BUBBLE_SORT/16/1/iterations:1/repeats:50                    1.04 us         1.05 us            1 L1-dcache-loads=509 items_per_second=15.311M/s
BM_BUBBLE_SORT/16/1/iterations:1/repeats:50                    1.04 us         1.04 us            1 L1-dcache-loads=511 items_per_second=15.3698M/s
BM_BUBBLE_SORT/16/1/iterations:1/repeats:50                    1.14 us         1.14 us            1 L1-dcache-loads=511 items_per_second=14.0845M/s
BM_BUBBLE_SORT/16/1/iterations:1/repeats:50                   0.981 us        0.981 us            1 L1-dcache-loads=502 items_per_second=16.3099M/s
BM_BUBBLE_SORT/16/1/iterations:1/repeats:50                   0.868 us        0.874 us            1 L1-dcache-loads=491 items_per_second=18.3066M/s
BM_BUBBLE_SORT/16/1/iterations:1/repeats:50                    1.04 us         1.04 us            1 L1-dcache-loads=511 items_per_second=15.3698M/s
BM_BUBBLE_SORT/16/1/iterations:1/repeats:50                   0.968 us        0.967 us            1 L1-dcache-loads=511 items_per_second=16.546M/s
BM_BUBBLE_SORT/16/1/iterations:1/repeats:50                   0.878 us        0.883 us            1 L1-dcache-loads=502 items_per_second=18.12M/s
BM_BUBBLE_SORT/16/1/iterations:1/repeats:50                   0.981 us        0.977 us            1 L1-dcache-loads=511 items_per_second=16.3767M/s
BM_BUBBLE_SORT/16/1/iterations:1/repeats:50                   0.971 us        0.982 us            1 L1-dcache-loads=511 items_per_second=16.2933M/s
BM_BUBBLE_SORT/16/1/iterations:1/repeats:50                   0.848 us        0.848 us            1 L1-dcache-loads=512 items_per_second=18.8679M/s
BM_BUBBLE_SORT/16/1/iterations:1/repeats:50                   0.952 us        0.951 us            1 L1-dcache-loads=511 items_per_second=16.8244M/s
BM_BUBBLE_SORT/16/1/iterations:1/repeats:50                   0.956 us        0.955 us            1 L1-dcache-loads=506 items_per_second=16.7539M/s
BM_BUBBLE_SORT/16/1/iterations:1/repeats:50                    1.02 us         1.02 us            1 L1-dcache-loads=509 items_per_second=15.6709M/s
BM_BUBBLE_SORT/16/1/iterations:1/repeats:50                   0.950 us        0.952 us            1 L1-dcache-loads=512 items_per_second=16.8067M/s
BM_BUBBLE_SORT/16/1/iterations:1/repeats:50                   0.949 us        0.949 us            1 L1-dcache-loads=512 items_per_second=16.8599M/s
BM_BUBBLE_SORT/16/1/iterations:1/repeats:50                    1.06 us         1.07 us            1 L1-dcache-loads=506 items_per_second=14.9115M/s
BM_BUBBLE_SORT/16/1/iterations:1/repeats:50                   0.998 us        0.996 us            1 L1-dcache-loads=506 items_per_second=16.0643M/s
BM_BUBBLE_SORT/16/1/iterations:1/repeats:50                    1.02 us         1.01 us            1 L1-dcache-loads=506 items_per_second=15.7635M/s
BM_BUBBLE_SORT/16/1/iterations:1/repeats:50                    1.04 us         1.04 us            1 L1-dcache-loads=512 items_per_second=15.3994M/s
BM_BUBBLE_SORT/16/1/iterations:1/repeats:50                    1.01 us         1.01 us            1 L1-dcache-loads=509 items_per_second=15.8416M/s
BM_BUBBLE_SORT/16/1/iterations:1/repeats:50                    1.00 us        0.992 us            1 L1-dcache-loads=512 items_per_second=16.129M/s
BM_BUBBLE_SORT/16/1/iterations:1/repeats:50                   0.980 us        0.979 us            1 L1-dcache-loads=509 items_per_second=16.3432M/s
BM_BUBBLE_SORT/16/1/iterations:1/repeats:50                    1.04 us         1.04 us            1 L1-dcache-loads=509 items_per_second=15.4589M/s
BM_BUBBLE_SORT/16/1/iterations:1/repeats:50                   0.862 us        0.862 us            1 L1-dcache-loads=506 items_per_second=18.5615M/s
BM_BUBBLE_SORT/16/1/iterations:1/repeats:50                    1.01 us         1.01 us            1 L1-dcache-loads=512 items_per_second=15.7947M/s
BM_BUBBLE_SORT/16/1/iterations:1/repeats:50                   0.905 us        0.905 us            1 L1-dcache-loads=497 items_per_second=17.6796M/s
BM_BUBBLE_SORT/16/1/iterations:1/repeats:50                   0.962 us        0.963 us            1 L1-dcache-loads=502 items_per_second=16.6147M/s
BM_BUBBLE_SORT/16/1/iterations:1/repeats:50                    1.01 us         1.01 us            1 L1-dcache-loads=511 items_per_second=15.7947M/s
BM_BUBBLE_SORT/16/1/iterations:1/repeats:50                   0.868 us        0.868 us            1 L1-dcache-loads=491 items_per_second=18.4332M/s
BM_BUBBLE_SORT/16/1/iterations:1/repeats:50                   0.807 us        0.813 us            1 L1-dcache-loads=491 items_per_second=19.6802M/s
BM_BUBBLE_SORT/16/1/iterations:1/repeats:50                   0.947 us        0.946 us            1 L1-dcache-loads=491 items_per_second=16.9133M/s
BM_BUBBLE_SORT/16/1/iterations:1/repeats:50                   0.921 us        0.920 us            1 L1-dcache-loads=511 items_per_second=17.3913M/s
BM_BUBBLE_SORT/16/1/iterations:1/repeats:50                   0.918 us        0.916 us            1 L1-dcache-loads=506 items_per_second=17.4672M/s
BM_BUBBLE_SORT/16/1/iterations:1/repeats:50                   0.952 us        0.952 us            1 L1-dcache-loads=502 items_per_second=16.8067M/s
BM_BUBBLE_SORT/16/1/iterations:1/repeats:50_mean              0.969 us        0.968 us           50 L1-dcache-loads=506.08 items_per_second=16.6124M/s
BM_BUBBLE_SORT/16/1/iterations:1/repeats:50_median            0.975 us        0.975 us           50 L1-dcache-loads=509 items_per_second=16.4019M/s
BM_BUBBLE_SORT/16/1/iterations:1/repeats:50_stddev            0.069 us        0.068 us           50 L1-dcache-loads=8.17872 items_per_second=1.19091M/s
BM_BUBBLE_SORT/16/1/iterations:1/repeats:50_cv                 7.08 %          7.01 %            50 L1-dcache-loads=1.62% items_per_second=7.17%
BM_BUBBLE_SORT/32/1/iterations:1/repeats:50                    2.64 us         2.63 us            1 L1-dcache-loads=1.177k items_per_second=12.1858M/s
BM_BUBBLE_SORT/32/1/iterations:1/repeats:50                    2.53 us         2.53 us            1 L1-dcache-loads=1.192k items_per_second=12.6683M/s
BM_BUBBLE_SORT/32/1/iterations:1/repeats:50                    2.69 us         2.69 us            1 L1-dcache-loads=1.186k items_per_second=11.9048M/s
BM_BUBBLE_SORT/32/1/iterations:1/repeats:50                    2.39 us         2.39 us            1 L1-dcache-loads=1.189k items_per_second=13.3891M/s
BM_BUBBLE_SORT/32/1/iterations:1/repeats:50                    2.37 us         2.38 us            1 L1-dcache-loads=1.192k items_per_second=13.4285M/s
BM_BUBBLE_SORT/32/1/iterations:1/repeats:50                    2.46 us         2.46 us            1 L1-dcache-loads=1.164k items_per_second=13.024M/s
BM_BUBBLE_SORT/32/1/iterations:1/repeats:50                    2.42 us         2.42 us            1 L1-dcache-loads=1.171k items_per_second=13.2177M/s
BM_BUBBLE_SORT/32/1/iterations:1/repeats:50                    2.55 us         2.55 us            1 L1-dcache-loads=1.192k items_per_second=12.5392M/s
BM_BUBBLE_SORT/32/1/iterations:1/repeats:50                    2.30 us         2.30 us            1 L1-dcache-loads=1.147k items_per_second=13.901M/s
BM_BUBBLE_SORT/32/1/iterations:1/repeats:50                    2.15 us         2.15 us            1 L1-dcache-loads=1.171k items_per_second=14.9045M/s
BM_BUBBLE_SORT/32/1/iterations:1/repeats:50                    2.47 us         2.46 us            1 L1-dcache-loads=1.186k items_per_second=13.0134M/s
BM_BUBBLE_SORT/32/1/iterations:1/repeats:50                    2.61 us         2.61 us            1 L1-dcache-loads=1.164k items_per_second=12.2465M/s
BM_BUBBLE_SORT/32/1/iterations:1/repeats:50                    2.48 us         2.48 us            1 L1-dcache-loads=1.171k items_per_second=12.898M/s
BM_BUBBLE_SORT/32/1/iterations:1/repeats:50                    2.55 us         2.55 us            1 L1-dcache-loads=1.171k items_per_second=12.5638M/s
BM_BUBBLE_SORT/32/1/iterations:1/repeats:50                    2.33 us         2.33 us            1 L1-dcache-loads=1.126k items_per_second=13.7221M/s
BM_BUBBLE_SORT/32/1/iterations:1/repeats:50                    2.50 us         2.50 us            1 L1-dcache-loads=1.171k items_per_second=12.7796M/s
BM_BUBBLE_SORT/32/1/iterations:1/repeats:50                    2.61 us         2.61 us            1 L1-dcache-loads=1.177k items_per_second=12.2794M/s
BM_BUBBLE_SORT/32/1/iterations:1/repeats:50                    2.64 us         2.64 us            1 L1-dcache-loads=1.156k items_per_second=12.135M/s
BM_BUBBLE_SORT/32/1/iterations:1/repeats:50                    2.59 us         2.59 us            1 L1-dcache-loads=1.182k items_per_second=12.3362M/s
BM_BUBBLE_SORT/32/1/iterations:1/repeats:50                    2.54 us         2.55 us            1 L1-dcache-loads=1.182k items_per_second=12.5539M/s
BM_BUBBLE_SORT/32/1/iterations:1/repeats:50                    2.61 us         2.61 us            1 L1-dcache-loads=1.171k items_per_second=12.2605M/s
BM_BUBBLE_SORT/32/1/iterations:1/repeats:50                    2.54 us         2.54 us            1 L1-dcache-loads=1.182k items_per_second=12.6233M/s
BM_BUBBLE_SORT/32/1/iterations:1/repeats:50                    2.38 us         2.39 us            1 L1-dcache-loads=1.177k items_per_second=13.3891M/s
BM_BUBBLE_SORT/32/1/iterations:1/repeats:50                    2.60 us         2.59 us            1 L1-dcache-loads=1.171k items_per_second=12.3314M/s
BM_BUBBLE_SORT/32/1/iterations:1/repeats:50                    2.66 us         2.66 us            1 L1-dcache-loads=1.186k items_per_second=12.0437M/s
BM_BUBBLE_SORT/32/1/iterations:1/repeats:50                    2.44 us         2.44 us            1 L1-dcache-loads=1.189k items_per_second=13.1094M/s
BM_BUBBLE_SORT/32/1/iterations:1/repeats:50                    2.53 us         2.53 us            1 L1-dcache-loads=1.192k items_per_second=12.6582M/s
BM_BUBBLE_SORT/32/1/iterations:1/repeats:50                    2.51 us         2.51 us            1 L1-dcache-loads=1.177k items_per_second=12.7287M/s
BM_BUBBLE_SORT/32/1/iterations:1/repeats:50                    2.42 us         2.42 us            1 L1-dcache-loads=1.186k items_per_second=13.245M/s
BM_BUBBLE_SORT/32/1/iterations:1/repeats:50                    2.36 us         2.36 us            1 L1-dcache-loads=1.164k items_per_second=13.5536M/s
BM_BUBBLE_SORT/32/1/iterations:1/repeats:50                    2.34 us         2.33 us            1 L1-dcache-loads=1.186k items_per_second=13.7104M/s
BM_BUBBLE_SORT/32/1/iterations:1/repeats:50                    2.37 us         2.37 us            1 L1-dcache-loads=1.171k items_per_second=13.4907M/s
BM_BUBBLE_SORT/32/1/iterations:1/repeats:50                    2.65 us         2.64 us            1 L1-dcache-loads=1.182k items_per_second=12.0983M/s
BM_BUBBLE_SORT/32/1/iterations:1/repeats:50                    2.44 us         2.43 us            1 L1-dcache-loads=1.177k items_per_second=13.1796M/s
BM_BUBBLE_SORT/32/1/iterations:1/repeats:50                    2.82 us         2.82 us            1 L1-dcache-loads=1.192k items_per_second=11.3435M/s
BM_BUBBLE_SORT/32/1/iterations:1/repeats:50                    2.77 us         2.77 us            1 L1-dcache-loads=1.191k items_per_second=11.5482M/s
BM_BUBBLE_SORT/32/1/iterations:1/repeats:50                    2.49 us         2.49 us            1 L1-dcache-loads=1.171k items_per_second=12.8566M/s
BM_BUBBLE_SORT/32/1/iterations:1/repeats:50                    2.21 us         2.21 us            1 L1-dcache-loads=1.192k items_per_second=14.447M/s
BM_BUBBLE_SORT/32/1/iterations:1/repeats:50                    2.44 us         2.44 us            1 L1-dcache-loads=1.186k items_per_second=13.1094M/s
BM_BUBBLE_SORT/32/1/iterations:1/repeats:50                    2.32 us         2.33 us            1 L1-dcache-loads=1.171k items_per_second=13.7339M/s
BM_BUBBLE_SORT/32/1/iterations:1/repeats:50                    2.31 us         2.31 us            1 L1-dcache-loads=1.137k items_per_second=13.8708M/s
BM_BUBBLE_SORT/32/1/iterations:1/repeats:50                    2.19 us         2.19 us            1 L1-dcache-loads=1.164k items_per_second=14.5985M/s
BM_BUBBLE_SORT/32/1/iterations:1/repeats:50                    2.69 us         2.69 us            1 L1-dcache-loads=1.189k items_per_second=11.8782M/s
BM_BUBBLE_SORT/32/1/iterations:1/repeats:50                    2.22 us         2.22 us            1 L1-dcache-loads=1.137k items_per_second=14.3885M/s
BM_BUBBLE_SORT/32/1/iterations:1/repeats:50                    2.43 us         2.42 us            1 L1-dcache-loads=1.186k items_per_second=13.2013M/s
BM_BUBBLE_SORT/32/1/iterations:1/repeats:50                    2.56 us         2.56 us            1 L1-dcache-loads=1.191k items_per_second=12.5098M/s
BM_BUBBLE_SORT/32/1/iterations:1/repeats:50                    2.43 us         2.43 us            1 L1-dcache-loads=1.186k items_per_second=13.1687M/s
BM_BUBBLE_SORT/32/1/iterations:1/repeats:50                    2.03 us         2.03 us            1 L1-dcache-loads=1.182k items_per_second=15.7713M/s
BM_BUBBLE_SORT/32/1/iterations:1/repeats:50                    2.62 us         2.62 us            1 L1-dcache-loads=1.186k items_per_second=12.2324M/s
BM_BUBBLE_SORT/32/1/iterations:1/repeats:50                    2.41 us         2.41 us            1 L1-dcache-loads=1.156k items_per_second=13.2725M/s
BM_BUBBLE_SORT/32/1/iterations:1/repeats:50_mean               2.47 us         2.47 us           50 L1-dcache-loads=1.1759k items_per_second=13.0009M/s
BM_BUBBLE_SORT/32/1/iterations:1/repeats:50_median             2.48 us         2.47 us           50 L1-dcache-loads=1.1795k items_per_second=12.9557M/s
BM_BUBBLE_SORT/32/1/iterations:1/repeats:50_stddev            0.161 us        0.160 us           50 L1-dcache-loads=15.3772 items_per_second=872.288k/s
BM_BUBBLE_SORT/32/1/iterations:1/repeats:50_cv                 6.50 %          6.47 %            50 L1-dcache-loads=1.31% items_per_second=6.71%
BM_BUBBLE_SORT/64/1/iterations:1/repeats:50                    7.49 us         7.47 us            1 L1-dcache-loads=3.184k items_per_second=8.56302M/s
BM_BUBBLE_SORT/64/1/iterations:1/repeats:50                    7.66 us         7.66 us            1 L1-dcache-loads=3.292k items_per_second=8.36055M/s
BM_BUBBLE_SORT/64/1/iterations:1/repeats:50                    8.32 us         8.32 us            1 L1-dcache-loads=3.32k items_per_second=7.69138M/s
BM_BUBBLE_SORT/64/1/iterations:1/repeats:50                    7.51 us         7.52 us            1 L1-dcache-loads=3.305k items_per_second=8.51403M/s
BM_BUBBLE_SORT/64/1/iterations:1/repeats:50                    7.71 us         7.71 us            1 L1-dcache-loads=3.319k items_per_second=8.29768M/s
BM_BUBBLE_SORT/64/1/iterations:1/repeats:50                    7.90 us         7.90 us            1 L1-dcache-loads=3.299k items_per_second=8.09922M/s
BM_BUBBLE_SORT/64/1/iterations:1/repeats:50                    8.05 us         8.05 us            1 L1-dcache-loads=3.265k items_per_second=7.9513M/s
BM_BUBBLE_SORT/64/1/iterations:1/repeats:50                    6.96 us         6.96 us            1 L1-dcache-loads=3.254k items_per_second=9.19937M/s
BM_BUBBLE_SORT/64/1/iterations:1/repeats:50                    7.82 us         7.83 us            1 L1-dcache-loads=3.265k items_per_second=8.17265M/s
BM_BUBBLE_SORT/64/1/iterations:1/repeats:50                    7.59 us         7.59 us            1 L1-dcache-loads=3.215k items_per_second=8.43437M/s
BM_BUBBLE_SORT/64/1/iterations:1/repeats:50                    7.44 us         7.44 us            1 L1-dcache-loads=3.265k items_per_second=8.59984M/s
BM_BUBBLE_SORT/64/1/iterations:1/repeats:50                    7.15 us         7.15 us            1 L1-dcache-loads=3.299k items_per_second=8.9523M/s
BM_BUBBLE_SORT/64/1/iterations:1/repeats:50                    6.92 us         6.92 us            1 L1-dcache-loads=3.254k items_per_second=9.25257M/s
BM_BUBBLE_SORT/64/1/iterations:1/repeats:50                    7.07 us         7.07 us            1 L1-dcache-loads=3.2k items_per_second=9.05105M/s
BM_BUBBLE_SORT/64/1/iterations:1/repeats:50                    7.12 us         7.12 us            1 L1-dcache-loads=3.242k items_per_second=8.99129M/s
BM_BUBBLE_SORT/64/1/iterations:1/repeats:50                    6.85 us         6.84 us            1 L1-dcache-loads=3.284k items_per_second=9.35262M/s
BM_BUBBLE_SORT/64/1/iterations:1/repeats:50                    7.18 us         7.17 us            1 L1-dcache-loads=3.292k items_per_second=8.91986M/s
BM_BUBBLE_SORT/64/1/iterations:1/repeats:50                    7.07 us         7.07 us            1 L1-dcache-loads=3.292k items_per_second=9.05361M/s
BM_BUBBLE_SORT/64/1/iterations:1/repeats:50                    7.71 us         7.71 us            1 L1-dcache-loads=3.319k items_per_second=8.30522M/s
BM_BUBBLE_SORT/64/1/iterations:1/repeats:50                    7.39 us         7.39 us            1 L1-dcache-loads=3.284k items_per_second=8.66152M/s
BM_BUBBLE_SORT/64/1/iterations:1/repeats:50                    8.18 us         8.17 us            1 L1-dcache-loads=3.305k items_per_second=7.8297M/s
BM_BUBBLE_SORT/64/1/iterations:1/repeats:50                    6.79 us         6.79 us            1 L1-dcache-loads=3.284k items_per_second=9.42701M/s
BM_BUBBLE_SORT/64/1/iterations:1/repeats:50                    7.31 us         7.31 us            1 L1-dcache-loads=3.265k items_per_second=8.75154M/s
BM_BUBBLE_SORT/64/1/iterations:1/repeats:50                    8.09 us         8.09 us            1 L1-dcache-loads=3.317k items_per_second=7.911M/s
BM_BUBBLE_SORT/64/1/iterations:1/repeats:50                    7.75 us         7.75 us            1 L1-dcache-loads=3.229k items_per_second=8.2634M/s
BM_BUBBLE_SORT/64/1/iterations:1/repeats:50                    7.20 us         7.20 us            1 L1-dcache-loads=3.292k items_per_second=8.88395M/s
BM_BUBBLE_SORT/64/1/iterations:1/repeats:50                    7.64 us         7.64 us            1 L1-dcache-loads=3.229k items_per_second=8.37148M/s
BM_BUBBLE_SORT/64/1/iterations:1/repeats:50                    6.83 us         6.84 us            1 L1-dcache-loads=3.299k items_per_second=9.35536M/s
BM_BUBBLE_SORT/64/1/iterations:1/repeats:50                    8.07 us         8.06 us            1 L1-dcache-loads=3.275k items_per_second=7.93651M/s
BM_BUBBLE_SORT/64/1/iterations:1/repeats:50                    7.55 us         7.55 us            1 L1-dcache-loads=3.284k items_per_second=8.47458M/s
BM_BUBBLE_SORT/64/1/iterations:1/repeats:50                    7.50 us         7.50 us            1 L1-dcache-loads=3.317k items_per_second=8.53447M/s
BM_BUBBLE_SORT/64/1/iterations:1/repeats:50                    7.79 us         7.79 us            1 L1-dcache-loads=3.317k items_per_second=8.21355M/s
BM_BUBBLE_SORT/64/1/iterations:1/repeats:50                    7.78 us         7.78 us            1 L1-dcache-loads=3.265k items_per_second=8.22622M/s
BM_BUBBLE_SORT/64/1/iterations:1/repeats:50                    7.92 us         7.92 us            1 L1-dcache-loads=3.32k items_per_second=8.08591M/s
BM_BUBBLE_SORT/64/1/iterations:1/repeats:50                    6.86 us         6.86 us            1 L1-dcache-loads=3.265k items_per_second=9.32537M/s
BM_BUBBLE_SORT/64/1/iterations:1/repeats:50                    7.81 us         7.81 us            1 L1-dcache-loads=3.254k items_per_second=8.19252M/s
BM_BUBBLE_SORT/64/1/iterations:1/repeats:50                    6.71 us         6.71 us            1 L1-dcache-loads=3.292k items_per_second=9.53516M/s
BM_BUBBLE_SORT/64/1/iterations:1/repeats:50                    7.20 us         7.20 us            1 L1-dcache-loads=3.32k items_per_second=8.89136M/s
BM_BUBBLE_SORT/64/1/iterations:1/repeats:50                    7.26 us         7.25 us            1 L1-dcache-loads=3.299k items_per_second=8.8215M/s
BM_BUBBLE_SORT/64/1/iterations:1/repeats:50                    7.54 us         7.56 us            1 L1-dcache-loads=3.299k items_per_second=8.46001M/s
BM_BUBBLE_SORT/64/1/iterations:1/repeats:50                    7.77 us         7.76 us            1 L1-dcache-loads=3.314k items_per_second=8.24317M/s
BM_BUBBLE_SORT/64/1/iterations:1/repeats:50                    8.33 us         8.32 us            1 L1-dcache-loads=3.305k items_per_second=7.69323M/s
BM_BUBBLE_SORT/64/1/iterations:1/repeats:50                    8.18 us         8.18 us            1 L1-dcache-loads=3.254k items_per_second=7.82014M/s
BM_BUBBLE_SORT/64/1/iterations:1/repeats:50                    6.93 us         6.93 us            1 L1-dcache-loads=3.319k items_per_second=9.24054M/s
BM_BUBBLE_SORT/64/1/iterations:1/repeats:50                    7.64 us         7.64 us            1 L1-dcache-loads=3.242k items_per_second=8.37587M/s
BM_BUBBLE_SORT/64/1/iterations:1/repeats:50                    7.16 us         7.15 us            1 L1-dcache-loads=3.242k items_per_second=8.94604M/s
BM_BUBBLE_SORT/64/1/iterations:1/repeats:50                    7.85 us         7.85 us            1 L1-dcache-loads=3.184k items_per_second=8.14871M/s
BM_BUBBLE_SORT/64/1/iterations:1/repeats:50                    6.80 us         6.80 us            1 L1-dcache-loads=3.275k items_per_second=9.40761M/s
BM_BUBBLE_SORT/64/1/iterations:1/repeats:50                    8.10 us         8.11 us            1 L1-dcache-loads=3.265k items_per_second=7.89539M/s
BM_BUBBLE_SORT/64/1/iterations:1/repeats:50                    7.06 us         7.06 us            1 L1-dcache-loads=3.13k items_per_second=9.06131M/s
BM_BUBBLE_SORT/64/1/iterations:1/repeats:50_mean               7.49 us         7.49 us           50 L1-dcache-loads=3.27412k items_per_second=8.57492M/s
BM_BUBBLE_SORT/64/1/iterations:1/repeats:50_median             7.53 us         7.53 us           50 L1-dcache-loads=3.284k items_per_second=8.49431M/s
BM_BUBBLE_SORT/64/1/iterations:1/repeats:50_stddev            0.450 us        0.450 us           50 L1-dcache-loads=41.1025 items_per_second=516.918k/s
BM_BUBBLE_SORT/64/1/iterations:1/repeats:50_cv                 6.01 %          6.01 %            50 L1-dcache-loads=1.26% items_per_second=6.03%
BM_BUBBLE_SORT/128/1/iterations:1/repeats:50                   27.1 us         27.0 us            1 L1-dcache-loads=10.612k items_per_second=4.73425M/s
BM_BUBBLE_SORT/128/1/iterations:1/repeats:50                   25.4 us         25.4 us            1 L1-dcache-loads=10.642k items_per_second=5.04573M/s
BM_BUBBLE_SORT/128/1/iterations:1/repeats:50                   26.0 us         25.9 us            1 L1-dcache-loads=10.593k items_per_second=4.93294M/s
BM_BUBBLE_SORT/128/1/iterations:1/repeats:50                   25.2 us         25.2 us            1 L1-dcache-loads=10.603k items_per_second=5.0834M/s
BM_BUBBLE_SORT/128/1/iterations:1/repeats:50                   23.7 us         23.7 us            1 L1-dcache-loads=10.395k items_per_second=5.4013M/s
BM_BUBBLE_SORT/128/1/iterations:1/repeats:50                   26.4 us         26.4 us            1 L1-dcache-loads=10.638k items_per_second=4.84188M/s
BM_BUBBLE_SORT/128/1/iterations:1/repeats:50                   27.2 us         27.2 us            1 L1-dcache-loads=10.582k items_per_second=4.70675M/s
BM_BUBBLE_SORT/128/1/iterations:1/repeats:50                   25.8 us         25.8 us            1 L1-dcache-loads=10.582k items_per_second=4.96028M/s
BM_BUBBLE_SORT/128/1/iterations:1/repeats:50                   25.4 us         25.4 us            1 L1-dcache-loads=10.439k items_per_second=5.03481M/s
BM_BUBBLE_SORT/128/1/iterations:1/repeats:50                   23.1 us         23.1 us            1 L1-dcache-loads=10.62k items_per_second=5.54881M/s
BM_BUBBLE_SORT/128/1/iterations:1/repeats:50                   25.8 us         25.8 us            1 L1-dcache-loads=10.417k items_per_second=4.96933M/s
BM_BUBBLE_SORT/128/1/iterations:1/repeats:50                   25.4 us         25.4 us            1 L1-dcache-loads=10.348k items_per_second=5.03957M/s
BM_BUBBLE_SORT/128/1/iterations:1/repeats:50                   24.7 us         24.7 us            1 L1-dcache-loads=10.633k items_per_second=5.17611M/s
BM_BUBBLE_SORT/128/1/iterations:1/repeats:50                   25.5 us         25.5 us            1 L1-dcache-loads=10.627k items_per_second=5.01607M/s
BM_BUBBLE_SORT/128/1/iterations:1/repeats:50                   24.7 us         24.7 us            1 L1-dcache-loads=10.62k items_per_second=5.17695M/s
BM_BUBBLE_SORT/128/1/iterations:1/repeats:50                   25.0 us         25.0 us            1 L1-dcache-loads=10.477k items_per_second=5.12903M/s
BM_BUBBLE_SORT/128/1/iterations:1/repeats:50                   27.4 us         27.4 us            1 L1-dcache-loads=10.57k items_per_second=4.66489M/s
BM_BUBBLE_SORT/128/1/iterations:1/repeats:50                   25.6 us         25.6 us            1 L1-dcache-loads=10.57k items_per_second=5.009M/s
BM_BUBBLE_SORT/128/1/iterations:1/repeats:50                   25.2 us         25.2 us            1 L1-dcache-loads=10.512k items_per_second=5.07232M/s
BM_BUBBLE_SORT/128/1/iterations:1/repeats:50                   25.5 us         25.5 us            1 L1-dcache-loads=10.57k items_per_second=5.02177M/s
BM_BUBBLE_SORT/128/1/iterations:1/repeats:50                   25.4 us         25.4 us            1 L1-dcache-loads=10.612k items_per_second=5.04394M/s
BM_BUBBLE_SORT/128/1/iterations:1/repeats:50                   26.6 us         26.6 us            1 L1-dcache-loads=10.543k items_per_second=4.81113M/s
BM_BUBBLE_SORT/128/1/iterations:1/repeats:50                   24.7 us         24.7 us            1 L1-dcache-loads=10.633k items_per_second=5.1866M/s
BM_BUBBLE_SORT/128/1/iterations:1/repeats:50                   25.8 us         25.8 us            1 L1-dcache-loads=10.543k items_per_second=4.9649M/s
BM_BUBBLE_SORT/128/1/iterations:1/repeats:50                   27.1 us         27.1 us            1 L1-dcache-loads=10.57k items_per_second=4.72761M/s
BM_BUBBLE_SORT/128/1/iterations:1/repeats:50                   24.2 us         24.2 us            1 L1-dcache-loads=10.612k items_per_second=5.28598M/s
BM_BUBBLE_SORT/128/1/iterations:1/repeats:50                   24.5 us         24.5 us            1 L1-dcache-loads=10.557k items_per_second=5.22406M/s
BM_BUBBLE_SORT/128/1/iterations:1/repeats:50                   26.9 us         26.9 us            1 L1-dcache-loads=10.633k items_per_second=4.75589M/s
BM_BUBBLE_SORT/128/1/iterations:1/repeats:50                   24.0 us         24.0 us            1 L1-dcache-loads=10.648k items_per_second=5.34402M/s
BM_BUBBLE_SORT/128/1/iterations:1/repeats:50                   25.2 us         25.2 us            1 L1-dcache-loads=10.438k items_per_second=5.07071M/s
BM_BUBBLE_SORT/128/1/iterations:1/repeats:50                   27.6 us         27.6 us            1 L1-dcache-loads=10.638k items_per_second=4.64104M/s
BM_BUBBLE_SORT/128/1/iterations:1/repeats:50                   24.7 us         24.7 us            1 L1-dcache-loads=10.647k items_per_second=5.19038M/s
BM_BUBBLE_SORT/128/1/iterations:1/repeats:50                   25.0 us         25.0 us            1 L1-dcache-loads=10.627k items_per_second=5.11754M/s
BM_BUBBLE_SORT/128/1/iterations:1/repeats:50                   27.7 us         27.7 us            1 L1-dcache-loads=10.582k items_per_second=4.62277M/s
BM_BUBBLE_SORT/128/1/iterations:1/repeats:50                   26.9 us         26.9 us            1 L1-dcache-loads=10.612k items_per_second=4.76137M/s
BM_BUBBLE_SORT/128/1/iterations:1/repeats:50                   27.6 us         27.6 us            1 L1-dcache-loads=10.593k items_per_second=4.64071M/s
BM_BUBBLE_SORT/128/1/iterations:1/repeats:50                   26.2 us         26.2 us            1 L1-dcache-loads=10.62k items_per_second=4.88009M/s
BM_BUBBLE_SORT/128/1/iterations:1/repeats:50                   25.7 us         25.7 us            1 L1-dcache-loads=10.543k items_per_second=4.98307M/s
BM_BUBBLE_SORT/128/1/iterations:1/repeats:50                   26.2 us         26.3 us            1 L1-dcache-loads=10.582k items_per_second=4.87489M/s
BM_BUBBLE_SORT/128/1/iterations:1/repeats:50                   24.9 us         24.9 us            1 L1-dcache-loads=10.477k items_per_second=5.13644M/s
BM_BUBBLE_SORT/128/1/iterations:1/repeats:50                   24.7 us         24.7 us            1 L1-dcache-loads=10.582k items_per_second=5.18639M/s
BM_BUBBLE_SORT/128/1/iterations:1/repeats:50                   24.4 us         24.4 us            1 L1-dcache-loads=10.528k items_per_second=5.23882M/s
BM_BUBBLE_SORT/128/1/iterations:1/repeats:50                   26.2 us         26.2 us            1 L1-dcache-loads=10.62k items_per_second=4.88998M/s
BM_BUBBLE_SORT/128/1/iterations:1/repeats:50                   26.0 us         26.0 us            1 L1-dcache-loads=10.62k items_per_second=4.91778M/s
BM_BUBBLE_SORT/128/1/iterations:1/repeats:50                   26.3 us         26.3 us            1 L1-dcache-loads=10.582k items_per_second=4.87155M/s
BM_BUBBLE_SORT/128/1/iterations:1/repeats:50                   24.9 us         24.9 us            1 L1-dcache-loads=10.582k items_per_second=5.13706M/s
BM_BUBBLE_SORT/128/1/iterations:1/repeats:50                   27.6 us         27.6 us            1 L1-dcache-loads=10.544k items_per_second=4.64492M/s
BM_BUBBLE_SORT/128/1/iterations:1/repeats:50                   26.8 us         26.8 us            1 L1-dcache-loads=10.642k items_per_second=4.7779M/s
BM_BUBBLE_SORT/128/1/iterations:1/repeats:50                   25.0 us         25.0 us            1 L1-dcache-loads=10.458k items_per_second=5.12061M/s
BM_BUBBLE_SORT/128/1/iterations:1/repeats:50                   25.7 us         25.7 us            1 L1-dcache-loads=10.603k items_per_second=4.98695M/s
BM_BUBBLE_SORT/128/1/iterations:1/repeats:50_mean              25.7 us         25.7 us           50 L1-dcache-loads=10.5704k items_per_second=4.99201M/s
BM_BUBBLE_SORT/128/1/iterations:1/repeats:50_median            25.5 us         25.5 us           50 L1-dcache-loads=10.582k items_per_second=5.01253M/s
BM_BUBBLE_SORT/128/1/iterations:1/repeats:50_stddev            1.09 us         1.09 us           50 L1-dcache-loads=71.39 items_per_second=212.46k/s
BM_BUBBLE_SORT/128/1/iterations:1/repeats:50_cv                4.25 %          4.25 %            50 L1-dcache-loads=0.68% items_per_second=4.26%
BM_BUBBLE_SORT/256/1/iterations:1/repeats:50                   90.6 us         90.6 us            1 L1-dcache-loads=37.592k items_per_second=2.82667M/s
BM_BUBBLE_SORT/256/1/iterations:1/repeats:50                   93.8 us         93.8 us            1 L1-dcache-loads=37.064k items_per_second=2.72851M/s
BM_BUBBLE_SORT/256/1/iterations:1/repeats:50                   99.4 us         99.4 us            1 L1-dcache-loads=37.439k items_per_second=2.57595M/s
BM_BUBBLE_SORT/256/1/iterations:1/repeats:50                   83.9 us         83.9 us            1 L1-dcache-loads=37.292k items_per_second=3.05256M/s
BM_BUBBLE_SORT/256/1/iterations:1/repeats:50                   92.2 us         92.2 us            1 L1-dcache-loads=37.316k items_per_second=2.77648M/s
BM_BUBBLE_SORT/256/1/iterations:1/repeats:50                   89.2 us         89.2 us            1 L1-dcache-loads=37.582k items_per_second=2.87044M/s
BM_BUBBLE_SORT/256/1/iterations:1/repeats:50                   87.7 us         87.7 us            1 L1-dcache-loads=37.402k items_per_second=2.91911M/s
BM_BUBBLE_SORT/256/1/iterations:1/repeats:50                   96.9 us         96.9 us            1 L1-dcache-loads=37.187k items_per_second=2.64255M/s
BM_BUBBLE_SORT/256/1/iterations:1/repeats:50                   92.1 us         92.1 us            1 L1-dcache-loads=37.157k items_per_second=2.77947M/s
BM_BUBBLE_SORT/256/1/iterations:1/repeats:50                   87.3 us         87.3 us            1 L1-dcache-loads=37.186k items_per_second=2.93077M/s
BM_BUBBLE_SORT/256/1/iterations:1/repeats:50                   90.7 us         90.7 us            1 L1-dcache-loads=37.064k items_per_second=2.82162M/s
BM_BUBBLE_SORT/256/1/iterations:1/repeats:50                   91.8 us         91.8 us            1 L1-dcache-loads=36.731k items_per_second=2.7891M/s
BM_BUBBLE_SORT/256/1/iterations:1/repeats:50                   88.5 us         88.5 us            1 L1-dcache-loads=37.514k items_per_second=2.89344M/s
BM_BUBBLE_SORT/256/1/iterations:1/repeats:50                   89.7 us         89.7 us            1 L1-dcache-loads=37.586k items_per_second=2.85275M/s
BM_BUBBLE_SORT/256/1/iterations:1/repeats:50                   90.2 us         90.2 us            1 L1-dcache-loads=37.472k items_per_second=2.83899M/s
BM_BUBBLE_SORT/256/1/iterations:1/repeats:50                   96.1 us         96.1 us            1 L1-dcache-loads=37.316k items_per_second=2.66381M/s
BM_BUBBLE_SORT/256/1/iterations:1/repeats:50                   98.0 us         98.0 us            1 L1-dcache-loads=36.997k items_per_second=2.61286M/s
BM_BUBBLE_SORT/256/1/iterations:1/repeats:50                   93.0 us         93.0 us            1 L1-dcache-loads=37.565k items_per_second=2.75192M/s
BM_BUBBLE_SORT/256/1/iterations:1/repeats:50                   96.0 us         96.0 us            1 L1-dcache-loads=37.421k items_per_second=2.66633M/s
BM_BUBBLE_SORT/256/1/iterations:1/repeats:50                   87.1 us         87.1 us            1 L1-dcache-loads=37.526k items_per_second=2.93932M/s
BM_BUBBLE_SORT/256/1/iterations:1/repeats:50                   90.0 us         90.0 us            1 L1-dcache-loads=37.439k items_per_second=2.84384M/s
BM_BUBBLE_SORT/256/1/iterations:1/repeats:50                   86.8 us         86.8 us            1 L1-dcache-loads=37.339k items_per_second=2.94846M/s
BM_BUBBLE_SORT/256/1/iterations:1/repeats:50                   93.0 us         93.0 us            1 L1-dcache-loads=37.487k items_per_second=2.75269M/s
BM_BUBBLE_SORT/256/1/iterations:1/repeats:50                   91.5 us         91.5 us            1 L1-dcache-loads=37.292k items_per_second=2.79901M/s
BM_BUBBLE_SORT/256/1/iterations:1/repeats:50                   86.7 us         86.7 us            1 L1-dcache-loads=37.157k items_per_second=2.95332M/s
BM_BUBBLE_SORT/256/1/iterations:1/repeats:50                   90.9 us         90.9 us            1 L1-dcache-loads=36.962k items_per_second=2.8151M/s
BM_BUBBLE_SORT/256/1/iterations:1/repeats:50                   88.3 us         88.3 us            1 L1-dcache-loads=37.241k items_per_second=2.89894M/s
BM_BUBBLE_SORT/256/1/iterations:1/repeats:50                   88.6 us         88.6 us            1 L1-dcache-loads=37.472k items_per_second=2.88985M/s
BM_BUBBLE_SORT/256/1/iterations:1/repeats:50                   87.6 us         87.6 us            1 L1-dcache-loads=37.293k items_per_second=2.92311M/s
BM_BUBBLE_SORT/256/1/iterations:1/repeats:50                   89.7 us         89.7 us            1 L1-dcache-loads=37.556k items_per_second=2.85453M/s
BM_BUBBLE_SORT/256/1/iterations:1/repeats:50                   90.1 us         90.1 us            1 L1-dcache-loads=37.064k items_per_second=2.84015M/s
BM_BUBBLE_SORT/256/1/iterations:1/repeats:50                   92.1 us         92.1 us            1 L1-dcache-loads=37.402k items_per_second=2.77923M/s
BM_BUBBLE_SORT/256/1/iterations:1/repeats:50                   97.1 us         97.1 us            1 L1-dcache-loads=37.439k items_per_second=2.63695M/s
BM_BUBBLE_SORT/256/1/iterations:1/repeats:50                   86.8 us         86.8 us            1 L1-dcache-loads=37.241k items_per_second=2.95026M/s
BM_BUBBLE_SORT/256/1/iterations:1/repeats:50                   92.4 us         92.4 us            1 L1-dcache-loads=37.592k items_per_second=2.77032M/s
BM_BUBBLE_SORT/256/1/iterations:1/repeats:50                   88.4 us         88.4 us            1 L1-dcache-loads=37.571k items_per_second=2.89707M/s
BM_BUBBLE_SORT/256/1/iterations:1/repeats:50                   89.3 us         89.3 us            1 L1-dcache-loads=37.157k items_per_second=2.86803M/s
BM_BUBBLE_SORT/256/1/iterations:1/repeats:50                   88.9 us         88.9 us            1 L1-dcache-loads=37.402k items_per_second=2.87867M/s
BM_BUBBLE_SORT/256/1/iterations:1/repeats:50                   89.1 us         89.1 us            1 L1-dcache-loads=37.292k items_per_second=2.8746M/s
BM_BUBBLE_SORT/256/1/iterations:1/repeats:50                   88.3 us         88.3 us            1 L1-dcache-loads=37.527k items_per_second=2.89868M/s
BM_BUBBLE_SORT/256/1/iterations:1/repeats:50                   98.3 us         98.3 us            1 L1-dcache-loads=37.316k items_per_second=2.6047M/s
BM_BUBBLE_SORT/256/1/iterations:1/repeats:50                   98.1 us         98.1 us            1 L1-dcache-loads=37.592k items_per_second=2.6107M/s
BM_BUBBLE_SORT/256/1/iterations:1/repeats:50                    103 us          103 us            1 L1-dcache-loads=37.361k items_per_second=2.478M/s
BM_BUBBLE_SORT/256/1/iterations:1/repeats:50                   90.4 us         90.4 us            1 L1-dcache-loads=37.064k items_per_second=2.83136M/s
BM_BUBBLE_SORT/256/1/iterations:1/repeats:50                   93.7 us         93.7 us            1 L1-dcache-loads=37.456k items_per_second=2.73174M/s
BM_BUBBLE_SORT/256/1/iterations:1/repeats:50                   92.0 us         92.0 us            1 L1-dcache-loads=37.316k items_per_second=2.7827M/s
BM_BUBBLE_SORT/256/1/iterations:1/repeats:50                   92.0 us         92.0 us            1 L1-dcache-loads=37.526k items_per_second=2.78228M/s
BM_BUBBLE_SORT/256/1/iterations:1/repeats:50                   89.7 us         89.7 us            1 L1-dcache-loads=37.537k items_per_second=2.85373M/s
BM_BUBBLE_SORT/256/1/iterations:1/repeats:50                   90.3 us         90.3 us            1 L1-dcache-loads=37.402k items_per_second=2.8355M/s
BM_BUBBLE_SORT/256/1/iterations:1/repeats:50                   94.9 us         94.9 us            1 L1-dcache-loads=37.339k items_per_second=2.6967M/s
BM_BUBBLE_SORT/256/1/iterations:1/repeats:50_mean              91.4 us         91.4 us           50 L1-dcache-loads=37.3449k items_per_second=2.80426M/s
BM_BUBBLE_SORT/256/1/iterations:1/repeats:50_median            90.5 us         90.5 us           50 L1-dcache-loads=37.3815k items_per_second=2.82901M/s
BM_BUBBLE_SORT/256/1/iterations:1/repeats:50_stddev            3.90 us         3.90 us           50 L1-dcache-loads=195.288 items_per_second=116.057k/s
BM_BUBBLE_SORT/256/1/iterations:1/repeats:50_cv                4.27 %          4.27 %            50 L1-dcache-loads=0.52% items_per_second=4.14%
BM_BUBBLE_SORT/512/1/iterations:1/repeats:50                    355 us          355 us            1 L1-dcache-loads=140.604k items_per_second=1.44219M/s
BM_BUBBLE_SORT/512/1/iterations:1/repeats:50                    348 us          348 us            1 L1-dcache-loads=140.422k items_per_second=1.47098M/s
BM_BUBBLE_SORT/512/1/iterations:1/repeats:50                    351 us          351 us            1 L1-dcache-loads=140.513k items_per_second=1.45797M/s
BM_BUBBLE_SORT/512/1/iterations:1/repeats:50                    357 us          357 us            1 L1-dcache-loads=140.479k items_per_second=1.43442M/s
BM_BUBBLE_SORT/512/1/iterations:1/repeats:50                    347 us          347 us            1 L1-dcache-loads=140.479k items_per_second=1.47695M/s
BM_BUBBLE_SORT/512/1/iterations:1/repeats:50                    344 us          344 us            1 L1-dcache-loads=140.612k items_per_second=1.48717M/s
BM_BUBBLE_SORT/512/1/iterations:1/repeats:50                    335 us          335 us            1 L1-dcache-loads=139.812k items_per_second=1.52758M/s
BM_BUBBLE_SORT/512/1/iterations:1/repeats:50                    346 us          346 us            1 L1-dcache-loads=140.596k items_per_second=1.47798M/s
BM_BUBBLE_SORT/512/1/iterations:1/repeats:50                    343 us          343 us            1 L1-dcache-loads=140.168k items_per_second=1.49218M/s
BM_BUBBLE_SORT/512/1/iterations:1/repeats:50                    328 us          328 us            1 L1-dcache-loads=140.596k items_per_second=1.56293M/s
BM_BUBBLE_SORT/512/1/iterations:1/repeats:50                    357 us          357 us            1 L1-dcache-loads=140.597k items_per_second=1.4359M/s
BM_BUBBLE_SORT/512/1/iterations:1/repeats:50                    341 us          341 us            1 L1-dcache-loads=140.281k items_per_second=1.50223M/s
BM_BUBBLE_SORT/512/1/iterations:1/repeats:50                    353 us          353 us            1 L1-dcache-loads=139.357k items_per_second=1.44932M/s
BM_BUBBLE_SORT/512/1/iterations:1/repeats:50                    366 us          366 us            1 L1-dcache-loads=140.623k items_per_second=1.39931M/s
BM_BUBBLE_SORT/512/1/iterations:1/repeats:50                    330 us          330 us            1 L1-dcache-loads=139.306k items_per_second=1.55024M/s
BM_BUBBLE_SORT/512/1/iterations:1/repeats:50                    350 us          350 us            1 L1-dcache-loads=140.611k items_per_second=1.46369M/s
BM_BUBBLE_SORT/512/1/iterations:1/repeats:50                    327 us          327 us            1 L1-dcache-loads=140.443k items_per_second=1.56768M/s
BM_BUBBLE_SORT/512/1/iterations:1/repeats:50                    334 us          334 us            1 L1-dcache-loads=140.356k items_per_second=1.53318M/s
BM_BUBBLE_SORT/512/1/iterations:1/repeats:50                    345 us          345 us            1 L1-dcache-loads=140.631k items_per_second=1.48503M/s
BM_BUBBLE_SORT/512/1/iterations:1/repeats:50                    348 us          348 us            1 L1-dcache-loads=140.105k items_per_second=1.47018M/s
BM_BUBBLE_SORT/512/1/iterations:1/repeats:50                    347 us          347 us            1 L1-dcache-loads=140.442k items_per_second=1.4776M/s
BM_BUBBLE_SORT/512/1/iterations:1/repeats:50                    334 us          334 us            1 L1-dcache-loads=140.577k items_per_second=1.5337M/s
BM_BUBBLE_SORT/512/1/iterations:1/repeats:50                    348 us          348 us            1 L1-dcache-loads=140.63k items_per_second=1.47215M/s
BM_BUBBLE_SORT/512/1/iterations:1/repeats:50                    346 us          346 us            1 L1-dcache-loads=140.379k items_per_second=1.47841M/s
BM_BUBBLE_SORT/512/1/iterations:1/repeats:50                    349 us          349 us            1 L1-dcache-loads=140.479k items_per_second=1.46807M/s
BM_BUBBLE_SORT/512/1/iterations:1/repeats:50                    340 us          340 us            1 L1-dcache-loads=140.402k items_per_second=1.50694M/s
BM_BUBBLE_SORT/512/1/iterations:1/repeats:50                    360 us          360 us            1 L1-dcache-loads=140.254k items_per_second=1.42113M/s
BM_BUBBLE_SORT/512/1/iterations:1/repeats:50                    331 us          331 us            1 L1-dcache-loads=140.197k items_per_second=1.54803M/s
BM_BUBBLE_SORT/512/1/iterations:1/repeats:50                    334 us          334 us            1 L1-dcache-loads=140.105k items_per_second=1.53204M/s
BM_BUBBLE_SORT/512/1/iterations:1/repeats:50                    356 us          356 us            1 L1-dcache-loads=140.596k items_per_second=1.43764M/s
BM_BUBBLE_SORT/512/1/iterations:1/repeats:50                    347 us          347 us            1 L1-dcache-loads=140.541k items_per_second=1.4738M/s
BM_BUBBLE_SORT/512/1/iterations:1/repeats:50                    351 us          351 us            1 L1-dcache-loads=140.618k items_per_second=1.45908M/s
BM_BUBBLE_SORT/512/1/iterations:1/repeats:50                    345 us          345 us            1 L1-dcache-loads=140.461k items_per_second=1.48452M/s
BM_BUBBLE_SORT/512/1/iterations:1/repeats:50                    333 us          333 us            1 L1-dcache-loads=140.611k items_per_second=1.53701M/s
BM_BUBBLE_SORT/512/1/iterations:1/repeats:50                    344 us          344 us            1 L1-dcache-loads=137.707k items_per_second=1.48708M/s
BM_BUBBLE_SORT/512/1/iterations:1/repeats:50                    342 us          342 us            1 L1-dcache-loads=140.281k items_per_second=1.49896M/s
BM_BUBBLE_SORT/512/1/iterations:1/repeats:50                    370 us          370 us            1 L1-dcache-loads=140.443k items_per_second=1.38376M/s
BM_BUBBLE_SORT/512/1/iterations:1/repeats:50                    351 us          351 us            1 L1-dcache-loads=140.604k items_per_second=1.46053M/s
BM_BUBBLE_SORT/512/1/iterations:1/repeats:50                    333 us          333 us            1 L1-dcache-loads=140.379k items_per_second=1.53673M/s
BM_BUBBLE_SORT/512/1/iterations:1/repeats:50                    352 us          352 us            1 L1-dcache-loads=139.967k items_per_second=1.45382M/s
BM_BUBBLE_SORT/512/1/iterations:1/repeats:50                    339 us          339 us            1 L1-dcache-loads=140.167k items_per_second=1.51193M/s
BM_BUBBLE_SORT/512/1/iterations:1/repeats:50                    338 us          338 us            1 L1-dcache-loads=140.226k items_per_second=1.51547M/s
BM_BUBBLE_SORT/512/1/iterations:1/repeats:50                    337 us          337 us            1 L1-dcache-loads=139.408k items_per_second=1.51791M/s
BM_BUBBLE_SORT/512/1/iterations:1/repeats:50                    338 us          338 us            1 L1-dcache-loads=140.422k items_per_second=1.51487M/s
BM_BUBBLE_SORT/512/1/iterations:1/repeats:50                    329 us          329 us            1 L1-dcache-loads=140.461k items_per_second=1.5556M/s
BM_BUBBLE_SORT/512/1/iterations:1/repeats:50                    339 us          339 us            1 L1-dcache-loads=140.168k items_per_second=1.51052M/s
BM_BUBBLE_SORT/512/1/iterations:1/repeats:50                    372 us          372 us            1 L1-dcache-loads=140.611k items_per_second=1.37466M/s
BM_BUBBLE_SORT/512/1/iterations:1/repeats:50                    356 us          356 us            1 L1-dcache-loads=140.442k items_per_second=1.43693M/s
BM_BUBBLE_SORT/512/1/iterations:1/repeats:50                    341 us          341 us            1 L1-dcache-loads=138.287k items_per_second=1.50067M/s
BM_BUBBLE_SORT/512/1/iterations:1/repeats:50                    350 us          350 us            1 L1-dcache-loads=140.401k items_per_second=1.46277M/s
BM_BUBBLE_SORT/512/1/iterations:1/repeats:50_mean               345 us          345 us           50 L1-dcache-loads=140.257k items_per_second=1.48479M/s
BM_BUBBLE_SORT/512/1/iterations:1/repeats:50_median             346 us          346 us           50 L1-dcache-loads=140.442k items_per_second=1.48146M/s
BM_BUBBLE_SORT/512/1/iterations:1/repeats:50_stddev            10.5 us         10.5 us           50 L1-dcache-loads=565.616 items_per_second=44.5798k/s
BM_BUBBLE_SORT/512/1/iterations:1/repeats:50_cv                3.03 %          3.03 %            50 L1-dcache-loads=0.40% items_per_second=3.00%
BM_BUBBLE_SORT/1024/1/iterations:1/repeats:50                  1298 us         1298 us            1 L1-dcache-loads=542.761k items_per_second=788.808k/s
BM_BUBBLE_SORT/1024/1/iterations:1/repeats:50                  1363 us         1363 us            1 L1-dcache-loads=542.886k items_per_second=751.463k/s
BM_BUBBLE_SORT/1024/1/iterations:1/repeats:50                  1299 us         1299 us            1 L1-dcache-loads=543.201k items_per_second=788.589k/s
BM_BUBBLE_SORT/1024/1/iterations:1/repeats:50                  1347 us         1340 us            1 L1-dcache-loads=543.202k items_per_second=764.157k/s
BM_BUBBLE_SORT/1024/1/iterations:1/repeats:50                  1321 us         1321 us            1 L1-dcache-loads=543.021k items_per_second=775.356k/s
BM_BUBBLE_SORT/1024/1/iterations:1/repeats:50                  1306 us         1306 us            1 L1-dcache-loads=541.995k items_per_second=784.083k/s
BM_BUBBLE_SORT/1024/1/iterations:1/repeats:50                  1296 us         1296 us            1 L1-dcache-loads=543.318k items_per_second=789.881k/s
BM_BUBBLE_SORT/1024/1/iterations:1/repeats:50                  1362 us         1362 us            1 L1-dcache-loads=542.916k items_per_second=752.099k/s
BM_BUBBLE_SORT/1024/1/iterations:1/repeats:50                  1343 us         1343 us            1 L1-dcache-loads=542.76k items_per_second=762.338k/s
BM_BUBBLE_SORT/1024/1/iterations:1/repeats:50                  1385 us         1385 us            1 L1-dcache-loads=542.461k items_per_second=739.452k/s
BM_BUBBLE_SORT/1024/1/iterations:1/repeats:50                  1339 us         1339 us            1 L1-dcache-loads=541.781k items_per_second=764.916k/s
BM_BUBBLE_SORT/1024/1/iterations:1/repeats:50                  1286 us         1286 us            1 L1-dcache-loads=543.285k items_per_second=796.486k/s
BM_BUBBLE_SORT/1024/1/iterations:1/repeats:50                  1317 us         1317 us            1 L1-dcache-loads=542.542k items_per_second=777.746k/s
BM_BUBBLE_SORT/1024/1/iterations:1/repeats:50                  1329 us         1329 us            1 L1-dcache-loads=542.793k items_per_second=770.511k/s
BM_BUBBLE_SORT/1024/1/iterations:1/repeats:50                  1327 us         1327 us            1 L1-dcache-loads=540.546k items_per_second=771.7k/s
BM_BUBBLE_SORT/1024/1/iterations:1/repeats:50                  1358 us         1358 us            1 L1-dcache-loads=543.256k items_per_second=754.316k/s
BM_BUBBLE_SORT/1024/1/iterations:1/repeats:50                  1327 us         1327 us            1 L1-dcache-loads=542.76k items_per_second=771.616k/s
BM_BUBBLE_SORT/1024/1/iterations:1/repeats:50                  1396 us         1396 us            1 L1-dcache-loads=542.886k items_per_second=733.566k/s
BM_BUBBLE_SORT/1024/1/iterations:1/repeats:50                  1359 us         1359 us            1 L1-dcache-loads=542.619k items_per_second=753.654k/s
BM_BUBBLE_SORT/1024/1/iterations:1/repeats:50                  1292 us         1292 us            1 L1-dcache-loads=542.541k items_per_second=792.597k/s
BM_BUBBLE_SORT/1024/1/iterations:1/repeats:50                  1370 us         1370 us            1 L1-dcache-loads=541.725k items_per_second=747.415k/s
BM_BUBBLE_SORT/1024/1/iterations:1/repeats:50                  1343 us         1343 us            1 L1-dcache-loads=542.971k items_per_second=762.468k/s
BM_BUBBLE_SORT/1024/1/iterations:1/repeats:50                  1352 us         1352 us            1 L1-dcache-loads=542.618k items_per_second=757.506k/s
BM_BUBBLE_SORT/1024/1/iterations:1/repeats:50                  1323 us         1323 us            1 L1-dcache-loads=542.046k items_per_second=774.061k/s
BM_BUBBLE_SORT/1024/1/iterations:1/repeats:50                  1352 us         1352 us            1 L1-dcache-loads=542.047k items_per_second=757.136k/s
BM_BUBBLE_SORT/1024/1/iterations:1/repeats:50                  1356 us         1356 us            1 L1-dcache-loads=542.58k items_per_second=755.329k/s
BM_BUBBLE_SORT/1024/1/iterations:1/repeats:50                  1341 us         1341 us            1 L1-dcache-loads=541.836k items_per_second=763.65k/s
BM_BUBBLE_SORT/1024/1/iterations:1/repeats:50                  1347 us         1347 us            1 L1-dcache-loads=542.241k items_per_second=760.066k/s
BM_BUBBLE_SORT/1024/1/iterations:1/repeats:50                  1319 us         1319 us            1 L1-dcache-loads=541.943k items_per_second=776.436k/s
BM_BUBBLE_SORT/1024/1/iterations:1/repeats:50                  1374 us         1374 us            1 L1-dcache-loads=542.825k items_per_second=745.508k/s
BM_BUBBLE_SORT/1024/1/iterations:1/repeats:50                  1358 us         1358 us            1 L1-dcache-loads=541.369k items_per_second=754.236k/s
BM_BUBBLE_SORT/1024/1/iterations:1/repeats:50                  1272 us         1272 us            1 L1-dcache-loads=540.318k items_per_second=805.111k/s
BM_BUBBLE_SORT/1024/1/iterations:1/repeats:50                  1334 us         1334 us            1 L1-dcache-loads=542.46k items_per_second=767.808k/s
BM_BUBBLE_SORT/1024/1/iterations:1/repeats:50                  1321 us         1321 us            1 L1-dcache-loads=543.294k items_per_second=774.925k/s
BM_BUBBLE_SORT/1024/1/iterations:1/repeats:50                  1324 us         1324 us            1 L1-dcache-loads=541.668k items_per_second=773.389k/s
BM_BUBBLE_SORT/1024/1/iterations:1/repeats:50                  1334 us         1334 us            1 L1-dcache-loads=541.725k items_per_second=767.576k/s
BM_BUBBLE_SORT/1024/1/iterations:1/repeats:50                  1349 us         1349 us            1 L1-dcache-loads=542.761k items_per_second=759.167k/s
BM_BUBBLE_SORT/1024/1/iterations:1/repeats:50                  1378 us         1378 us            1 L1-dcache-loads=543.045k items_per_second=743.191k/s
BM_BUBBLE_SORT/1024/1/iterations:1/repeats:50                  1365 us         1365 us            1 L1-dcache-loads=542.886k items_per_second=750.443k/s
BM_BUBBLE_SORT/1024/1/iterations:1/repeats:50                  1341 us         1341 us            1 L1-dcache-loads=543.301k items_per_second=763.707k/s
BM_BUBBLE_SORT/1024/1/iterations:1/repeats:50                  1344 us         1344 us            1 L1-dcache-loads=543.306k items_per_second=762.111k/s
BM_BUBBLE_SORT/1024/1/iterations:1/repeats:50                  1311 us         1311 us            1 L1-dcache-loads=540.471k items_per_second=780.884k/s
BM_BUBBLE_SORT/1024/1/iterations:1/repeats:50                  1292 us         1292 us            1 L1-dcache-loads=542.887k items_per_second=792.467k/s
BM_BUBBLE_SORT/1024/1/iterations:1/repeats:50                  1322 us         1322 us            1 L1-dcache-loads=542.58k items_per_second=774.849k/s
BM_BUBBLE_SORT/1024/1/iterations:1/repeats:50                  1300 us         1300 us            1 L1-dcache-loads=540.081k items_per_second=787.71k/s
BM_BUBBLE_SORT/1024/1/iterations:1/repeats:50                  1337 us         1337 us            1 L1-dcache-loads=542.971k items_per_second=765.925k/s
BM_BUBBLE_SORT/1024/1/iterations:1/repeats:50                  1346 us         1346 us            1 L1-dcache-loads=539.751k items_per_second=760.726k/s
BM_BUBBLE_SORT/1024/1/iterations:1/repeats:50                  1294 us         1294 us            1 L1-dcache-loads=542.24k items_per_second=791.231k/s
BM_BUBBLE_SORT/1024/1/iterations:1/repeats:50                  1313 us         1313 us            1 L1-dcache-loads=542.887k items_per_second=779.753k/s
BM_BUBBLE_SORT/1024/1/iterations:1/repeats:50                  1342 us         1342 us            1 L1-dcache-loads=543.3k items_per_second=763.306k/s
BM_BUBBLE_SORT/1024/1/iterations:1/repeats:50_mean             1334 us         1334 us           50 L1-dcache-loads=542.393k items_per_second=768.029k/s
BM_BUBBLE_SORT/1024/1/iterations:1/repeats:50_median           1338 us         1338 us           50 L1-dcache-loads=542.689k items_per_second=765.42k/s
BM_BUBBLE_SORT/1024/1/iterations:1/repeats:50_stddev           27.6 us         27.5 us           50 L1-dcache-loads=887.804 items_per_second=15.8848k/s
BM_BUBBLE_SORT/1024/1/iterations:1/repeats:50_cv               2.07 %          2.06 %            50 L1-dcache-loads=0.16% items_per_second=2.07%
BM_BUBBLE_SORT/2048/1/iterations:1/repeats:50                  5056 us         5056 us            1 L1-dcache-loads=2.12738M items_per_second=405.091k/s
BM_BUBBLE_SORT/2048/1/iterations:1/repeats:50                  5157 us         5157 us            1 L1-dcache-loads=2.13181M items_per_second=397.151k/s
BM_BUBBLE_SORT/2048/1/iterations:1/repeats:50                  5182 us         5182 us            1 L1-dcache-loads=2.13181M items_per_second=395.239k/s
BM_BUBBLE_SORT/2048/1/iterations:1/repeats:50                  5277 us         5277 us            1 L1-dcache-loads=2.13505M items_per_second=388.13k/s
BM_BUBBLE_SORT/2048/1/iterations:1/repeats:50                  5152 us         5152 us            1 L1-dcache-loads=2.13251M items_per_second=397.529k/s
BM_BUBBLE_SORT/2048/1/iterations:1/repeats:50                  5067 us         5067 us            1 L1-dcache-loads=2.13365M items_per_second=404.149k/s
BM_BUBBLE_SORT/2048/1/iterations:1/repeats:50                  5149 us         5149 us            1 L1-dcache-loads=2.13292M items_per_second=397.741k/s
BM_BUBBLE_SORT/2048/1/iterations:1/repeats:50                  5240 us         5240 us            1 L1-dcache-loads=2.1351M items_per_second=390.873k/s
BM_BUBBLE_SORT/2048/1/iterations:1/repeats:50                  5103 us         5103 us            1 L1-dcache-loads=2.13483M items_per_second=401.313k/s
BM_BUBBLE_SORT/2048/1/iterations:1/repeats:50                  5155 us         5155 us            1 L1-dcache-loads=2.13435M items_per_second=397.267k/s
BM_BUBBLE_SORT/2048/1/iterations:1/repeats:50                  5167 us         5167 us            1 L1-dcache-loads=2.13423M items_per_second=396.366k/s
BM_BUBBLE_SORT/2048/1/iterations:1/repeats:50                  5107 us         5107 us            1 L1-dcache-loads=2.13461M items_per_second=401.04k/s
BM_BUBBLE_SORT/2048/1/iterations:1/repeats:50                  5104 us         5100 us            1 L1-dcache-loads=2.13454M items_per_second=401.595k/s
BM_BUBBLE_SORT/2048/1/iterations:1/repeats:50                  5219 us         5219 us            1 L1-dcache-loads=2.13243M items_per_second=392.42k/s
BM_BUBBLE_SORT/2048/1/iterations:1/repeats:50                  5095 us         5095 us            1 L1-dcache-loads=2.13443M items_per_second=401.985k/s
BM_BUBBLE_SORT/2048/1/iterations:1/repeats:50                  5108 us         5108 us            1 L1-dcache-loads=2.13447M items_per_second=400.907k/s
BM_BUBBLE_SORT/2048/1/iterations:1/repeats:50                  5198 us         5198 us            1 L1-dcache-loads=2.13286M items_per_second=393.99k/s
BM_BUBBLE_SORT/2048/1/iterations:1/repeats:50                  5050 us         5049 us            1 L1-dcache-loads=2.13414M items_per_second=405.585k/s
BM_BUBBLE_SORT/2048/1/iterations:1/repeats:50                  5240 us         5240 us            1 L1-dcache-loads=2.13342M items_per_second=390.806k/s
BM_BUBBLE_SORT/2048/1/iterations:1/repeats:50                  5200 us         5200 us            1 L1-dcache-loads=2.13492M items_per_second=393.846k/s
BM_BUBBLE_SORT/2048/1/iterations:1/repeats:50                  5099 us         5099 us            1 L1-dcache-loads=2.1347M items_per_second=401.669k/s
BM_BUBBLE_SORT/2048/1/iterations:1/repeats:50                  5248 us         5248 us            1 L1-dcache-loads=2.13401M items_per_second=390.218k/s
BM_BUBBLE_SORT/2048/1/iterations:1/repeats:50                  5374 us         5374 us            1 L1-dcache-loads=2.13359M items_per_second=381.109k/s
BM_BUBBLE_SORT/2048/1/iterations:1/repeats:50                  5185 us         5185 us            1 L1-dcache-loads=2.13048M items_per_second=394.98k/s
BM_BUBBLE_SORT/2048/1/iterations:1/repeats:50                  5188 us         5188 us            1 L1-dcache-loads=2.13414M items_per_second=394.755k/s
BM_BUBBLE_SORT/2048/1/iterations:1/repeats:50                  5237 us         5237 us            1 L1-dcache-loads=2.13181M items_per_second=391.048k/s
BM_BUBBLE_SORT/2048/1/iterations:1/repeats:50                  5201 us         5201 us            1 L1-dcache-loads=2.1347M items_per_second=393.768k/s
BM_BUBBLE_SORT/2048/1/iterations:1/repeats:50                  5164 us         5164 us            1 L1-dcache-loads=2.13221M items_per_second=396.592k/s
BM_BUBBLE_SORT/2048/1/iterations:1/repeats:50                  5279 us         5279 us            1 L1-dcache-loads=2.13113M items_per_second=387.959k/s
BM_BUBBLE_SORT/2048/1/iterations:1/repeats:50                  5172 us         5172 us            1 L1-dcache-loads=2.13513M items_per_second=395.995k/s
BM_BUBBLE_SORT/2048/1/iterations:1/repeats:50                  5103 us         5103 us            1 L1-dcache-loads=2.13213M items_per_second=401.309k/s
BM_BUBBLE_SORT/2048/1/iterations:1/repeats:50                  5199 us         5199 us            1 L1-dcache-loads=2.13401M items_per_second=393.889k/s
BM_BUBBLE_SORT/2048/1/iterations:1/repeats:50                  5098 us         5098 us            1 L1-dcache-loads=2.13496M items_per_second=401.733k/s
BM_BUBBLE_SORT/2048/1/iterations:1/repeats:50                  5205 us         5204 us            1 L1-dcache-loads=2.13507M items_per_second=393.508k/s
BM_BUBBLE_SORT/2048/1/iterations:1/repeats:50                  5065 us         5065 us            1 L1-dcache-loads=2.1349M items_per_second=404.377k/s
BM_BUBBLE_SORT/2048/1/iterations:1/repeats:50                  5034 us         5034 us            1 L1-dcache-loads=2.1351M items_per_second=406.816k/s
BM_BUBBLE_SORT/2048/1/iterations:1/repeats:50                  5187 us         5187 us            1 L1-dcache-loads=2.12366M items_per_second=394.799k/s
BM_BUBBLE_SORT/2048/1/iterations:1/repeats:50                  5134 us         5134 us            1 L1-dcache-loads=2.13348M items_per_second=398.934k/s
BM_BUBBLE_SORT/2048/1/iterations:1/repeats:50                  5142 us         5142 us            1 L1-dcache-loads=2.1333M items_per_second=398.309k/s
BM_BUBBLE_SORT/2048/1/iterations:1/repeats:50                  5249 us         5249 us            1 L1-dcache-loads=2.1337M items_per_second=390.202k/s
BM_BUBBLE_SORT/2048/1/iterations:1/repeats:50                  5090 us         5090 us            1 L1-dcache-loads=2.13165M items_per_second=402.364k/s
BM_BUBBLE_SORT/2048/1/iterations:1/repeats:50                  5239 us         5239 us            1 L1-dcache-loads=2.13494M items_per_second=390.941k/s
BM_BUBBLE_SORT/2048/1/iterations:1/repeats:50                  5097 us         5097 us            1 L1-dcache-loads=2.13038M items_per_second=401.793k/s
BM_BUBBLE_SORT/2048/1/iterations:1/repeats:50                  5199 us         5199 us            1 L1-dcache-loads=2.13197M items_per_second=393.899k/s
BM_BUBBLE_SORT/2048/1/iterations:1/repeats:50                  5126 us         5126 us            1 L1-dcache-loads=2.13381M items_per_second=399.546k/s
BM_BUBBLE_SORT/2048/1/iterations:1/repeats:50                  5115 us         5115 us            1 L1-dcache-loads=2.13454M items_per_second=400.359k/s
BM_BUBBLE_SORT/2048/1/iterations:1/repeats:50                  5054 us         5054 us            1 L1-dcache-loads=2.13359M items_per_second=405.217k/s
BM_BUBBLE_SORT/2048/1/iterations:1/repeats:50                  5300 us         5300 us            1 L1-dcache-loads=2.1347M items_per_second=386.43k/s
BM_BUBBLE_SORT/2048/1/iterations:1/repeats:50                  5189 us         5189 us            1 L1-dcache-loads=2.13476M items_per_second=394.685k/s
BM_BUBBLE_SORT/2048/1/iterations:1/repeats:50                  5113 us         5113 us            1 L1-dcache-loads=2.13272M items_per_second=400.548k/s
BM_BUBBLE_SORT/2048/1/iterations:1/repeats:50_mean             5162 us         5162 us           50 L1-dcache-loads=2.13329M items_per_second=396.815k/s
BM_BUBBLE_SORT/2048/1/iterations:1/repeats:50_median           5160 us         5160 us           50 L1-dcache-loads=2.13391M items_per_second=396.871k/s
BM_BUBBLE_SORT/2048/1/iterations:1/repeats:50_stddev           72.9 us         73.0 us           50 L1-dcache-loads=2.0925k items_per_second=5.57893k/s
BM_BUBBLE_SORT/2048/1/iterations:1/repeats:50_cv               1.41 %          1.41 %            50 L1-dcache-loads=0.10% items_per_second=1.41%
BM_BUBBLE_SORT/4096/1/iterations:1/repeats:50                 19947 us        19947 us            1 L1-dcache-loads=8.46221M items_per_second=205.347k/s
BM_BUBBLE_SORT/4096/1/iterations:1/repeats:50                 20152 us        20152 us            1 L1-dcache-loads=8.45839M items_per_second=203.26k/s
BM_BUBBLE_SORT/4096/1/iterations:1/repeats:50                 20131 us        20131 us            1 L1-dcache-loads=8.46341M items_per_second=203.467k/s
BM_BUBBLE_SORT/4096/1/iterations:1/repeats:50                 20164 us        20163 us            1 L1-dcache-loads=8.45611M items_per_second=203.139k/s
BM_BUBBLE_SORT/4096/1/iterations:1/repeats:50                 20534 us        20534 us            1 L1-dcache-loads=8.4639M items_per_second=199.473k/s
BM_BUBBLE_SORT/4096/1/iterations:1/repeats:50                 20268 us        20267 us            1 L1-dcache-loads=8.46172M items_per_second=202.098k/s
BM_BUBBLE_SORT/4096/1/iterations:1/repeats:50                 20464 us        20461 us            1 L1-dcache-loads=8.45964M items_per_second=200.187k/s
BM_BUBBLE_SORT/4096/1/iterations:1/repeats:50                 20528 us        20528 us            1 L1-dcache-loads=8.4503M items_per_second=199.537k/s
BM_BUBBLE_SORT/4096/1/iterations:1/repeats:50                 20398 us        20398 us            1 L1-dcache-loads=8.45924M items_per_second=200.803k/s
BM_BUBBLE_SORT/4096/1/iterations:1/repeats:50                 20247 us        20245 us            1 L1-dcache-loads=8.46375M items_per_second=202.325k/s
BM_BUBBLE_SORT/4096/1/iterations:1/repeats:50                 20159 us        20159 us            1 L1-dcache-loads=8.45558M items_per_second=203.186k/s
BM_BUBBLE_SORT/4096/1/iterations:1/repeats:50                 20509 us        20509 us            1 L1-dcache-loads=8.45662M items_per_second=199.717k/s
BM_BUBBLE_SORT/4096/1/iterations:1/repeats:50                 20382 us        20378 us            1 L1-dcache-loads=8.46367M items_per_second=201.003k/s
BM_BUBBLE_SORT/4096/1/iterations:1/repeats:50                 20396 us        20396 us            1 L1-dcache-loads=8.46012M items_per_second=200.825k/s
BM_BUBBLE_SORT/4096/1/iterations:1/repeats:50                 20336 us        20336 us            1 L1-dcache-loads=8.45571M items_per_second=201.418k/s
BM_BUBBLE_SORT/4096/1/iterations:1/repeats:50                 20716 us        20713 us            1 L1-dcache-loads=8.45747M items_per_second=197.751k/s
BM_BUBBLE_SORT/4096/1/iterations:1/repeats:50                 20673 us        20673 us            1 L1-dcache-loads=8.46179M items_per_second=198.134k/s
BM_BUBBLE_SORT/4096/1/iterations:1/repeats:50                 20334 us        20334 us            1 L1-dcache-loads=8.45711M items_per_second=201.437k/s
BM_BUBBLE_SORT/4096/1/iterations:1/repeats:50                 20214 us        20212 us            1 L1-dcache-loads=8.45993M items_per_second=202.649k/s
BM_BUBBLE_SORT/4096/1/iterations:1/repeats:50                 20477 us        20477 us            1 L1-dcache-loads=8.45984M items_per_second=200.031k/s
BM_BUBBLE_SORT/4096/1/iterations:1/repeats:50                 20086 us        20086 us            1 L1-dcache-loads=8.46235M items_per_second=203.926k/s
BM_BUBBLE_SORT/4096/1/iterations:1/repeats:50                 20379 us        20378 us            1 L1-dcache-loads=8.4629M items_per_second=200.996k/s
BM_BUBBLE_SORT/4096/1/iterations:1/repeats:50                 20178 us        20178 us            1 L1-dcache-loads=8.46441M items_per_second=202.99k/s
BM_BUBBLE_SORT/4096/1/iterations:1/repeats:50                 20388 us        20388 us            1 L1-dcache-loads=8.46117M items_per_second=200.901k/s
BM_BUBBLE_SORT/4096/1/iterations:1/repeats:50                 20541 us        20541 us            1 L1-dcache-loads=8.45964M items_per_second=199.405k/s
BM_BUBBLE_SORT/4096/1/iterations:1/repeats:50                 20214 us        20212 us            1 L1-dcache-loads=8.46254M items_per_second=202.657k/s
BM_BUBBLE_SORT/4096/1/iterations:1/repeats:50                 20321 us        20321 us            1 L1-dcache-loads=8.46278M items_per_second=201.568k/s
BM_BUBBLE_SORT/4096/1/iterations:1/repeats:50                 20418 us        20418 us            1 L1-dcache-loads=8.46424M items_per_second=200.609k/s
BM_BUBBLE_SORT/4096/1/iterations:1/repeats:50                 20360 us        20360 us            1 L1-dcache-loads=8.45914M items_per_second=201.181k/s
BM_BUBBLE_SORT/4096/1/iterations:1/repeats:50                 20506 us        20505 us            1 L1-dcache-loads=8.4626M items_per_second=199.752k/s
BM_BUBBLE_SORT/4096/1/iterations:1/repeats:50                 20110 us        20110 us            1 L1-dcache-loads=8.46393M items_per_second=203.681k/s
BM_BUBBLE_SORT/4096/1/iterations:1/repeats:50                 20628 us        20627 us            1 L1-dcache-loads=8.46235M items_per_second=198.57k/s
BM_BUBBLE_SORT/4096/1/iterations:1/repeats:50                 20393 us        20393 us            1 L1-dcache-loads=8.46215M items_per_second=200.854k/s
BM_BUBBLE_SORT/4096/1/iterations:1/repeats:50                 20239 us        20239 us            1 L1-dcache-loads=8.45914M items_per_second=202.38k/s
BM_BUBBLE_SORT/4096/1/iterations:1/repeats:50                 20272 us        20270 us            1 L1-dcache-loads=8.46272M items_per_second=202.07k/s
BM_BUBBLE_SORT/4096/1/iterations:1/repeats:50                 20311 us        20311 us            1 L1-dcache-loads=8.46109M items_per_second=201.664k/s
BM_BUBBLE_SORT/4096/1/iterations:1/repeats:50                 20551 us        20551 us            1 L1-dcache-loads=8.45871M items_per_second=199.306k/s
BM_BUBBLE_SORT/4096/1/iterations:1/repeats:50                 20586 us        20434 us            1 L1-dcache-loads=8.45914M items_per_second=200.449k/s
BM_BUBBLE_SORT/4096/1/iterations:1/repeats:50                 21798 us        20378 us            1 L1-dcache-loads=8.45955M items_per_second=201.001k/s
BM_BUBBLE_SORT/4096/1/iterations:1/repeats:50                 20608 us        20608 us            1 L1-dcache-loads=8.45817M items_per_second=198.761k/s
BM_BUBBLE_SORT/4096/1/iterations:1/repeats:50                 20461 us        20461 us            1 L1-dcache-loads=8.46359M items_per_second=200.183k/s
BM_BUBBLE_SORT/4096/1/iterations:1/repeats:50                 20156 us        20156 us            1 L1-dcache-loads=8.46141M items_per_second=203.216k/s
BM_BUBBLE_SORT/4096/1/iterations:1/repeats:50                 20535 us        20534 us            1 L1-dcache-loads=8.45771M items_per_second=199.47k/s
BM_BUBBLE_SORT/4096/1/iterations:1/repeats:50                 20449 us        20449 us            1 L1-dcache-loads=8.45984M items_per_second=200.304k/s
BM_BUBBLE_SORT/4096/1/iterations:1/repeats:50                 20333 us        20333 us            1 L1-dcache-loads=8.46346M items_per_second=201.445k/s
BM_BUBBLE_SORT/4096/1/iterations:1/repeats:50                 20434 us        20434 us            1 L1-dcache-loads=8.46031M items_per_second=200.449k/s
BM_BUBBLE_SORT/4096/1/iterations:1/repeats:50                 20378 us        20378 us            1 L1-dcache-loads=8.45914M items_per_second=201.001k/s
BM_BUBBLE_SORT/4096/1/iterations:1/repeats:50                 20497 us        20496 us            1 L1-dcache-loads=8.46179M items_per_second=199.84k/s
BM_BUBBLE_SORT/4096/1/iterations:1/repeats:50                 20454 us        20454 us            1 L1-dcache-loads=8.46363M items_per_second=200.255k/s
BM_BUBBLE_SORT/4096/1/iterations:1/repeats:50                 20484 us        20484 us            1 L1-dcache-loads=8.46241M items_per_second=199.958k/s
BM_BUBBLE_SORT/4096/1/iterations:1/repeats:50_mean            20402 us        20370 us           50 L1-dcache-loads=8.46057M items_per_second=201.093k/s
BM_BUBBLE_SORT/4096/1/iterations:1/repeats:50_median          20391 us        20383 us           50 L1-dcache-loads=8.46113M items_per_second=200.949k/s
BM_BUBBLE_SORT/4096/1/iterations:1/repeats:50_stddev            261 us          163 us           50 L1-dcache-loads=2.84482k items_per_second=1.61738k/s
BM_BUBBLE_SORT/4096/1/iterations:1/repeats:50_cv               1.28 %          0.80 %            50 L1-dcache-loads=0.03% items_per_second=0.80%
BM_BUBBLE_SORT/8192/1/iterations:1/repeats:50                 81312 us        81176 us            1 L1-dcache-loads=33.7033M items_per_second=100.917k/s
BM_BUBBLE_SORT/8192/1/iterations:1/repeats:50                 80730 us        80729 us            1 L1-dcache-loads=33.7026M items_per_second=101.475k/s
BM_BUBBLE_SORT/8192/1/iterations:1/repeats:50                 81665 us        81662 us            1 L1-dcache-loads=33.7053M items_per_second=100.316k/s
BM_BUBBLE_SORT/8192/1/iterations:1/repeats:50                 80542 us        80539 us            1 L1-dcache-loads=33.6911M items_per_second=101.715k/s
BM_BUBBLE_SORT/8192/1/iterations:1/repeats:50                 81463 us        81461 us            1 L1-dcache-loads=33.692M items_per_second=100.564k/s
BM_BUBBLE_SORT/8192/1/iterations:1/repeats:50                 80186 us        80185 us            1 L1-dcache-loads=33.6878M items_per_second=102.163k/s
BM_BUBBLE_SORT/8192/1/iterations:1/repeats:50                 80471 us        80467 us            1 L1-dcache-loads=33.6999M items_per_second=101.806k/s
BM_BUBBLE_SORT/8192/1/iterations:1/repeats:50                 80901 us        80901 us            1 L1-dcache-loads=33.6753M items_per_second=101.26k/s
BM_BUBBLE_SORT/8192/1/iterations:1/repeats:50                 81127 us        81124 us            1 L1-dcache-loads=33.7003M items_per_second=100.981k/s
BM_BUBBLE_SORT/8192/1/iterations:1/repeats:50                 81147 us        81143 us            1 L1-dcache-loads=33.7061M items_per_second=100.958k/s
BM_BUBBLE_SORT/8192/1/iterations:1/repeats:50                 81449 us        81449 us            1 L1-dcache-loads=33.6998M items_per_second=100.579k/s
BM_BUBBLE_SORT/8192/1/iterations:1/repeats:50                 81075 us        81074 us            1 L1-dcache-loads=33.7061M items_per_second=101.043k/s
BM_BUBBLE_SORT/8192/1/iterations:1/repeats:50                 79741 us        79610 us            1 L1-dcache-loads=33.6918M items_per_second=102.902k/s
BM_BUBBLE_SORT/8192/1/iterations:1/repeats:50                 80856 us        80854 us            1 L1-dcache-loads=33.6956M items_per_second=101.318k/s
BM_BUBBLE_SORT/8192/1/iterations:1/repeats:50                 80293 us        80291 us            1 L1-dcache-loads=33.7026M items_per_second=102.029k/s
BM_BUBBLE_SORT/8192/1/iterations:1/repeats:50                 80842 us        80834 us            1 L1-dcache-loads=33.7053M items_per_second=101.343k/s
BM_BUBBLE_SORT/8192/1/iterations:1/repeats:50                 81341 us        81341 us            1 L1-dcache-loads=33.7017M items_per_second=100.712k/s
BM_BUBBLE_SORT/8192/1/iterations:1/repeats:50                 80019 us        80016 us            1 L1-dcache-loads=33.692M items_per_second=102.38k/s
BM_BUBBLE_SORT/8192/1/iterations:1/repeats:50                 79633 us        79633 us            1 L1-dcache-loads=33.7018M items_per_second=102.873k/s
BM_BUBBLE_SORT/8192/1/iterations:1/repeats:50                 80793 us        80793 us            1 L1-dcache-loads=33.6863M items_per_second=101.395k/s
BM_BUBBLE_SORT/8192/1/iterations:1/repeats:50                 81094 us        81091 us            1 L1-dcache-loads=33.6996M items_per_second=101.022k/s
BM_BUBBLE_SORT/8192/1/iterations:1/repeats:50                 79751 us        79750 us            1 L1-dcache-loads=33.7013M items_per_second=102.721k/s
BM_BUBBLE_SORT/8192/1/iterations:1/repeats:50                 80603 us        80455 us            1 L1-dcache-loads=33.6923M items_per_second=101.822k/s
BM_BUBBLE_SORT/8192/1/iterations:1/repeats:50                 80232 us        80232 us            1 L1-dcache-loads=33.6928M items_per_second=102.105k/s
BM_BUBBLE_SORT/8192/1/iterations:1/repeats:50                 81681 us        81680 us            1 L1-dcache-loads=33.6994M items_per_second=100.294k/s
BM_BUBBLE_SORT/8192/1/iterations:1/repeats:50                 80710 us        80551 us            1 L1-dcache-loads=33.696M items_per_second=101.699k/s
BM_BUBBLE_SORT/8192/1/iterations:1/repeats:50                 80844 us        80840 us            1 L1-dcache-loads=33.7061M items_per_second=101.336k/s
BM_BUBBLE_SORT/8192/1/iterations:1/repeats:50                 80651 us        80651 us            1 L1-dcache-loads=33.6714M items_per_second=101.574k/s
BM_BUBBLE_SORT/8192/1/iterations:1/repeats:50                 81276 us        81276 us            1 L1-dcache-loads=33.6982M items_per_second=100.793k/s
BM_BUBBLE_SORT/8192/1/iterations:1/repeats:50                 80016 us        80016 us            1 L1-dcache-loads=33.6567M items_per_second=102.38k/s
BM_BUBBLE_SORT/8192/1/iterations:1/repeats:50                 80706 us        80706 us            1 L1-dcache-loads=33.7021M items_per_second=101.505k/s
BM_BUBBLE_SORT/8192/1/iterations:1/repeats:50                 81202 us        81199 us            1 L1-dcache-loads=33.6996M items_per_second=100.888k/s
BM_BUBBLE_SORT/8192/1/iterations:1/repeats:50                 80169 us        80165 us            1 L1-dcache-loads=33.7003M items_per_second=102.189k/s
BM_BUBBLE_SORT/8192/1/iterations:1/repeats:50                 81794 us        81793 us            1 L1-dcache-loads=33.7041M items_per_second=100.155k/s
BM_BUBBLE_SORT/8192/1/iterations:1/repeats:50                 81149 us        81146 us            1 L1-dcache-loads=33.6889M items_per_second=100.954k/s
BM_BUBBLE_SORT/8192/1/iterations:1/repeats:50                 80177 us        80177 us            1 L1-dcache-loads=33.6997M items_per_second=102.174k/s
BM_BUBBLE_SORT/8192/1/iterations:1/repeats:50                 82112 us        82111 us            1 L1-dcache-loads=33.6934M items_per_second=99.7671k/s
BM_BUBBLE_SORT/8192/1/iterations:1/repeats:50                 80737 us        80736 us            1 L1-dcache-loads=33.7059M items_per_second=101.466k/s
BM_BUBBLE_SORT/8192/1/iterations:1/repeats:50                 80715 us        80554 us            1 L1-dcache-loads=33.7055M items_per_second=101.696k/s
BM_BUBBLE_SORT/8192/1/iterations:1/repeats:50                 81042 us        81041 us            1 L1-dcache-loads=33.6974M items_per_second=101.084k/s
BM_BUBBLE_SORT/8192/1/iterations:1/repeats:50                 81563 us        81559 us            1 L1-dcache-loads=33.6834M items_per_second=100.443k/s
BM_BUBBLE_SORT/8192/1/iterations:1/repeats:50                 81007 us        81006 us            1 L1-dcache-loads=33.6957M items_per_second=101.128k/s
BM_BUBBLE_SORT/8192/1/iterations:1/repeats:50                 81541 us        81539 us            1 L1-dcache-loads=33.6947M items_per_second=100.468k/s
BM_BUBBLE_SORT/8192/1/iterations:1/repeats:50                 81690 us        81690 us            1 L1-dcache-loads=33.7052M items_per_second=100.282k/s
BM_BUBBLE_SORT/8192/1/iterations:1/repeats:50                 81224 us        81224 us            1 L1-dcache-loads=33.702M items_per_second=100.857k/s
BM_BUBBLE_SORT/8192/1/iterations:1/repeats:50                 80550 us        80548 us            1 L1-dcache-loads=33.7036M items_per_second=101.704k/s
BM_BUBBLE_SORT/8192/1/iterations:1/repeats:50                 83851 us        82276 us            1 L1-dcache-loads=33.7036M items_per_second=99.5668k/s
BM_BUBBLE_SORT/8192/1/iterations:1/repeats:50                 80817 us        80817 us            1 L1-dcache-loads=33.7002M items_per_second=101.365k/s
BM_BUBBLE_SORT/8192/1/iterations:1/repeats:50                 80180 us        80180 us            1 L1-dcache-loads=33.697M items_per_second=102.17k/s
BM_BUBBLE_SORT/8192/1/iterations:1/repeats:50                 80632 us        80614 us            1 L1-dcache-loads=33.6704M items_per_second=101.62k/s
BM_BUBBLE_SORT/8192/1/iterations:1/repeats:50_mean            80906 us        80858 us           50 L1-dcache-loads=33.6963M items_per_second=101.319k/s
BM_BUBBLE_SORT/8192/1/iterations:1/repeats:50_median          80843 us        80837 us           50 L1-dcache-loads=33.6997M items_per_second=101.339k/s
BM_BUBBLE_SORT/8192/1/iterations:1/repeats:50_stddev            712 us          613 us           50 L1-dcache-loads=10.1941k items_per_second=768.359/s
BM_BUBBLE_SORT/8192/1/iterations:1/repeats:50_cv               0.88 %          0.76 %            50 L1-dcache-loads=0.03% items_per_second=0.76%
BM_BUBBLE_SORT/16384/1/iterations:1/repeats:50               323264 us       323128 us            1 L1-dcache-loads=134.477M items_per_second=50.7043k/s
BM_BUBBLE_SORT/16384/1/iterations:1/repeats:50               325634 us       325628 us            1 L1-dcache-loads=134.514M items_per_second=50.3151k/s
BM_BUBBLE_SORT/16384/1/iterations:1/repeats:50               324101 us       324092 us            1 L1-dcache-loads=134.492M items_per_second=50.5536k/s
BM_BUBBLE_SORT/16384/1/iterations:1/repeats:50               325621 us       325453 us            1 L1-dcache-loads=134.515M items_per_second=50.3421k/s
BM_BUBBLE_SORT/16384/1/iterations:1/repeats:50               326758 us       326750 us            1 L1-dcache-loads=134.477M items_per_second=50.1423k/s
BM_BUBBLE_SORT/16384/1/iterations:1/repeats:50               328335 us       328181 us            1 L1-dcache-loads=134.489M items_per_second=49.9236k/s
BM_BUBBLE_SORT/16384/1/iterations:1/repeats:50               323686 us       323550 us            1 L1-dcache-loads=134.516M items_per_second=50.6382k/s
BM_BUBBLE_SORT/16384/1/iterations:1/repeats:50               325212 us       325203 us            1 L1-dcache-loads=134.519M items_per_second=50.3808k/s
BM_BUBBLE_SORT/16384/1/iterations:1/repeats:50               327197 us       327191 us            1 L1-dcache-loads=134.496M items_per_second=50.0747k/s
BM_BUBBLE_SORT/16384/1/iterations:1/repeats:50               325048 us       324910 us            1 L1-dcache-loads=134.49M items_per_second=50.4262k/s
BM_BUBBLE_SORT/16384/1/iterations:1/repeats:50               324061 us       324057 us            1 L1-dcache-loads=134.493M items_per_second=50.559k/s
BM_BUBBLE_SORT/16384/1/iterations:1/repeats:50               327064 us       325487 us            1 L1-dcache-loads=134.487M items_per_second=50.3368k/s
BM_BUBBLE_SORT/16384/1/iterations:1/repeats:50               324287 us       324148 us            1 L1-dcache-loads=134.515M items_per_second=50.5449k/s
BM_BUBBLE_SORT/16384/1/iterations:1/repeats:50               325311 us       325305 us            1 L1-dcache-loads=134.504M items_per_second=50.3651k/s
BM_BUBBLE_SORT/16384/1/iterations:1/repeats:50               325170 us       325164 us            1 L1-dcache-loads=134.506M items_per_second=50.3869k/s
BM_BUBBLE_SORT/16384/1/iterations:1/repeats:50               324927 us       324762 us            1 L1-dcache-loads=134.505M items_per_second=50.4492k/s
BM_BUBBLE_SORT/16384/1/iterations:1/repeats:50               351443 us       327256 us            1 L1-dcache-loads=134.509M items_per_second=50.0649k/s
BM_BUBBLE_SORT/16384/1/iterations:1/repeats:50               328051 us       327900 us            1 L1-dcache-loads=134.51M items_per_second=49.9665k/s
BM_BUBBLE_SORT/16384/1/iterations:1/repeats:50               327907 us       327744 us            1 L1-dcache-loads=134.508M items_per_second=49.9903k/s
BM_BUBBLE_SORT/16384/1/iterations:1/repeats:50               325704 us       325698 us            1 L1-dcache-loads=134.52M items_per_second=50.3043k/s
BM_BUBBLE_SORT/16384/1/iterations:1/repeats:50               323642 us       323636 us            1 L1-dcache-loads=134.502M items_per_second=50.6248k/s
BM_BUBBLE_SORT/16384/1/iterations:1/repeats:50               324750 us       324742 us            1 L1-dcache-loads=134.497M items_per_second=50.4523k/s
BM_BUBBLE_SORT/16384/1/iterations:1/repeats:50               326079 us       325942 us            1 L1-dcache-loads=134.52M items_per_second=50.2665k/s
BM_BUBBLE_SORT/16384/1/iterations:1/repeats:50               325454 us       323872 us            1 L1-dcache-loads=134.509M items_per_second=50.5878k/s
BM_BUBBLE_SORT/16384/1/iterations:1/repeats:50               324692 us       324670 us            1 L1-dcache-loads=134.508M items_per_second=50.4635k/s
BM_BUBBLE_SORT/16384/1/iterations:1/repeats:50               323849 us       323713 us            1 L1-dcache-loads=134.518M items_per_second=50.6127k/s
BM_BUBBLE_SORT/16384/1/iterations:1/repeats:50               328562 us       328556 us            1 L1-dcache-loads=134.498M items_per_second=49.8667k/s
BM_BUBBLE_SORT/16384/1/iterations:1/repeats:50               324305 us       324299 us            1 L1-dcache-loads=134.503M items_per_second=50.5212k/s
BM_BUBBLE_SORT/16384/1/iterations:1/repeats:50               326642 us       326490 us            1 L1-dcache-loads=134.479M items_per_second=50.1822k/s
BM_BUBBLE_SORT/16384/1/iterations:1/repeats:50               322987 us       322834 us            1 L1-dcache-loads=134.512M items_per_second=50.7505k/s
BM_BUBBLE_SORT/16384/1/iterations:1/repeats:50               325162 us       325159 us            1 L1-dcache-loads=134.506M items_per_second=50.3877k/s
BM_BUBBLE_SORT/16384/1/iterations:1/repeats:50               324305 us       324170 us            1 L1-dcache-loads=134.519M items_per_second=50.5414k/s
BM_BUBBLE_SORT/16384/1/iterations:1/repeats:50               321263 us       321252 us            1 L1-dcache-loads=134.512M items_per_second=51.0004k/s
BM_BUBBLE_SORT/16384/1/iterations:1/repeats:50               325854 us       325847 us            1 L1-dcache-loads=134.507M items_per_second=50.2812k/s
BM_BUBBLE_SORT/16384/1/iterations:1/repeats:50               325193 us       324770 us            1 L1-dcache-loads=134.505M items_per_second=50.448k/s
BM_BUBBLE_SORT/16384/1/iterations:1/repeats:50               328758 us       327184 us            1 L1-dcache-loads=134.509M items_per_second=50.0758k/s
BM_BUBBLE_SORT/16384/1/iterations:1/repeats:50               325456 us       325449 us            1 L1-dcache-loads=134.509M items_per_second=50.3427k/s
BM_BUBBLE_SORT/16384/1/iterations:1/repeats:50               326407 us       326258 us            1 L1-dcache-loads=134.518M items_per_second=50.2179k/s
BM_BUBBLE_SORT/16384/1/iterations:1/repeats:50               328584 us       328580 us            1 L1-dcache-loads=134.511M items_per_second=49.8631k/s
BM_BUBBLE_SORT/16384/1/iterations:1/repeats:50               325719 us       325711 us            1 L1-dcache-loads=134.518M items_per_second=50.3022k/s
BM_BUBBLE_SORT/16384/1/iterations:1/repeats:50               328133 us       327953 us            1 L1-dcache-loads=134.514M items_per_second=49.9584k/s
BM_BUBBLE_SORT/16384/1/iterations:1/repeats:50               326958 us       326953 us            1 L1-dcache-loads=134.513M items_per_second=50.1112k/s
BM_BUBBLE_SORT/16384/1/iterations:1/repeats:50               324245 us       324094 us            1 L1-dcache-loads=134.492M items_per_second=50.5532k/s
BM_BUBBLE_SORT/16384/1/iterations:1/repeats:50               325061 us       325058 us            1 L1-dcache-loads=134.477M items_per_second=50.4033k/s
BM_BUBBLE_SORT/16384/1/iterations:1/repeats:50               323694 us       323528 us            1 L1-dcache-loads=134.514M items_per_second=50.6416k/s
BM_BUBBLE_SORT/16384/1/iterations:1/repeats:50               323857 us       323853 us            1 L1-dcache-loads=134.515M items_per_second=50.5909k/s
BM_BUBBLE_SORT/16384/1/iterations:1/repeats:50               324279 us       324269 us            1 L1-dcache-loads=134.521M items_per_second=50.5259k/s
BM_BUBBLE_SORT/16384/1/iterations:1/repeats:50               325025 us       324888 us            1 L1-dcache-loads=134.508M items_per_second=50.4296k/s
BM_BUBBLE_SORT/16384/1/iterations:1/repeats:50               326464 us       324880 us            1 L1-dcache-loads=134.52M items_per_second=50.4309k/s
BM_BUBBLE_SORT/16384/1/iterations:1/repeats:50               325963 us       325957 us            1 L1-dcache-loads=134.467M items_per_second=50.2642k/s
BM_BUBBLE_SORT/16384/1/iterations:1/repeats:50_mean          326002 us       325324 us           50 L1-dcache-loads=134.505M items_per_second=50.3633k/s
BM_BUBBLE_SORT/16384/1/iterations:1/repeats:50_median        325262 us       325161 us           50 L1-dcache-loads=134.508M items_per_second=50.3873k/s
BM_BUBBLE_SORT/16384/1/iterations:1/repeats:50_stddev          4012 us         1584 us           50 L1-dcache-loads=13.3771k items_per_second=245.044/s
BM_BUBBLE_SORT/16384/1/iterations:1/repeats:50_cv              1.23 %          0.49 %            50 L1-dcache-loads=0.01% items_per_second=0.49%
BM_BUBBLE_SORT/32768/1/iterations:1/repeats:50              1716341 us      1710828 us            1 L1-dcache-loads=537.454M items_per_second=19.1533k/s
BM_BUBBLE_SORT/32768/1/iterations:1/repeats:50              1716113 us      1715642 us            1 L1-dcache-loads=537.429M items_per_second=19.0996k/s
BM_BUBBLE_SORT/32768/1/iterations:1/repeats:50              1726455 us      1724839 us            1 L1-dcache-loads=537.477M items_per_second=18.9977k/s
BM_BUBBLE_SORT/32768/1/iterations:1/repeats:50              1719110 us      1718646 us            1 L1-dcache-loads=537.462M items_per_second=19.0662k/s
BM_BUBBLE_SORT/32768/1/iterations:1/repeats:50              1715583 us      1713699 us            1 L1-dcache-loads=537.472M items_per_second=19.1212k/s
BM_BUBBLE_SORT/32768/1/iterations:1/repeats:50              1721579 us      1721235 us            1 L1-dcache-loads=537.442M items_per_second=19.0375k/s
BM_BUBBLE_SORT/32768/1/iterations:1/repeats:50              1713664 us      1711882 us            1 L1-dcache-loads=537.451M items_per_second=19.1415k/s
BM_BUBBLE_SORT/32768/1/iterations:1/repeats:50              1748726 us      1724347 us            1 L1-dcache-loads=537.428M items_per_second=19.0031k/s
BM_BUBBLE_SORT/32768/1/iterations:1/repeats:50              1720780 us      1718891 us            1 L1-dcache-loads=537.461M items_per_second=19.0635k/s
BM_BUBBLE_SORT/32768/1/iterations:1/repeats:50              1720250 us      1720079 us            1 L1-dcache-loads=537.447M items_per_second=19.0503k/s
BM_BUBBLE_SORT/32768/1/iterations:1/repeats:50              1712322 us      1711829 us            1 L1-dcache-loads=537.467M items_per_second=19.1421k/s
BM_BUBBLE_SORT/32768/1/iterations:1/repeats:50              1714965 us      1713073 us            1 L1-dcache-loads=537.469M items_per_second=19.1282k/s
BM_BUBBLE_SORT/32768/1/iterations:1/repeats:50              1715592 us      1715282 us            1 L1-dcache-loads=537.464M items_per_second=19.1036k/s
BM_BUBBLE_SORT/32768/1/iterations:1/repeats:50              1705671 us      1703798 us            1 L1-dcache-loads=537.46M items_per_second=19.2323k/s
BM_BUBBLE_SORT/32768/1/iterations:1/repeats:50              1716488 us      1711000 us            1 L1-dcache-loads=537.405M items_per_second=19.1514k/s
BM_BUBBLE_SORT/32768/1/iterations:1/repeats:50              1727133 us      1725366 us            1 L1-dcache-loads=537.458M items_per_second=18.9919k/s
BM_BUBBLE_SORT/32768/1/iterations:1/repeats:50              1715240 us      1714934 us            1 L1-dcache-loads=537.41M items_per_second=19.1074k/s
BM_BUBBLE_SORT/32768/1/iterations:1/repeats:50              1717547 us      1717093 us            1 L1-dcache-loads=537.446M items_per_second=19.0834k/s
BM_BUBBLE_SORT/32768/1/iterations:1/repeats:50              1703200 us      1701459 us            1 L1-dcache-loads=537.477M items_per_second=19.2588k/s
BM_BUBBLE_SORT/32768/1/iterations:1/repeats:50              1721434 us      1720976 us            1 L1-dcache-loads=537.449M items_per_second=19.0404k/s
BM_BUBBLE_SORT/32768/1/iterations:1/repeats:50              1749391 us      1723377 us            1 L1-dcache-loads=537.449M items_per_second=19.0138k/s
BM_BUBBLE_SORT/32768/1/iterations:1/repeats:50              1719395 us      1719069 us            1 L1-dcache-loads=537.344M items_per_second=19.0615k/s
BM_BUBBLE_SORT/32768/1/iterations:1/repeats:50              1719167 us      1717293 us            1 L1-dcache-loads=537.339M items_per_second=19.0812k/s
BM_BUBBLE_SORT/32768/1/iterations:1/repeats:50              1712846 us      1712498 us            1 L1-dcache-loads=537.473M items_per_second=19.1346k/s
BM_BUBBLE_SORT/32768/1/iterations:1/repeats:50              1714058 us      1713722 us            1 L1-dcache-loads=537.457M items_per_second=19.1209k/s
BM_BUBBLE_SORT/32768/1/iterations:1/repeats:50              1730253 us      1728360 us            1 L1-dcache-loads=537.451M items_per_second=18.959k/s
BM_BUBBLE_SORT/32768/1/iterations:1/repeats:50              1717566 us      1716825 us            1 L1-dcache-loads=537.407M items_per_second=19.0864k/s
BM_BUBBLE_SORT/32768/1/iterations:1/repeats:50              1720909 us      1714117 us            1 L1-dcache-loads=537.446M items_per_second=19.1165k/s
BM_BUBBLE_SORT/32768/1/iterations:1/repeats:50              1709929 us      1709492 us            1 L1-dcache-loads=537.415M items_per_second=19.1683k/s
BM_BUBBLE_SORT/32768/1/iterations:1/repeats:50              1716378 us      1714492 us            1 L1-dcache-loads=537.452M items_per_second=19.1124k/s
BM_BUBBLE_SORT/32768/1/iterations:1/repeats:50              1728766 us      1728316 us            1 L1-dcache-loads=537.444M items_per_second=18.9595k/s
BM_BUBBLE_SORT/32768/1/iterations:1/repeats:50              1721591 us      1721140 us            1 L1-dcache-loads=537.471M items_per_second=19.0385k/s
BM_BUBBLE_SORT/32768/1/iterations:1/repeats:50              1716645 us      1714837 us            1 L1-dcache-loads=537.469M items_per_second=19.1085k/s
BM_BUBBLE_SORT/32768/1/iterations:1/repeats:50              1751876 us      1727413 us            1 L1-dcache-loads=537.458M items_per_second=18.9694k/s
BM_BUBBLE_SORT/32768/1/iterations:1/repeats:50              1715330 us      1713304 us            1 L1-dcache-loads=537.468M items_per_second=19.1256k/s
BM_BUBBLE_SORT/32768/1/iterations:1/repeats:50              1715731 us      1715245 us            1 L1-dcache-loads=537.467M items_per_second=19.104k/s
BM_BUBBLE_SORT/32768/1/iterations:1/repeats:50              1724064 us      1722091 us            1 L1-dcache-loads=537.439M items_per_second=19.028k/s
BM_BUBBLE_SORT/32768/1/iterations:1/repeats:50              1709999 us      1709829 us            1 L1-dcache-loads=537.468M items_per_second=19.1645k/s
BM_BUBBLE_SORT/32768/1/iterations:1/repeats:50              1727022 us      1726550 us            1 L1-dcache-loads=537.467M items_per_second=18.9789k/s
BM_BUBBLE_SORT/32768/1/iterations:1/repeats:50              1722580 us      1720713 us            1 L1-dcache-loads=537.466M items_per_second=19.0433k/s
BM_BUBBLE_SORT/32768/1/iterations:1/repeats:50              1705707 us      1705366 us            1 L1-dcache-loads=537.479M items_per_second=19.2146k/s
BM_BUBBLE_SORT/32768/1/iterations:1/repeats:50              1723667 us      1716568 us            1 L1-dcache-loads=537.468M items_per_second=19.0893k/s
BM_BUBBLE_SORT/32768/1/iterations:1/repeats:50              1704222 us      1703787 us            1 L1-dcache-loads=537.398M items_per_second=19.2325k/s
BM_BUBBLE_SORT/32768/1/iterations:1/repeats:50              1728732 us      1726970 us            1 L1-dcache-loads=537.476M items_per_second=18.9743k/s
BM_BUBBLE_SORT/32768/1/iterations:1/repeats:50              1722349 us      1722016 us            1 L1-dcache-loads=537.473M items_per_second=19.0289k/s
BM_BUBBLE_SORT/32768/1/iterations:1/repeats:50              1712232 us      1711794 us            1 L1-dcache-loads=537.475M items_per_second=19.1425k/s
BM_BUBBLE_SORT/32768/1/iterations:1/repeats:50              1716190 us      1714416 us            1 L1-dcache-loads=537.467M items_per_second=19.1132k/s
BM_BUBBLE_SORT/32768/1/iterations:1/repeats:50              1730041 us      1705582 us            1 L1-dcache-loads=537.479M items_per_second=19.2122k/s
BM_BUBBLE_SORT/32768/1/iterations:1/repeats:50              1714530 us      1712634 us            1 L1-dcache-loads=537.462M items_per_second=19.1331k/s
BM_BUBBLE_SORT/32768/1/iterations:1/repeats:50              1708146 us      1707817 us            1 L1-dcache-loads=537.469M items_per_second=19.1871k/s
BM_BUBBLE_SORT/32768/1/iterations:1/repeats:50_mean         1719550 us      1716211 us           50 L1-dcache-loads=537.45M items_per_second=19.0935k/s
BM_BUBBLE_SORT/32768/1/iterations:1/repeats:50_median       1717096 us      1715264 us           50 L1-dcache-loads=537.461M items_per_second=19.1038k/s
BM_BUBBLE_SORT/32768/1/iterations:1/repeats:50_stddev         10127 us         6727 us           50 L1-dcache-loads=30.2491k items_per_second=74.8644/s
BM_BUBBLE_SORT/32768/1/iterations:1/repeats:50_cv              0.59 %          0.39 %            50 L1-dcache-loads=0.01% items_per_second=0.39%
---- Running Tests ----
[==========] Running 6 tests from 2 test suites.
[----------] Global test environment set-up.
[----------] 3 tests from SelectionSortTest
[ RUN      ] SelectionSortTest.SortRandomArray
[       OK ] SelectionSortTest.SortRandomArray (0 ms)
[ RUN      ] SelectionSortTest.SortAlreadySortedArray
[       OK ] SelectionSortTest.SortAlreadySortedArray (0 ms)
[ RUN      ] SelectionSortTest.SortReverseSortedArray
[       OK ] SelectionSortTest.SortReverseSortedArray (0 ms)
[----------] 3 tests from SelectionSortTest (0 ms total)

[----------] 3 tests from BubbleSortTest
[ RUN      ] BubbleSortTest.SortArrayWithDuplicates
[       OK ] BubbleSortTest.SortArrayWithDuplicates (0 ms)
[ RUN      ] BubbleSortTest.SortSingleElementArray
[       OK ] BubbleSortTest.SortSingleElementArray (0 ms)
[ RUN      ] BubbleSortTest.SortNegativeNumbers
[       OK ] BubbleSortTest.SortNegativeNumbers (0 ms)
[----------] 3 tests from BubbleSortTest (0 ms total)

[----------] Global test environment tear-down
[==========] 6 tests from 2 test suites ran. (0 ms total)
[  PASSED  ] 6 tests.
---- Plotting ----
Requirement already satisfied: numpy in ./venv/lib/python3.12/site-packages (from -r /home/englisb/lab-01-4sp4-2025-13/script/requirements.txt (line 1)) (2.3.3)
Requirement already satisfied: matplotlib in ./venv/lib/python3.12/site-packages (from -r /home/englisb/lab-01-4sp4-2025-13/script/requirements.txt (line 2)) (3.10.6)
Requirement already satisfied: contourpy>=1.0.1 in ./venv/lib/python3.12/site-packages (from matplotlib->-r /home/englisb/lab-01-4sp4-2025-13/script/requirements.txt (line 2)) (1.3.3)
Requirement already satisfied: cycler>=0.10 in ./venv/lib/python3.12/site-packages (from matplotlib->-r /home/englisb/lab-01-4sp4-2025-13/script/requirements.txt (line 2)) (0.12.1)
Requirement already satisfied: fonttools>=4.22.0 in ./venv/lib/python3.12/site-packages (from matplotlib->-r /home/englisb/lab-01-4sp4-2025-13/script/requirements.txt (line 2)) (4.60.0)
Requirement already satisfied: kiwisolver>=1.3.1 in ./venv/lib/python3.12/site-packages (from matplotlib->-r /home/englisb/lab-01-4sp4-2025-13/script/requirements.txt (line 2)) (1.4.9)
Requirement already satisfied: packaging>=20.0 in ./venv/lib/python3.12/site-packages (from matplotlib->-r /home/englisb/lab-01-4sp4-2025-13/script/requirements.txt (line 2)) (25.0)
Requirement already satisfied: pillow>=8 in ./venv/lib/python3.12/site-packages (from matplotlib->-r /home/englisb/lab-01-4sp4-2025-13/script/requirements.txt (line 2)) (11.3.0)
Requirement already satisfied: pyparsing>=2.3.1 in ./venv/lib/python3.12/site-packages (from matplotlib->-r /home/englisb/lab-01-4sp4-2025-13/script/requirements.txt (line 2)) (3.2.5)
Requirement already satisfied: python-dateutil>=2.7 in ./venv/lib/python3.12/site-packages (from matplotlib->-r /home/englisb/lab-01-4sp4-2025-13/script/requirements.txt (line 2)) (2.9.0.post0)
Requirement already satisfied: six>=1.5 in ./venv/lib/python3.12/site-packages (from python-dateutil>=2.7->matplotlib->-r /home/englisb/lab-01-4sp4-2025-13/script/requirements.txt (line 2)) (1.17.0)
